pname,patch_id,Similarity_Score,rdist,class3,fixed_path,warped_path
89M2100212,89M2100212_9_19,0,0,0,/trinity/home/m.romanov/benchmarking/datasets/MIST_HER2/trainA/HE/89M2100212_9_19.jpg,/trinity/home/m.romanov/benchmarking/datasets/MIST_HER2/trainB/IHC/89M2100212_9_19.jpg
89M2100212,89M2100212_10_25,0,0,0,/trinity/home/m.romanov/benchmarking/datasets/MIST_HER2/trainA/HE/89M2100212_10_25.jpg,/trinity/home/m.romanov/benchmarking/datasets/MIST_HER2/trainB/IHC/89M2100212_10_25.jpg
89M2100212,89M2100212_10_11,0,0,0,/trinity/home/m.romanov/benchmarking/datasets/MIST_HER2/trainA/HE/89M2100212_10_11.jpg,/trinity/home/m.romanov/benchmarking/datasets/MIST_HER2/trainB/IHC/89M2100212_10_11.jpg
12M2102884,12M2102884_9_10,0,0,0,/trinity/home/m.romanov/benchmarking/datasets/MIST_HER2/trainA/HE/12M2102884_9_10.jpg,/trinity/home/m.romanov/benchmarking/datasets/MIST_HER2/trainB/IHC/12M2102884_9_10.jpg
15M2102762,15M2102762_15_20,0,0,0,/trinity/home/m.romanov/benchmarking/datasets/MIST_HER2/trainA/HE/15M2102762_15_20.jpg,/trinity/home/m.romanov/benchmarking/datasets/MIST_HER2/trainB/IHC/15M2102762_15_20.jpg
12M2102884,12M2102884_7_8,0,0,0,/trinity/home/m.romanov/benchmarking/datasets/MIST_HER2/trainA/HE/12M2102884_7_8.jpg,/trinity/home/m.romanov/benchmarking/datasets/MIST_HER2/trainB/IHC/12M2102884_7_8.jpg
89M2100212,89M2100212_4_14,0,0,0,/trinity/home/m.romanov/benchmarking/datasets/MIST_HER2/trainA/HE/89M2100212_4_14.jpg,/trinity/home/m.romanov/benchmarking/datasets/MIST_HER2/trainB/IHC/89M2100212_4_14.jpg
89M2100212,89M2100212_8_10,0,0,0,/trinity/home/m.romanov/benchmarking/datasets/MIST_HER2/trainA/HE/89M2100212_8_10.jpg,/trinity/home/m.romanov/benchmarking/datasets/MIST_HER2/trainB/IHC/89M2100212_8_10.jpg
15M2102762,15M2102762_3_22,0,0,0,/trinity/home/m.romanov/benchmarking/datasets/MIST_HER2/trainA/HE/15M2102762_3_22.jpg,/trinity/home/m.romanov/benchmarking/datasets/MIST_HER2/trainB/IHC/15M2102762_3_22.jpg
12M2102884,12M2102884_9_8,0,0,0,/trinity/home/m.romanov/benchmarking/datasets/MIST_HER2/trainA/HE/12M2102884_9_8.jpg,/trinity/home/m.romanov/benchmarking/datasets/MIST_HER2/trainB/IHC/12M2102884_9_8.jpg
89M2100212,89M2100212_11_8,0,0,0,/trinity/home/m.romanov/benchmarking/datasets/MIST_HER2/trainA/HE/89M2100212_11_8.jpg,/trinity/home/m.romanov/benchmarking/datasets/MIST_HER2/trainB/IHC/89M2100212_11_8.jpg
39M2101576,39M2101576_18_26,0,0,0,/trinity/home/m.romanov/benchmarking/datasets/MIST_HER2/trainA/HE/39M2101576_18_26.jpg,/trinity/home/m.romanov/benchmarking/datasets/MIST_HER2/trainB/IHC/39M2101576_18_26.jpg
15M2102762,15M2102762_19_5,0,0,0,/trinity/home/m.romanov/benchmarking/datasets/MIST_HER2/trainA/HE/15M2102762_19_5.jpg,/trinity/home/m.romanov/benchmarking/datasets/MIST_HER2/trainB/IHC/15M2102762_19_5.jpg
12M2102884,12M2102884_10_8,0,0,0,/trinity/home/m.romanov/benchmarking/datasets/MIST_HER2/trainA/HE/12M2102884_10_8.jpg,/trinity/home/m.romanov/benchmarking/datasets/MIST_HER2/trainB/IHC/12M2102884_10_8.jpg
40M2101566,40M2101566_24_35,0,0,0,/trinity/home/m.romanov/benchmarking/datasets/MIST_HER2/trainA/HE/40M2101566_24_35.jpg,/trinity/home/m.romanov/benchmarking/datasets/MIST_HER2/trainB/IHC/40M2101566_24_35.jpg
12M2102884,12M2102884_18_5,0,0,0,/trinity/home/m.romanov/benchmarking/datasets/MIST_HER2/trainA/HE/12M2102884_18_5.jpg,/trinity/home/m.romanov/benchmarking/datasets/MIST_HER2/trainB/IHC/12M2102884_18_5.jpg
22M2102266,22M2102266_17_13,0,0,0,/trinity/home/m.romanov/benchmarking/datasets/MIST_HER2/trainA/HE/22M2102266_17_13.jpg,/trinity/home/m.romanov/benchmarking/datasets/MIST_HER2/trainB/IHC/22M2102266_17_13.jpg
12M2102884,12M2102884_19_5,0,0,0,/trinity/home/m.romanov/benchmarking/datasets/MIST_HER2/trainA/HE/12M2102884_19_5.jpg,/trinity/home/m.romanov/benchmarking/datasets/MIST_HER2/trainB/IHC/12M2102884_19_5.jpg
89M2100212,89M2100212_13_12,0,0,0,/trinity/home/m.romanov/benchmarking/datasets/MIST_HER2/trainA/HE/89M2100212_13_12.jpg,/trinity/home/m.romanov/benchmarking/datasets/MIST_HER2/trainB/IHC/89M2100212_13_12.jpg
89M2100212,89M2100212_14_12,0,0,0,/trinity/home/m.romanov/benchmarking/datasets/MIST_HER2/trainA/HE/89M2100212_14_12.jpg,/trinity/home/m.romanov/benchmarking/datasets/MIST_HER2/trainB/IHC/89M2100212_14_12.jpg
89M2100212,89M2100212_6_19,0,0,0,/trinity/home/m.romanov/benchmarking/datasets/MIST_HER2/trainA/HE/89M2100212_6_19.jpg,/trinity/home/m.romanov/benchmarking/datasets/MIST_HER2/trainB/IHC/89M2100212_6_19.jpg
89M2100212,89M2100212_8_16,0,0,0,/trinity/home/m.romanov/benchmarking/datasets/MIST_HER2/trainA/HE/89M2100212_8_16.jpg,/trinity/home/m.romanov/benchmarking/datasets/MIST_HER2/trainB/IHC/89M2100212_8_16.jpg
89M2100212,89M2100212_6_22,0,0,0,/trinity/home/m.romanov/benchmarking/datasets/MIST_HER2/trainA/HE/89M2100212_6_22.jpg,/trinity/home/m.romanov/benchmarking/datasets/MIST_HER2/trainB/IHC/89M2100212_6_22.jpg
89M2100212,89M2100212_6_14,0,0,0,/trinity/home/m.romanov/benchmarking/datasets/MIST_HER2/trainA/HE/89M2100212_6_14.jpg,/trinity/home/m.romanov/benchmarking/datasets/MIST_HER2/trainB/IHC/89M2100212_6_14.jpg
12M2102884,12M2102884_27_4,0,0,0,/trinity/home/m.romanov/benchmarking/datasets/MIST_HER2/trainA/HE/12M2102884_27_4.jpg,/trinity/home/m.romanov/benchmarking/datasets/MIST_HER2/trainB/IHC/12M2102884_27_4.jpg
57M2101034,57M2101034_10_4,0,0,0,/trinity/home/m.romanov/benchmarking/datasets/MIST_HER2/trainA/HE/57M2101034_10_4.jpg,/trinity/home/m.romanov/benchmarking/datasets/MIST_HER2/trainB/IHC/57M2101034_10_4.jpg
15M2102762,15M2102762_21_5,0,0,0,/trinity/home/m.romanov/benchmarking/datasets/MIST_HER2/trainA/HE/15M2102762_21_5.jpg,/trinity/home/m.romanov/benchmarking/datasets/MIST_HER2/trainB/IHC/15M2102762_21_5.jpg
89M2100212,89M2100212_12_19,0,0,0,/trinity/home/m.romanov/benchmarking/datasets/MIST_HER2/trainA/HE/89M2100212_12_19.jpg,/trinity/home/m.romanov/benchmarking/datasets/MIST_HER2/trainB/IHC/89M2100212_12_19.jpg
89M2100212,89M2100212_7_22,0,0,0,/trinity/home/m.romanov/benchmarking/datasets/MIST_HER2/trainA/HE/89M2100212_7_22.jpg,/trinity/home/m.romanov/benchmarking/datasets/MIST_HER2/trainB/IHC/89M2100212_7_22.jpg
89M2100212,89M2100212_5_12,0,0,0,/trinity/home/m.romanov/benchmarking/datasets/MIST_HER2/trainA/HE/89M2100212_5_12.jpg,/trinity/home/m.romanov/benchmarking/datasets/MIST_HER2/trainB/IHC/89M2100212_5_12.jpg
89M2100212,89M2100212_16_10,0,0,0,/trinity/home/m.romanov/benchmarking/datasets/MIST_HER2/trainA/HE/89M2100212_16_10.jpg,/trinity/home/m.romanov/benchmarking/datasets/MIST_HER2/trainB/IHC/89M2100212_16_10.jpg
40M2101566,40M2101566_38_31,0,0,0,/trinity/home/m.romanov/benchmarking/datasets/MIST_HER2/trainA/HE/40M2101566_38_31.jpg,/trinity/home/m.romanov/benchmarking/datasets/MIST_HER2/trainB/IHC/40M2101566_38_31.jpg
89M2100212,89M2100212_13_23,0,0,0,/trinity/home/m.romanov/benchmarking/datasets/MIST_HER2/trainA/HE/89M2100212_13_23.jpg,/trinity/home/m.romanov/benchmarking/datasets/MIST_HER2/trainB/IHC/89M2100212_13_23.jpg
89M2100212,89M2100212_7_17,0,0,0,/trinity/home/m.romanov/benchmarking/datasets/MIST_HER2/trainA/HE/89M2100212_7_17.jpg,/trinity/home/m.romanov/benchmarking/datasets/MIST_HER2/trainB/IHC/89M2100212_7_17.jpg
89M2100212,89M2100212_6_17,0,0,0,/trinity/home/m.romanov/benchmarking/datasets/MIST_HER2/trainA/HE/89M2100212_6_17.jpg,/trinity/home/m.romanov/benchmarking/datasets/MIST_HER2/trainB/IHC/89M2100212_6_17.jpg
12M2102884,12M2102884_10_9,0,0,0,/trinity/home/m.romanov/benchmarking/datasets/MIST_HER2/trainA/HE/12M2102884_10_9.jpg,/trinity/home/m.romanov/benchmarking/datasets/MIST_HER2/trainB/IHC/12M2102884_10_9.jpg
93M2100147,93M2100147_13_24,0,0,0,/trinity/home/m.romanov/benchmarking/datasets/MIST_HER2/trainA/HE/93M2100147_13_24.jpg,/trinity/home/m.romanov/benchmarking/datasets/MIST_HER2/trainB/IHC/93M2100147_13_24.jpg
12M2102884,12M2102884_17_4,0,0,0,/trinity/home/m.romanov/benchmarking/datasets/MIST_HER2/trainA/HE/12M2102884_17_4.jpg,/trinity/home/m.romanov/benchmarking/datasets/MIST_HER2/trainB/IHC/12M2102884_17_4.jpg
89M2100212,89M2100212_11_12,0,0,0,/trinity/home/m.romanov/benchmarking/datasets/MIST_HER2/trainA/HE/89M2100212_11_12.jpg,/trinity/home/m.romanov/benchmarking/datasets/MIST_HER2/trainB/IHC/89M2100212_11_12.jpg
89M2100212,89M2100212_10_21,0,0,0,/trinity/home/m.romanov/benchmarking/datasets/MIST_HER2/trainA/HE/89M2100212_10_21.jpg,/trinity/home/m.romanov/benchmarking/datasets/MIST_HER2/trainB/IHC/89M2100212_10_21.jpg
52M2101275,52M2101275_12_7,0,0,0,/trinity/home/m.romanov/benchmarking/datasets/MIST_HER2/trainA/HE/52M2101275_12_7.jpg,/trinity/home/m.romanov/benchmarking/datasets/MIST_HER2/trainB/IHC/52M2101275_12_7.jpg
48M2101314,48M2101314_5_29,0,0,0,/trinity/home/m.romanov/benchmarking/datasets/MIST_HER2/trainA/HE/48M2101314_5_29.jpg,/trinity/home/m.romanov/benchmarking/datasets/MIST_HER2/trainB/IHC/48M2101314_5_29.jpg
89M2100212,89M2100212_5_14,0,0,0,/trinity/home/m.romanov/benchmarking/datasets/MIST_HER2/trainA/HE/89M2100212_5_14.jpg,/trinity/home/m.romanov/benchmarking/datasets/MIST_HER2/trainB/IHC/89M2100212_5_14.jpg
12M2102884,12M2102884_8_7,0,0,0,/trinity/home/m.romanov/benchmarking/datasets/MIST_HER2/trainA/HE/12M2102884_8_7.jpg,/trinity/home/m.romanov/benchmarking/datasets/MIST_HER2/trainB/IHC/12M2102884_8_7.jpg
89M2100212,89M2100212_5_13,0,0,0,/trinity/home/m.romanov/benchmarking/datasets/MIST_HER2/trainA/HE/89M2100212_5_13.jpg,/trinity/home/m.romanov/benchmarking/datasets/MIST_HER2/trainB/IHC/89M2100212_5_13.jpg
89M2100212,89M2100212_3_14,0,0,0,/trinity/home/m.romanov/benchmarking/datasets/MIST_HER2/trainA/HE/89M2100212_3_14.jpg,/trinity/home/m.romanov/benchmarking/datasets/MIST_HER2/trainB/IHC/89M2100212_3_14.jpg
89M2100212,89M2100212_16_18,0,0,0,/trinity/home/m.romanov/benchmarking/datasets/MIST_HER2/trainA/HE/89M2100212_16_18.jpg,/trinity/home/m.romanov/benchmarking/datasets/MIST_HER2/trainB/IHC/89M2100212_16_18.jpg
89M2100212,89M2100212_9_20,0,0,0,/trinity/home/m.romanov/benchmarking/datasets/MIST_HER2/trainA/HE/89M2100212_9_20.jpg,/trinity/home/m.romanov/benchmarking/datasets/MIST_HER2/trainB/IHC/89M2100212_9_20.jpg
12M2102884,12M2102884_19_4,0,0,0,/trinity/home/m.romanov/benchmarking/datasets/MIST_HER2/trainA/HE/12M2102884_19_4.jpg,/trinity/home/m.romanov/benchmarking/datasets/MIST_HER2/trainB/IHC/12M2102884_19_4.jpg
12M2102884,12M2102884_9_9,0,0,0,/trinity/home/m.romanov/benchmarking/datasets/MIST_HER2/trainA/HE/12M2102884_9_9.jpg,/trinity/home/m.romanov/benchmarking/datasets/MIST_HER2/trainB/IHC/12M2102884_9_9.jpg
92M2100150,92M2100150_12_28,0,0,0,/trinity/home/m.romanov/benchmarking/datasets/MIST_HER2/trainA/HE/92M2100150_12_28.jpg,/trinity/home/m.romanov/benchmarking/datasets/MIST_HER2/trainB/IHC/92M2100150_12_28.jpg
12M2102884,12M2102884_9_7,0,0,0,/trinity/home/m.romanov/benchmarking/datasets/MIST_HER2/trainA/HE/12M2102884_9_7.jpg,/trinity/home/m.romanov/benchmarking/datasets/MIST_HER2/trainB/IHC/12M2102884_9_7.jpg
89M2100212,89M2100212_11_11,0,0,0,/trinity/home/m.romanov/benchmarking/datasets/MIST_HER2/trainA/HE/89M2100212_11_11.jpg,/trinity/home/m.romanov/benchmarking/datasets/MIST_HER2/trainB/IHC/89M2100212_11_11.jpg
89M2100212,89M2100212_12_1,0,0,0,/trinity/home/m.romanov/benchmarking/datasets/MIST_HER2/trainA/HE/89M2100212_12_1.jpg,/trinity/home/m.romanov/benchmarking/datasets/MIST_HER2/trainB/IHC/89M2100212_12_1.jpg
40M2101566,40M2101566_25_24,0,0,0,/trinity/home/m.romanov/benchmarking/datasets/MIST_HER2/trainA/HE/40M2101566_25_24.jpg,/trinity/home/m.romanov/benchmarking/datasets/MIST_HER2/trainB/IHC/40M2101566_25_24.jpg
12M2102884,12M2102884_17_5,0,0,0,/trinity/home/m.romanov/benchmarking/datasets/MIST_HER2/trainA/HE/12M2102884_17_5.jpg,/trinity/home/m.romanov/benchmarking/datasets/MIST_HER2/trainB/IHC/12M2102884_17_5.jpg
89M2100212,89M2100212_12_25,0,0,0,/trinity/home/m.romanov/benchmarking/datasets/MIST_HER2/trainA/HE/89M2100212_12_25.jpg,/trinity/home/m.romanov/benchmarking/datasets/MIST_HER2/trainB/IHC/89M2100212_12_25.jpg
89M2100212,89M2100212_10_9,0,0,0,/trinity/home/m.romanov/benchmarking/datasets/MIST_HER2/trainA/HE/89M2100212_10_9.jpg,/trinity/home/m.romanov/benchmarking/datasets/MIST_HER2/trainB/IHC/89M2100212_10_9.jpg
89M2100212,89M2100212_13_6,0,0,0,/trinity/home/m.romanov/benchmarking/datasets/MIST_HER2/trainA/HE/89M2100212_13_6.jpg,/trinity/home/m.romanov/benchmarking/datasets/MIST_HER2/trainB/IHC/89M2100212_13_6.jpg
89M2100212,89M2100212_7_15,0,0,0,/trinity/home/m.romanov/benchmarking/datasets/MIST_HER2/trainA/HE/89M2100212_7_15.jpg,/trinity/home/m.romanov/benchmarking/datasets/MIST_HER2/trainB/IHC/89M2100212_7_15.jpg
40M2101566,40M2101566_38_32,0,0,0,/trinity/home/m.romanov/benchmarking/datasets/MIST_HER2/trainA/HE/40M2101566_38_32.jpg,/trinity/home/m.romanov/benchmarking/datasets/MIST_HER2/trainB/IHC/40M2101566_38_32.jpg
57M2101034,57M2101034_8_13,0,0,0,/trinity/home/m.romanov/benchmarking/datasets/MIST_HER2/trainA/HE/57M2101034_8_13.jpg,/trinity/home/m.romanov/benchmarking/datasets/MIST_HER2/trainB/IHC/57M2101034_8_13.jpg
89M2100212,89M2100212_7_16,0,0,0,/trinity/home/m.romanov/benchmarking/datasets/MIST_HER2/trainA/HE/89M2100212_7_16.jpg,/trinity/home/m.romanov/benchmarking/datasets/MIST_HER2/trainB/IHC/89M2100212_7_16.jpg
12M2102884,12M2102884_8_5,0,0,0,/trinity/home/m.romanov/benchmarking/datasets/MIST_HER2/trainA/HE/12M2102884_8_5.jpg,/trinity/home/m.romanov/benchmarking/datasets/MIST_HER2/trainB/IHC/12M2102884_8_5.jpg
57M2101034,57M2101034_10_28,0,0,0,/trinity/home/m.romanov/benchmarking/datasets/MIST_HER2/trainA/HE/57M2101034_10_28.jpg,/trinity/home/m.romanov/benchmarking/datasets/MIST_HER2/trainB/IHC/57M2101034_10_28.jpg
12M2102884,12M2102884_8_8,0,0,0,/trinity/home/m.romanov/benchmarking/datasets/MIST_HER2/trainA/HE/12M2102884_8_8.jpg,/trinity/home/m.romanov/benchmarking/datasets/MIST_HER2/trainB/IHC/12M2102884_8_8.jpg
15M2102762,15M2102762_3_21,0,0,0,/trinity/home/m.romanov/benchmarking/datasets/MIST_HER2/trainA/HE/15M2102762_3_21.jpg,/trinity/home/m.romanov/benchmarking/datasets/MIST_HER2/trainB/IHC/15M2102762_3_21.jpg
6M2103024,6M2103024_15_16,0,0,1,/trinity/home/m.romanov/benchmarking/datasets/MIST_HER2/trainA/HE/6M2103024_15_16.jpg,/trinity/home/m.romanov/benchmarking/datasets/MIST_HER2/trainB/IHC/6M2103024_15_16.jpg
40M2101566,40M2101566_22_33,0,0,1,/trinity/home/m.romanov/benchmarking/datasets/MIST_HER2/trainA/HE/40M2101566_22_33.jpg,/trinity/home/m.romanov/benchmarking/datasets/MIST_HER2/trainB/IHC/40M2101566_22_33.jpg
81M2100356,81M2100356_16_21,0,0,1,/trinity/home/m.romanov/benchmarking/datasets/MIST_HER2/trainA/HE/81M2100356_16_21.jpg,/trinity/home/m.romanov/benchmarking/datasets/MIST_HER2/trainB/IHC/81M2100356_16_21.jpg
47M2101316,47M2101316_29_17,0,0,1,/trinity/home/m.romanov/benchmarking/datasets/MIST_HER2/trainA/HE/47M2101316_29_17.jpg,/trinity/home/m.romanov/benchmarking/datasets/MIST_HER2/trainB/IHC/47M2101316_29_17.jpg
57M2101034,57M2101034_10_19,0,0,1,/trinity/home/m.romanov/benchmarking/datasets/MIST_HER2/trainA/HE/57M2101034_10_19.jpg,/trinity/home/m.romanov/benchmarking/datasets/MIST_HER2/trainB/IHC/57M2101034_10_19.jpg
100M2004069,100M2004069_27_20,0,0,1,/trinity/home/m.romanov/benchmarking/datasets/MIST_HER2/trainA/HE/100M2004069_27_20.jpg,/trinity/home/m.romanov/benchmarking/datasets/MIST_HER2/trainB/IHC/100M2004069_27_20.jpg
57M2101034,57M2101034_20_16,0,0,1,/trinity/home/m.romanov/benchmarking/datasets/MIST_HER2/trainA/HE/57M2101034_20_16.jpg,/trinity/home/m.romanov/benchmarking/datasets/MIST_HER2/trainB/IHC/57M2101034_20_16.jpg
89M2100212,89M2100212_10_10,0,0,1,/trinity/home/m.romanov/benchmarking/datasets/MIST_HER2/trainA/HE/89M2100212_10_10.jpg,/trinity/home/m.romanov/benchmarking/datasets/MIST_HER2/trainB/IHC/89M2100212_10_10.jpg
10M2102916,10M2102916_5_20,0,0,1,/trinity/home/m.romanov/benchmarking/datasets/MIST_HER2/trainA/HE/10M2102916_5_20.jpg,/trinity/home/m.romanov/benchmarking/datasets/MIST_HER2/trainB/IHC/10M2102916_5_20.jpg
100M2004069,100M2004069_19_27,0,0,1,/trinity/home/m.romanov/benchmarking/datasets/MIST_HER2/trainA/HE/100M2004069_19_27.jpg,/trinity/home/m.romanov/benchmarking/datasets/MIST_HER2/trainB/IHC/100M2004069_19_27.jpg
15M2102762,15M2102762_20_11,0,0,1,/trinity/home/m.romanov/benchmarking/datasets/MIST_HER2/trainA/HE/15M2102762_20_11.jpg,/trinity/home/m.romanov/benchmarking/datasets/MIST_HER2/trainB/IHC/15M2102762_20_11.jpg
15M2102762,15M2102762_14_10,0,0,1,/trinity/home/m.romanov/benchmarking/datasets/MIST_HER2/trainA/HE/15M2102762_14_10.jpg,/trinity/home/m.romanov/benchmarking/datasets/MIST_HER2/trainB/IHC/15M2102762_14_10.jpg
31M2101871,31M2101871_39_21,0,0,1,/trinity/home/m.romanov/benchmarking/datasets/MIST_HER2/trainA/HE/31M2101871_39_21.jpg,/trinity/home/m.romanov/benchmarking/datasets/MIST_HER2/trainB/IHC/31M2101871_39_21.jpg
75M2100521,75M2100521_16_15,0,0,1,/trinity/home/m.romanov/benchmarking/datasets/MIST_HER2/trainA/HE/75M2100521_16_15.jpg,/trinity/home/m.romanov/benchmarking/datasets/MIST_HER2/trainB/IHC/75M2100521_16_15.jpg
70M2100623,70M2100623_9_9,0,0,1,/trinity/home/m.romanov/benchmarking/datasets/MIST_HER2/trainA/HE/70M2100623_9_9.jpg,/trinity/home/m.romanov/benchmarking/datasets/MIST_HER2/trainB/IHC/70M2100623_9_9.jpg
15M2102762,15M2102762_28_5,0,0,1,/trinity/home/m.romanov/benchmarking/datasets/MIST_HER2/trainA/HE/15M2102762_28_5.jpg,/trinity/home/m.romanov/benchmarking/datasets/MIST_HER2/trainB/IHC/15M2102762_28_5.jpg
92M2100150,92M2100150_26_27,0,0,1,/trinity/home/m.romanov/benchmarking/datasets/MIST_HER2/trainA/HE/92M2100150_26_27.jpg,/trinity/home/m.romanov/benchmarking/datasets/MIST_HER2/trainB/IHC/92M2100150_26_27.jpg
89M2100212,89M2100212_13_20,0,0,1,/trinity/home/m.romanov/benchmarking/datasets/MIST_HER2/trainA/HE/89M2100212_13_20.jpg,/trinity/home/m.romanov/benchmarking/datasets/MIST_HER2/trainB/IHC/89M2100212_13_20.jpg
93M2100147,93M2100147_9_25,0,0,1,/trinity/home/m.romanov/benchmarking/datasets/MIST_HER2/trainA/HE/93M2100147_9_25.jpg,/trinity/home/m.romanov/benchmarking/datasets/MIST_HER2/trainB/IHC/93M2100147_9_25.jpg
27M2102007,27M2102007_6_21,0,0,1,/trinity/home/m.romanov/benchmarking/datasets/MIST_HER2/trainA/HE/27M2102007_6_21.jpg,/trinity/home/m.romanov/benchmarking/datasets/MIST_HER2/trainB/IHC/27M2102007_6_21.jpg
75M2100521,75M2100521_15_15,0,0,1,/trinity/home/m.romanov/benchmarking/datasets/MIST_HER2/trainA/HE/75M2100521_15_15.jpg,/trinity/home/m.romanov/benchmarking/datasets/MIST_HER2/trainB/IHC/75M2100521_15_15.jpg
16M2102718,16M2102718_23_5,0,0,1,/trinity/home/m.romanov/benchmarking/datasets/MIST_HER2/trainA/HE/16M2102718_23_5.jpg,/trinity/home/m.romanov/benchmarking/datasets/MIST_HER2/trainB/IHC/16M2102718_23_5.jpg
57M2101034,57M2101034_15_10,0,0,1,/trinity/home/m.romanov/benchmarking/datasets/MIST_HER2/trainA/HE/57M2101034_15_10.jpg,/trinity/home/m.romanov/benchmarking/datasets/MIST_HER2/trainB/IHC/57M2101034_15_10.jpg
15M2102762,15M2102762_19_21,0,0,1,/trinity/home/m.romanov/benchmarking/datasets/MIST_HER2/trainA/HE/15M2102762_19_21.jpg,/trinity/home/m.romanov/benchmarking/datasets/MIST_HER2/trainB/IHC/15M2102762_19_21.jpg
10M2102916,10M2102916_16_15,0,0,1,/trinity/home/m.romanov/benchmarking/datasets/MIST_HER2/trainA/HE/10M2102916_16_15.jpg,/trinity/home/m.romanov/benchmarking/datasets/MIST_HER2/trainB/IHC/10M2102916_16_15.jpg
70M2100623,70M2100623_28_8,0,0,1,/trinity/home/m.romanov/benchmarking/datasets/MIST_HER2/trainA/HE/70M2100623_28_8.jpg,/trinity/home/m.romanov/benchmarking/datasets/MIST_HER2/trainB/IHC/70M2100623_28_8.jpg
22M2102266,22M2102266_14_16,0,0,1,/trinity/home/m.romanov/benchmarking/datasets/MIST_HER2/trainA/HE/22M2102266_14_16.jpg,/trinity/home/m.romanov/benchmarking/datasets/MIST_HER2/trainB/IHC/22M2102266_14_16.jpg
75M2100521,75M2100521_25_13,0,0,1,/trinity/home/m.romanov/benchmarking/datasets/MIST_HER2/trainA/HE/75M2100521_25_13.jpg,/trinity/home/m.romanov/benchmarking/datasets/MIST_HER2/trainB/IHC/75M2100521_25_13.jpg
81M2100356,81M2100356_21_19,0,0,1,/trinity/home/m.romanov/benchmarking/datasets/MIST_HER2/trainA/HE/81M2100356_21_19.jpg,/trinity/home/m.romanov/benchmarking/datasets/MIST_HER2/trainB/IHC/81M2100356_21_19.jpg
30M2101953,30M2101953_12_17,0,0,1,/trinity/home/m.romanov/benchmarking/datasets/MIST_HER2/trainA/HE/30M2101953_12_17.jpg,/trinity/home/m.romanov/benchmarking/datasets/MIST_HER2/trainB/IHC/30M2101953_12_17.jpg
23M2102136,23M2102136_21_19,0,0,1,/trinity/home/m.romanov/benchmarking/datasets/MIST_HER2/trainA/HE/23M2102136_21_19.jpg,/trinity/home/m.romanov/benchmarking/datasets/MIST_HER2/trainB/IHC/23M2102136_21_19.jpg
22M2102266,22M2102266_19_17,0,0,1,/trinity/home/m.romanov/benchmarking/datasets/MIST_HER2/trainA/HE/22M2102266_19_17.jpg,/trinity/home/m.romanov/benchmarking/datasets/MIST_HER2/trainB/IHC/22M2102266_19_17.jpg
89M2100212,89M2100212_11_21,0,0,1,/trinity/home/m.romanov/benchmarking/datasets/MIST_HER2/trainA/HE/89M2100212_11_21.jpg,/trinity/home/m.romanov/benchmarking/datasets/MIST_HER2/trainB/IHC/89M2100212_11_21.jpg
6M2103024,6M2103024_20_16,0,0,1,/trinity/home/m.romanov/benchmarking/datasets/MIST_HER2/trainA/HE/6M2103024_20_16.jpg,/trinity/home/m.romanov/benchmarking/datasets/MIST_HER2/trainB/IHC/6M2103024_20_16.jpg
89M2100212,89M2100212_17_19,0,0,1,/trinity/home/m.romanov/benchmarking/datasets/MIST_HER2/trainA/HE/89M2100212_17_19.jpg,/trinity/home/m.romanov/benchmarking/datasets/MIST_HER2/trainB/IHC/89M2100212_17_19.jpg
93M2100147,93M2100147_6_8,0,0,1,/trinity/home/m.romanov/benchmarking/datasets/MIST_HER2/trainA/HE/93M2100147_6_8.jpg,/trinity/home/m.romanov/benchmarking/datasets/MIST_HER2/trainB/IHC/93M2100147_6_8.jpg
92M2100150,92M2100150_7_26,0,0,1,/trinity/home/m.romanov/benchmarking/datasets/MIST_HER2/trainA/HE/92M2100150_7_26.jpg,/trinity/home/m.romanov/benchmarking/datasets/MIST_HER2/trainB/IHC/92M2100150_7_26.jpg
83M2100256,83M2100256_34_16,0,0,1,/trinity/home/m.romanov/benchmarking/datasets/MIST_HER2/trainA/HE/83M2100256_34_16.jpg,/trinity/home/m.romanov/benchmarking/datasets/MIST_HER2/trainB/IHC/83M2100256_34_16.jpg
89M2100212,89M2100212_8_24,0,0,1,/trinity/home/m.romanov/benchmarking/datasets/MIST_HER2/trainA/HE/89M2100212_8_24.jpg,/trinity/home/m.romanov/benchmarking/datasets/MIST_HER2/trainB/IHC/89M2100212_8_24.jpg
98M2004096,98M2004096_19_10,0,0,1,/trinity/home/m.romanov/benchmarking/datasets/MIST_HER2/trainA/HE/98M2004096_19_10.jpg,/trinity/home/m.romanov/benchmarking/datasets/MIST_HER2/trainB/IHC/98M2004096_19_10.jpg
93M2100147,93M2100147_13_28,0,0,1,/trinity/home/m.romanov/benchmarking/datasets/MIST_HER2/trainA/HE/93M2100147_13_28.jpg,/trinity/home/m.romanov/benchmarking/datasets/MIST_HER2/trainB/IHC/93M2100147_13_28.jpg
31M2101871,31M2101871_4_22,0,0,1,/trinity/home/m.romanov/benchmarking/datasets/MIST_HER2/trainA/HE/31M2101871_4_22.jpg,/trinity/home/m.romanov/benchmarking/datasets/MIST_HER2/trainB/IHC/31M2101871_4_22.jpg
51M2101285,51M2101285_17_27,0,0,1,/trinity/home/m.romanov/benchmarking/datasets/MIST_HER2/trainA/HE/51M2101285_17_27.jpg,/trinity/home/m.romanov/benchmarking/datasets/MIST_HER2/trainB/IHC/51M2101285_17_27.jpg
2M2103108,2M2103108_30_10,0,0,1,/trinity/home/m.romanov/benchmarking/datasets/MIST_HER2/trainA/HE/2M2103108_30_10.jpg,/trinity/home/m.romanov/benchmarking/datasets/MIST_HER2/trainB/IHC/2M2103108_30_10.jpg
69M2100632,69M2100632_26_11,0,0,1,/trinity/home/m.romanov/benchmarking/datasets/MIST_HER2/trainA/HE/69M2100632_26_11.jpg,/trinity/home/m.romanov/benchmarking/datasets/MIST_HER2/trainB/IHC/69M2100632_26_11.jpg
40M2101566,40M2101566_33_16,0,0,1,/trinity/home/m.romanov/benchmarking/datasets/MIST_HER2/trainA/HE/40M2101566_33_16.jpg,/trinity/home/m.romanov/benchmarking/datasets/MIST_HER2/trainB/IHC/40M2101566_33_16.jpg
92M2100150,92M2100150_26_24,0,0,1,/trinity/home/m.romanov/benchmarking/datasets/MIST_HER2/trainA/HE/92M2100150_26_24.jpg,/trinity/home/m.romanov/benchmarking/datasets/MIST_HER2/trainB/IHC/92M2100150_26_24.jpg
40M2101566,40M2101566_37_37,0,0,1,/trinity/home/m.romanov/benchmarking/datasets/MIST_HER2/trainA/HE/40M2101566_37_37.jpg,/trinity/home/m.romanov/benchmarking/datasets/MIST_HER2/trainB/IHC/40M2101566_37_37.jpg
88M2100218,88M2100218_9_24,0,0,1,/trinity/home/m.romanov/benchmarking/datasets/MIST_HER2/trainA/HE/88M2100218_9_24.jpg,/trinity/home/m.romanov/benchmarking/datasets/MIST_HER2/trainB/IHC/88M2100218_9_24.jpg
57M2101034,57M2101034_14_22,0,0,1,/trinity/home/m.romanov/benchmarking/datasets/MIST_HER2/trainA/HE/57M2101034_14_22.jpg,/trinity/home/m.romanov/benchmarking/datasets/MIST_HER2/trainB/IHC/57M2101034_14_22.jpg
93M2100147,93M2100147_6_13,0,0,1,/trinity/home/m.romanov/benchmarking/datasets/MIST_HER2/trainA/HE/93M2100147_6_13.jpg,/trinity/home/m.romanov/benchmarking/datasets/MIST_HER2/trainB/IHC/93M2100147_6_13.jpg
88M2100218,88M2100218_10_25,0,0,1,/trinity/home/m.romanov/benchmarking/datasets/MIST_HER2/trainA/HE/88M2100218_10_25.jpg,/trinity/home/m.romanov/benchmarking/datasets/MIST_HER2/trainB/IHC/88M2100218_10_25.jpg
45M2101377,45M2101377_8_5,0,0,1,/trinity/home/m.romanov/benchmarking/datasets/MIST_HER2/trainA/HE/45M2101377_8_5.jpg,/trinity/home/m.romanov/benchmarking/datasets/MIST_HER2/trainB/IHC/45M2101377_8_5.jpg
74M2100526,74M2100526_6_26,0,0,1,/trinity/home/m.romanov/benchmarking/datasets/MIST_HER2/trainA/HE/74M2100526_6_26.jpg,/trinity/home/m.romanov/benchmarking/datasets/MIST_HER2/trainB/IHC/74M2100526_6_26.jpg
57M2101034,57M2101034_29_15,0,0,1,/trinity/home/m.romanov/benchmarking/datasets/MIST_HER2/trainA/HE/57M2101034_29_15.jpg,/trinity/home/m.romanov/benchmarking/datasets/MIST_HER2/trainB/IHC/57M2101034_29_15.jpg
79M2100417,79M2100417_9_24,0,0,1,/trinity/home/m.romanov/benchmarking/datasets/MIST_HER2/trainA/HE/79M2100417_9_24.jpg,/trinity/home/m.romanov/benchmarking/datasets/MIST_HER2/trainB/IHC/79M2100417_9_24.jpg
98M2004096,98M2004096_20_4,0,0,1,/trinity/home/m.romanov/benchmarking/datasets/MIST_HER2/trainA/HE/98M2004096_20_4.jpg,/trinity/home/m.romanov/benchmarking/datasets/MIST_HER2/trainB/IHC/98M2004096_20_4.jpg
47M2101316,47M2101316_10_28,0,0,1,/trinity/home/m.romanov/benchmarking/datasets/MIST_HER2/trainA/HE/47M2101316_10_28.jpg,/trinity/home/m.romanov/benchmarking/datasets/MIST_HER2/trainB/IHC/47M2101316_10_28.jpg
74M2100526,74M2100526_16_7,0,0,1,/trinity/home/m.romanov/benchmarking/datasets/MIST_HER2/trainA/HE/74M2100526_16_7.jpg,/trinity/home/m.romanov/benchmarking/datasets/MIST_HER2/trainB/IHC/74M2100526_16_7.jpg
40M2101566,40M2101566_34_27,0,0,1,/trinity/home/m.romanov/benchmarking/datasets/MIST_HER2/trainA/HE/40M2101566_34_27.jpg,/trinity/home/m.romanov/benchmarking/datasets/MIST_HER2/trainB/IHC/40M2101566_34_27.jpg
27M2102007,27M2102007_11_31,0,0,1,/trinity/home/m.romanov/benchmarking/datasets/MIST_HER2/trainA/HE/27M2102007_11_31.jpg,/trinity/home/m.romanov/benchmarking/datasets/MIST_HER2/trainB/IHC/27M2102007_11_31.jpg
15M2102762,15M2102762_11_12,0,0,1,/trinity/home/m.romanov/benchmarking/datasets/MIST_HER2/trainA/HE/15M2102762_11_12.jpg,/trinity/home/m.romanov/benchmarking/datasets/MIST_HER2/trainB/IHC/15M2102762_11_12.jpg
57M2101034,57M2101034_6_26,0,0,1,/trinity/home/m.romanov/benchmarking/datasets/MIST_HER2/trainA/HE/57M2101034_6_26.jpg,/trinity/home/m.romanov/benchmarking/datasets/MIST_HER2/trainB/IHC/57M2101034_6_26.jpg
47M2101316,47M2101316_6_18,0,0,1,/trinity/home/m.romanov/benchmarking/datasets/MIST_HER2/trainA/HE/47M2101316_6_18.jpg,/trinity/home/m.romanov/benchmarking/datasets/MIST_HER2/trainB/IHC/47M2101316_6_18.jpg
16M2102718,16M2102718_11_16,0,0,1,/trinity/home/m.romanov/benchmarking/datasets/MIST_HER2/trainA/HE/16M2102718_11_16.jpg,/trinity/home/m.romanov/benchmarking/datasets/MIST_HER2/trainB/IHC/16M2102718_11_16.jpg
100M2004069,100M2004069_25_14,0,0,1,/trinity/home/m.romanov/benchmarking/datasets/MIST_HER2/trainA/HE/100M2004069_25_14.jpg,/trinity/home/m.romanov/benchmarking/datasets/MIST_HER2/trainB/IHC/100M2004069_25_14.jpg
15M2102762,15M2102762_29_12,0,0,1,/trinity/home/m.romanov/benchmarking/datasets/MIST_HER2/trainA/HE/15M2102762_29_12.jpg,/trinity/home/m.romanov/benchmarking/datasets/MIST_HER2/trainB/IHC/15M2102762_29_12.jpg
93M2100147,93M2100147_10_8,0,0,1,/trinity/home/m.romanov/benchmarking/datasets/MIST_HER2/trainA/HE/93M2100147_10_8.jpg,/trinity/home/m.romanov/benchmarking/datasets/MIST_HER2/trainB/IHC/93M2100147_10_8.jpg
22M2102266,22M2102266_15_23,0,0,1,/trinity/home/m.romanov/benchmarking/datasets/MIST_HER2/trainA/HE/22M2102266_15_23.jpg,/trinity/home/m.romanov/benchmarking/datasets/MIST_HER2/trainB/IHC/22M2102266_15_23.jpg
80M2100377,80M2100377_28_11,0,0,1,/trinity/home/m.romanov/benchmarking/datasets/MIST_HER2/trainA/HE/80M2100377_28_11.jpg,/trinity/home/m.romanov/benchmarking/datasets/MIST_HER2/trainB/IHC/80M2100377_28_11.jpg
40M2101566,40M2101566_50_17,0,0,1,/trinity/home/m.romanov/benchmarking/datasets/MIST_HER2/trainA/HE/40M2101566_50_17.jpg,/trinity/home/m.romanov/benchmarking/datasets/MIST_HER2/trainB/IHC/40M2101566_50_17.jpg
75M2100521,75M2100521_11_21,0,0,1,/trinity/home/m.romanov/benchmarking/datasets/MIST_HER2/trainA/HE/75M2100521_11_21.jpg,/trinity/home/m.romanov/benchmarking/datasets/MIST_HER2/trainB/IHC/75M2100521_11_21.jpg
89M2100212,89M2100212_12_21,0,0,1,/trinity/home/m.romanov/benchmarking/datasets/MIST_HER2/trainA/HE/89M2100212_12_21.jpg,/trinity/home/m.romanov/benchmarking/datasets/MIST_HER2/trainB/IHC/89M2100212_12_21.jpg
57M2101034,57M2101034_20_19,0,0,1,/trinity/home/m.romanov/benchmarking/datasets/MIST_HER2/trainA/HE/57M2101034_20_19.jpg,/trinity/home/m.romanov/benchmarking/datasets/MIST_HER2/trainB/IHC/57M2101034_20_19.jpg
89M2100212,89M2100212_15_12,0,0,1,/trinity/home/m.romanov/benchmarking/datasets/MIST_HER2/trainA/HE/89M2100212_15_12.jpg,/trinity/home/m.romanov/benchmarking/datasets/MIST_HER2/trainB/IHC/89M2100212_15_12.jpg
50M2101298,50M2101298_16_13,0,0,1,/trinity/home/m.romanov/benchmarking/datasets/MIST_HER2/trainA/HE/50M2101298_16_13.jpg,/trinity/home/m.romanov/benchmarking/datasets/MIST_HER2/trainB/IHC/50M2101298_16_13.jpg
93M2100147,93M2100147_12_28,0,0,1,/trinity/home/m.romanov/benchmarking/datasets/MIST_HER2/trainA/HE/93M2100147_12_28.jpg,/trinity/home/m.romanov/benchmarking/datasets/MIST_HER2/trainB/IHC/93M2100147_12_28.jpg
74M2100526,74M2100526_14_7,0,0,1,/trinity/home/m.romanov/benchmarking/datasets/MIST_HER2/trainA/HE/74M2100526_14_7.jpg,/trinity/home/m.romanov/benchmarking/datasets/MIST_HER2/trainB/IHC/74M2100526_14_7.jpg
100M2004069,100M2004069_30_25,0,0,1,/trinity/home/m.romanov/benchmarking/datasets/MIST_HER2/trainA/HE/100M2004069_30_25.jpg,/trinity/home/m.romanov/benchmarking/datasets/MIST_HER2/trainB/IHC/100M2004069_30_25.jpg
57M2101034,57M2101034_12_16,0,0,1,/trinity/home/m.romanov/benchmarking/datasets/MIST_HER2/trainA/HE/57M2101034_12_16.jpg,/trinity/home/m.romanov/benchmarking/datasets/MIST_HER2/trainB/IHC/57M2101034_12_16.jpg
40M2101566,40M2101566_32_34,0,0,1,/trinity/home/m.romanov/benchmarking/datasets/MIST_HER2/trainA/HE/40M2101566_32_34.jpg,/trinity/home/m.romanov/benchmarking/datasets/MIST_HER2/trainB/IHC/40M2101566_32_34.jpg
15M2102762,15M2102762_18_8,0,0,1,/trinity/home/m.romanov/benchmarking/datasets/MIST_HER2/trainA/HE/15M2102762_18_8.jpg,/trinity/home/m.romanov/benchmarking/datasets/MIST_HER2/trainB/IHC/15M2102762_18_8.jpg
27M2102007,27M2102007_23_19,0,0,1,/trinity/home/m.romanov/benchmarking/datasets/MIST_HER2/trainA/HE/27M2102007_23_19.jpg,/trinity/home/m.romanov/benchmarking/datasets/MIST_HER2/trainB/IHC/27M2102007_23_19.jpg
31M2101871,31M2101871_31_7,0,0,1,/trinity/home/m.romanov/benchmarking/datasets/MIST_HER2/trainA/HE/31M2101871_31_7.jpg,/trinity/home/m.romanov/benchmarking/datasets/MIST_HER2/trainB/IHC/31M2101871_31_7.jpg
57M2101034,57M2101034_12_9,0,0,1,/trinity/home/m.romanov/benchmarking/datasets/MIST_HER2/trainA/HE/57M2101034_12_9.jpg,/trinity/home/m.romanov/benchmarking/datasets/MIST_HER2/trainB/IHC/57M2101034_12_9.jpg
27M2102007,27M2102007_16_16,0,0,1,/trinity/home/m.romanov/benchmarking/datasets/MIST_HER2/trainA/HE/27M2102007_16_16.jpg,/trinity/home/m.romanov/benchmarking/datasets/MIST_HER2/trainB/IHC/27M2102007_16_16.jpg
58M2100997,58M2100997_5_11,0,0,1,/trinity/home/m.romanov/benchmarking/datasets/MIST_HER2/trainA/HE/58M2100997_5_11.jpg,/trinity/home/m.romanov/benchmarking/datasets/MIST_HER2/trainB/IHC/58M2100997_5_11.jpg
92M2100150,92M2100150_11_25,0,0,1,/trinity/home/m.romanov/benchmarking/datasets/MIST_HER2/trainA/HE/92M2100150_11_25.jpg,/trinity/home/m.romanov/benchmarking/datasets/MIST_HER2/trainB/IHC/92M2100150_11_25.jpg
15M2102762,15M2102762_18_6,0,0,1,/trinity/home/m.romanov/benchmarking/datasets/MIST_HER2/trainA/HE/15M2102762_18_6.jpg,/trinity/home/m.romanov/benchmarking/datasets/MIST_HER2/trainB/IHC/15M2102762_18_6.jpg
92M2100150,92M2100150_23_32,0,0,1,/trinity/home/m.romanov/benchmarking/datasets/MIST_HER2/trainA/HE/92M2100150_23_32.jpg,/trinity/home/m.romanov/benchmarking/datasets/MIST_HER2/trainB/IHC/92M2100150_23_32.jpg
40M2101566,40M2101566_24_30,0,0,1,/trinity/home/m.romanov/benchmarking/datasets/MIST_HER2/trainA/HE/40M2101566_24_30.jpg,/trinity/home/m.romanov/benchmarking/datasets/MIST_HER2/trainB/IHC/40M2101566_24_30.jpg
57M2101034,57M2101034_9_27,0,0,1,/trinity/home/m.romanov/benchmarking/datasets/MIST_HER2/trainA/HE/57M2101034_9_27.jpg,/trinity/home/m.romanov/benchmarking/datasets/MIST_HER2/trainB/IHC/57M2101034_9_27.jpg
15M2102762,15M2102762_12_19,0,0,1,/trinity/home/m.romanov/benchmarking/datasets/MIST_HER2/trainA/HE/15M2102762_12_19.jpg,/trinity/home/m.romanov/benchmarking/datasets/MIST_HER2/trainB/IHC/15M2102762_12_19.jpg
76M2100485,76M2100485_29_15,0,0,1,/trinity/home/m.romanov/benchmarking/datasets/MIST_HER2/trainA/HE/76M2100485_29_15.jpg,/trinity/home/m.romanov/benchmarking/datasets/MIST_HER2/trainB/IHC/76M2100485_29_15.jpg
70M2100623,70M2100623_18_4,0,0,1,/trinity/home/m.romanov/benchmarking/datasets/MIST_HER2/trainA/HE/70M2100623_18_4.jpg,/trinity/home/m.romanov/benchmarking/datasets/MIST_HER2/trainB/IHC/70M2100623_18_4.jpg
15M2102762,15M2102762_12_18,0,0,1,/trinity/home/m.romanov/benchmarking/datasets/MIST_HER2/trainA/HE/15M2102762_12_18.jpg,/trinity/home/m.romanov/benchmarking/datasets/MIST_HER2/trainB/IHC/15M2102762_12_18.jpg
92M2100150,92M2100150_14_28,0,0,1,/trinity/home/m.romanov/benchmarking/datasets/MIST_HER2/trainA/HE/92M2100150_14_28.jpg,/trinity/home/m.romanov/benchmarking/datasets/MIST_HER2/trainB/IHC/92M2100150_14_28.jpg
15M2102762,15M2102762_23_9,0,0,1,/trinity/home/m.romanov/benchmarking/datasets/MIST_HER2/trainA/HE/15M2102762_23_9.jpg,/trinity/home/m.romanov/benchmarking/datasets/MIST_HER2/trainB/IHC/15M2102762_23_9.jpg
81M2100356,81M2100356_26_32,0,0,1,/trinity/home/m.romanov/benchmarking/datasets/MIST_HER2/trainA/HE/81M2100356_26_32.jpg,/trinity/home/m.romanov/benchmarking/datasets/MIST_HER2/trainB/IHC/81M2100356_26_32.jpg
81M2100356,81M2100356_13_35,0,0,1,/trinity/home/m.romanov/benchmarking/datasets/MIST_HER2/trainA/HE/81M2100356_13_35.jpg,/trinity/home/m.romanov/benchmarking/datasets/MIST_HER2/trainB/IHC/81M2100356_13_35.jpg
89M2100212,89M2100212_6_11,0,0,1,/trinity/home/m.romanov/benchmarking/datasets/MIST_HER2/trainA/HE/89M2100212_6_11.jpg,/trinity/home/m.romanov/benchmarking/datasets/MIST_HER2/trainB/IHC/89M2100212_6_11.jpg
88M2100218,88M2100218_28_16,0,0,1,/trinity/home/m.romanov/benchmarking/datasets/MIST_HER2/trainA/HE/88M2100218_28_16.jpg,/trinity/home/m.romanov/benchmarking/datasets/MIST_HER2/trainB/IHC/88M2100218_28_16.jpg
57M2101034,57M2101034_2_23,0,0,1,/trinity/home/m.romanov/benchmarking/datasets/MIST_HER2/trainA/HE/57M2101034_2_23.jpg,/trinity/home/m.romanov/benchmarking/datasets/MIST_HER2/trainB/IHC/57M2101034_2_23.jpg
75M2100521,75M2100521_9_13,0,0,1,/trinity/home/m.romanov/benchmarking/datasets/MIST_HER2/trainA/HE/75M2100521_9_13.jpg,/trinity/home/m.romanov/benchmarking/datasets/MIST_HER2/trainB/IHC/75M2100521_9_13.jpg
80M2100377,80M2100377_15_16,0,0,1,/trinity/home/m.romanov/benchmarking/datasets/MIST_HER2/trainA/HE/80M2100377_15_16.jpg,/trinity/home/m.romanov/benchmarking/datasets/MIST_HER2/trainB/IHC/80M2100377_15_16.jpg
57M2101034,57M2101034_9_28,0,0,1,/trinity/home/m.romanov/benchmarking/datasets/MIST_HER2/trainA/HE/57M2101034_9_28.jpg,/trinity/home/m.romanov/benchmarking/datasets/MIST_HER2/trainB/IHC/57M2101034_9_28.jpg
81M2100356,81M2100356_20_16,0,0,1,/trinity/home/m.romanov/benchmarking/datasets/MIST_HER2/trainA/HE/81M2100356_20_16.jpg,/trinity/home/m.romanov/benchmarking/datasets/MIST_HER2/trainB/IHC/81M2100356_20_16.jpg
57M2101034,57M2101034_21_21,0,0,1,/trinity/home/m.romanov/benchmarking/datasets/MIST_HER2/trainA/HE/57M2101034_21_21.jpg,/trinity/home/m.romanov/benchmarking/datasets/MIST_HER2/trainB/IHC/57M2101034_21_21.jpg
40M2101566,40M2101566_24_18,0,0,1,/trinity/home/m.romanov/benchmarking/datasets/MIST_HER2/trainA/HE/40M2101566_24_18.jpg,/trinity/home/m.romanov/benchmarking/datasets/MIST_HER2/trainB/IHC/40M2101566_24_18.jpg
80M2100377,80M2100377_24_8,0,0,1,/trinity/home/m.romanov/benchmarking/datasets/MIST_HER2/trainA/HE/80M2100377_24_8.jpg,/trinity/home/m.romanov/benchmarking/datasets/MIST_HER2/trainB/IHC/80M2100377_24_8.jpg
6M2103024,6M2103024_25_19,0,0,1,/trinity/home/m.romanov/benchmarking/datasets/MIST_HER2/trainA/HE/6M2103024_25_19.jpg,/trinity/home/m.romanov/benchmarking/datasets/MIST_HER2/trainB/IHC/6M2103024_25_19.jpg
40M2101566,40M2101566_22_31,0,0,1,/trinity/home/m.romanov/benchmarking/datasets/MIST_HER2/trainA/HE/40M2101566_22_31.jpg,/trinity/home/m.romanov/benchmarking/datasets/MIST_HER2/trainB/IHC/40M2101566_22_31.jpg
89M2100212,89M2100212_11_23,0,0,1,/trinity/home/m.romanov/benchmarking/datasets/MIST_HER2/trainA/HE/89M2100212_11_23.jpg,/trinity/home/m.romanov/benchmarking/datasets/MIST_HER2/trainB/IHC/89M2100212_11_23.jpg
40M2101566,40M2101566_37_34,0,0,1,/trinity/home/m.romanov/benchmarking/datasets/MIST_HER2/trainA/HE/40M2101566_37_34.jpg,/trinity/home/m.romanov/benchmarking/datasets/MIST_HER2/trainB/IHC/40M2101566_37_34.jpg
57M2101034,57M2101034_20_15,0,0,1,/trinity/home/m.romanov/benchmarking/datasets/MIST_HER2/trainA/HE/57M2101034_20_15.jpg,/trinity/home/m.romanov/benchmarking/datasets/MIST_HER2/trainB/IHC/57M2101034_20_15.jpg
83M2100256,83M2100256_24_17,0,0,1,/trinity/home/m.romanov/benchmarking/datasets/MIST_HER2/trainA/HE/83M2100256_24_17.jpg,/trinity/home/m.romanov/benchmarking/datasets/MIST_HER2/trainB/IHC/83M2100256_24_17.jpg
15M2102762,15M2102762_13_13,0,0,1,/trinity/home/m.romanov/benchmarking/datasets/MIST_HER2/trainA/HE/15M2102762_13_13.jpg,/trinity/home/m.romanov/benchmarking/datasets/MIST_HER2/trainB/IHC/15M2102762_13_13.jpg
45M2101377,45M2101377_25_11,0,0,1,/trinity/home/m.romanov/benchmarking/datasets/MIST_HER2/trainA/HE/45M2101377_25_11.jpg,/trinity/home/m.romanov/benchmarking/datasets/MIST_HER2/trainB/IHC/45M2101377_25_11.jpg
81M2100356,81M2100356_20_6,0,0,1,/trinity/home/m.romanov/benchmarking/datasets/MIST_HER2/trainA/HE/81M2100356_20_6.jpg,/trinity/home/m.romanov/benchmarking/datasets/MIST_HER2/trainB/IHC/81M2100356_20_6.jpg
57M2101034,57M2101034_9_26,0,0,1,/trinity/home/m.romanov/benchmarking/datasets/MIST_HER2/trainA/HE/57M2101034_9_26.jpg,/trinity/home/m.romanov/benchmarking/datasets/MIST_HER2/trainB/IHC/57M2101034_9_26.jpg
80M2100377,80M2100377_23_19,0,0,1,/trinity/home/m.romanov/benchmarking/datasets/MIST_HER2/trainA/HE/80M2100377_23_19.jpg,/trinity/home/m.romanov/benchmarking/datasets/MIST_HER2/trainB/IHC/80M2100377_23_19.jpg
39M2101576,39M2101576_7_26,0,0,1,/trinity/home/m.romanov/benchmarking/datasets/MIST_HER2/trainA/HE/39M2101576_7_26.jpg,/trinity/home/m.romanov/benchmarking/datasets/MIST_HER2/trainB/IHC/39M2101576_7_26.jpg
14M2102785,14M2102785_29_11,0,0,1,/trinity/home/m.romanov/benchmarking/datasets/MIST_HER2/trainA/HE/14M2102785_29_11.jpg,/trinity/home/m.romanov/benchmarking/datasets/MIST_HER2/trainB/IHC/14M2102785_29_11.jpg
89M2100212,89M2100212_9_25,0,0,1,/trinity/home/m.romanov/benchmarking/datasets/MIST_HER2/trainA/HE/89M2100212_9_25.jpg,/trinity/home/m.romanov/benchmarking/datasets/MIST_HER2/trainB/IHC/89M2100212_9_25.jpg
93M2100147,93M2100147_9_14,0,0,1,/trinity/home/m.romanov/benchmarking/datasets/MIST_HER2/trainA/HE/93M2100147_9_14.jpg,/trinity/home/m.romanov/benchmarking/datasets/MIST_HER2/trainB/IHC/93M2100147_9_14.jpg
88M2100218,88M2100218_8_28,0,0,1,/trinity/home/m.romanov/benchmarking/datasets/MIST_HER2/trainA/HE/88M2100218_8_28.jpg,/trinity/home/m.romanov/benchmarking/datasets/MIST_HER2/trainB/IHC/88M2100218_8_28.jpg
89M2100212,89M2100212_15_16,0,0,1,/trinity/home/m.romanov/benchmarking/datasets/MIST_HER2/trainA/HE/89M2100212_15_16.jpg,/trinity/home/m.romanov/benchmarking/datasets/MIST_HER2/trainB/IHC/89M2100212_15_16.jpg
10M2102916,10M2102916_34_31,0,0,1,/trinity/home/m.romanov/benchmarking/datasets/MIST_HER2/trainA/HE/10M2102916_34_31.jpg,/trinity/home/m.romanov/benchmarking/datasets/MIST_HER2/trainB/IHC/10M2102916_34_31.jpg
57M2101034,57M2101034_14_3,0,0,1,/trinity/home/m.romanov/benchmarking/datasets/MIST_HER2/trainA/HE/57M2101034_14_3.jpg,/trinity/home/m.romanov/benchmarking/datasets/MIST_HER2/trainB/IHC/57M2101034_14_3.jpg
70M2100623,70M2100623_16_7,0,0,1,/trinity/home/m.romanov/benchmarking/datasets/MIST_HER2/trainA/HE/70M2100623_16_7.jpg,/trinity/home/m.romanov/benchmarking/datasets/MIST_HER2/trainB/IHC/70M2100623_16_7.jpg
74M2100526,74M2100526_19_30,0,0,1,/trinity/home/m.romanov/benchmarking/datasets/MIST_HER2/trainA/HE/74M2100526_19_30.jpg,/trinity/home/m.romanov/benchmarking/datasets/MIST_HER2/trainB/IHC/74M2100526_19_30.jpg
15M2102762,15M2102762_12_22,0,0,1,/trinity/home/m.romanov/benchmarking/datasets/MIST_HER2/trainA/HE/15M2102762_12_22.jpg,/trinity/home/m.romanov/benchmarking/datasets/MIST_HER2/trainB/IHC/15M2102762_12_22.jpg
15M2102762,15M2102762_21_26,0,0,1,/trinity/home/m.romanov/benchmarking/datasets/MIST_HER2/trainA/HE/15M2102762_21_26.jpg,/trinity/home/m.romanov/benchmarking/datasets/MIST_HER2/trainB/IHC/15M2102762_21_26.jpg
31M2101871,31M2101871_20_19,0,0,1,/trinity/home/m.romanov/benchmarking/datasets/MIST_HER2/trainA/HE/31M2101871_20_19.jpg,/trinity/home/m.romanov/benchmarking/datasets/MIST_HER2/trainB/IHC/31M2101871_20_19.jpg
40M2101566,40M2101566_33_34,0,0,1,/trinity/home/m.romanov/benchmarking/datasets/MIST_HER2/trainA/HE/40M2101566_33_34.jpg,/trinity/home/m.romanov/benchmarking/datasets/MIST_HER2/trainB/IHC/40M2101566_33_34.jpg
15M2102762,15M2102762_15_16,0,0,1,/trinity/home/m.romanov/benchmarking/datasets/MIST_HER2/trainA/HE/15M2102762_15_16.jpg,/trinity/home/m.romanov/benchmarking/datasets/MIST_HER2/trainB/IHC/15M2102762_15_16.jpg
92M2100150,92M2100150_5_14,0,0,1,/trinity/home/m.romanov/benchmarking/datasets/MIST_HER2/trainA/HE/92M2100150_5_14.jpg,/trinity/home/m.romanov/benchmarking/datasets/MIST_HER2/trainB/IHC/92M2100150_5_14.jpg
14M2102785,14M2102785_25_16,0,0,1,/trinity/home/m.romanov/benchmarking/datasets/MIST_HER2/trainA/HE/14M2102785_25_16.jpg,/trinity/home/m.romanov/benchmarking/datasets/MIST_HER2/trainB/IHC/14M2102785_25_16.jpg
100M2004069,100M2004069_20_24,0,0,1,/trinity/home/m.romanov/benchmarking/datasets/MIST_HER2/trainA/HE/100M2004069_20_24.jpg,/trinity/home/m.romanov/benchmarking/datasets/MIST_HER2/trainB/IHC/100M2004069_20_24.jpg
57M2101034,57M2101034_8_26,0,0,1,/trinity/home/m.romanov/benchmarking/datasets/MIST_HER2/trainA/HE/57M2101034_8_26.jpg,/trinity/home/m.romanov/benchmarking/datasets/MIST_HER2/trainB/IHC/57M2101034_8_26.jpg
89M2100212,89M2100212_18_10,0,0,1,/trinity/home/m.romanov/benchmarking/datasets/MIST_HER2/trainA/HE/89M2100212_18_10.jpg,/trinity/home/m.romanov/benchmarking/datasets/MIST_HER2/trainB/IHC/89M2100212_18_10.jpg
76M2100485,76M2100485_16_12,0,0,1,/trinity/home/m.romanov/benchmarking/datasets/MIST_HER2/trainA/HE/76M2100485_16_12.jpg,/trinity/home/m.romanov/benchmarking/datasets/MIST_HER2/trainB/IHC/76M2100485_16_12.jpg
57M2101034,57M2101034_5_21,0,0,1,/trinity/home/m.romanov/benchmarking/datasets/MIST_HER2/trainA/HE/57M2101034_5_21.jpg,/trinity/home/m.romanov/benchmarking/datasets/MIST_HER2/trainB/IHC/57M2101034_5_21.jpg
15M2102762,15M2102762_25_7,0,0,1,/trinity/home/m.romanov/benchmarking/datasets/MIST_HER2/trainA/HE/15M2102762_25_7.jpg,/trinity/home/m.romanov/benchmarking/datasets/MIST_HER2/trainB/IHC/15M2102762_25_7.jpg
93M2100147,93M2100147_5_18,0,0,1,/trinity/home/m.romanov/benchmarking/datasets/MIST_HER2/trainA/HE/93M2100147_5_18.jpg,/trinity/home/m.romanov/benchmarking/datasets/MIST_HER2/trainB/IHC/93M2100147_5_18.jpg
70M2100623,70M2100623_12_5,0,0,1,/trinity/home/m.romanov/benchmarking/datasets/MIST_HER2/trainA/HE/70M2100623_12_5.jpg,/trinity/home/m.romanov/benchmarking/datasets/MIST_HER2/trainB/IHC/70M2100623_12_5.jpg
74M2100526,74M2100526_22_25,0,0,1,/trinity/home/m.romanov/benchmarking/datasets/MIST_HER2/trainA/HE/74M2100526_22_25.jpg,/trinity/home/m.romanov/benchmarking/datasets/MIST_HER2/trainB/IHC/74M2100526_22_25.jpg
40M2101566,40M2101566_30_35,0,0,1,/trinity/home/m.romanov/benchmarking/datasets/MIST_HER2/trainA/HE/40M2101566_30_35.jpg,/trinity/home/m.romanov/benchmarking/datasets/MIST_HER2/trainB/IHC/40M2101566_30_35.jpg
89M2100212,89M2100212_9_21,0,0,1,/trinity/home/m.romanov/benchmarking/datasets/MIST_HER2/trainA/HE/89M2100212_9_21.jpg,/trinity/home/m.romanov/benchmarking/datasets/MIST_HER2/trainB/IHC/89M2100212_9_21.jpg
93M2100147,93M2100147_8_14,0,0,1,/trinity/home/m.romanov/benchmarking/datasets/MIST_HER2/trainA/HE/93M2100147_8_14.jpg,/trinity/home/m.romanov/benchmarking/datasets/MIST_HER2/trainB/IHC/93M2100147_8_14.jpg
6M2103024,6M2103024_20_17,0,0,1,/trinity/home/m.romanov/benchmarking/datasets/MIST_HER2/trainA/HE/6M2103024_20_17.jpg,/trinity/home/m.romanov/benchmarking/datasets/MIST_HER2/trainB/IHC/6M2103024_20_17.jpg
81M2100356,81M2100356_16_17,0,0,1,/trinity/home/m.romanov/benchmarking/datasets/MIST_HER2/trainA/HE/81M2100356_16_17.jpg,/trinity/home/m.romanov/benchmarking/datasets/MIST_HER2/trainB/IHC/81M2100356_16_17.jpg
15M2102762,15M2102762_21_10,0,0,1,/trinity/home/m.romanov/benchmarking/datasets/MIST_HER2/trainA/HE/15M2102762_21_10.jpg,/trinity/home/m.romanov/benchmarking/datasets/MIST_HER2/trainB/IHC/15M2102762_21_10.jpg
6M2103024,6M2103024_21_19,0,0,1,/trinity/home/m.romanov/benchmarking/datasets/MIST_HER2/trainA/HE/6M2103024_21_19.jpg,/trinity/home/m.romanov/benchmarking/datasets/MIST_HER2/trainB/IHC/6M2103024_21_19.jpg
15M2102762,15M2102762_27_13,0,0,1,/trinity/home/m.romanov/benchmarking/datasets/MIST_HER2/trainA/HE/15M2102762_27_13.jpg,/trinity/home/m.romanov/benchmarking/datasets/MIST_HER2/trainB/IHC/15M2102762_27_13.jpg
100M2004069,100M2004069_18_10,0,0,1,/trinity/home/m.romanov/benchmarking/datasets/MIST_HER2/trainA/HE/100M2004069_18_10.jpg,/trinity/home/m.romanov/benchmarking/datasets/MIST_HER2/trainB/IHC/100M2004069_18_10.jpg
6M2103024,6M2103024_35_13,0,0,1,/trinity/home/m.romanov/benchmarking/datasets/MIST_HER2/trainA/HE/6M2103024_35_13.jpg,/trinity/home/m.romanov/benchmarking/datasets/MIST_HER2/trainB/IHC/6M2103024_35_13.jpg
70M2100623,70M2100623_23_23,0,0,1,/trinity/home/m.romanov/benchmarking/datasets/MIST_HER2/trainA/HE/70M2100623_23_23.jpg,/trinity/home/m.romanov/benchmarking/datasets/MIST_HER2/trainB/IHC/70M2100623_23_23.jpg
93M2100147,93M2100147_12_22,0,0,1,/trinity/home/m.romanov/benchmarking/datasets/MIST_HER2/trainA/HE/93M2100147_12_22.jpg,/trinity/home/m.romanov/benchmarking/datasets/MIST_HER2/trainB/IHC/93M2100147_12_22.jpg
81M2100356,81M2100356_26_36,0,0,1,/trinity/home/m.romanov/benchmarking/datasets/MIST_HER2/trainA/HE/81M2100356_26_36.jpg,/trinity/home/m.romanov/benchmarking/datasets/MIST_HER2/trainB/IHC/81M2100356_26_36.jpg
6M2103024,6M2103024_22_17,0,0,1,/trinity/home/m.romanov/benchmarking/datasets/MIST_HER2/trainA/HE/6M2103024_22_17.jpg,/trinity/home/m.romanov/benchmarking/datasets/MIST_HER2/trainB/IHC/6M2103024_22_17.jpg
97M2100034,97M2100034_20_20,0,0,1,/trinity/home/m.romanov/benchmarking/datasets/MIST_HER2/trainA/HE/97M2100034_20_20.jpg,/trinity/home/m.romanov/benchmarking/datasets/MIST_HER2/trainB/IHC/97M2100034_20_20.jpg
6M2103024,6M2103024_18_17,0,0,1,/trinity/home/m.romanov/benchmarking/datasets/MIST_HER2/trainA/HE/6M2103024_18_17.jpg,/trinity/home/m.romanov/benchmarking/datasets/MIST_HER2/trainB/IHC/6M2103024_18_17.jpg
57M2101034,57M2101034_4_21,0,0,1,/trinity/home/m.romanov/benchmarking/datasets/MIST_HER2/trainA/HE/57M2101034_4_21.jpg,/trinity/home/m.romanov/benchmarking/datasets/MIST_HER2/trainB/IHC/57M2101034_4_21.jpg
40M2101566,40M2101566_50_16,0,0,1,/trinity/home/m.romanov/benchmarking/datasets/MIST_HER2/trainA/HE/40M2101566_50_16.jpg,/trinity/home/m.romanov/benchmarking/datasets/MIST_HER2/trainB/IHC/40M2101566_50_16.jpg
40M2101566,40M2101566_24_32,0,0,1,/trinity/home/m.romanov/benchmarking/datasets/MIST_HER2/trainA/HE/40M2101566_24_32.jpg,/trinity/home/m.romanov/benchmarking/datasets/MIST_HER2/trainB/IHC/40M2101566_24_32.jpg
6M2103024,6M2103024_20_18,0,0,1,/trinity/home/m.romanov/benchmarking/datasets/MIST_HER2/trainA/HE/6M2103024_20_18.jpg,/trinity/home/m.romanov/benchmarking/datasets/MIST_HER2/trainB/IHC/6M2103024_20_18.jpg
89M2100212,89M2100212_15_18,0,0,1,/trinity/home/m.romanov/benchmarking/datasets/MIST_HER2/trainA/HE/89M2100212_15_18.jpg,/trinity/home/m.romanov/benchmarking/datasets/MIST_HER2/trainB/IHC/89M2100212_15_18.jpg
89M2100212,89M2100212_7_18,0,0,1,/trinity/home/m.romanov/benchmarking/datasets/MIST_HER2/trainA/HE/89M2100212_7_18.jpg,/trinity/home/m.romanov/benchmarking/datasets/MIST_HER2/trainB/IHC/89M2100212_7_18.jpg
51M2101285,51M2101285_13_20,0,0,1,/trinity/home/m.romanov/benchmarking/datasets/MIST_HER2/trainA/HE/51M2101285_13_20.jpg,/trinity/home/m.romanov/benchmarking/datasets/MIST_HER2/trainB/IHC/51M2101285_13_20.jpg
93M2100147,93M2100147_7_16,0,0,1,/trinity/home/m.romanov/benchmarking/datasets/MIST_HER2/trainA/HE/93M2100147_7_16.jpg,/trinity/home/m.romanov/benchmarking/datasets/MIST_HER2/trainB/IHC/93M2100147_7_16.jpg
31M2101871,31M2101871_7_18,0,0,1,/trinity/home/m.romanov/benchmarking/datasets/MIST_HER2/trainA/HE/31M2101871_7_18.jpg,/trinity/home/m.romanov/benchmarking/datasets/MIST_HER2/trainB/IHC/31M2101871_7_18.jpg
70M2100623,70M2100623_24_20,0,0,1,/trinity/home/m.romanov/benchmarking/datasets/MIST_HER2/trainA/HE/70M2100623_24_20.jpg,/trinity/home/m.romanov/benchmarking/datasets/MIST_HER2/trainB/IHC/70M2100623_24_20.jpg
57M2101034,57M2101034_11_3,0,0,1,/trinity/home/m.romanov/benchmarking/datasets/MIST_HER2/trainA/HE/57M2101034_11_3.jpg,/trinity/home/m.romanov/benchmarking/datasets/MIST_HER2/trainB/IHC/57M2101034_11_3.jpg
80M2100377,80M2100377_8_32,0,0,1,/trinity/home/m.romanov/benchmarking/datasets/MIST_HER2/trainA/HE/80M2100377_8_32.jpg,/trinity/home/m.romanov/benchmarking/datasets/MIST_HER2/trainB/IHC/80M2100377_8_32.jpg
12M2102884,12M2102884_7_5,0,0,1,/trinity/home/m.romanov/benchmarking/datasets/MIST_HER2/trainA/HE/12M2102884_7_5.jpg,/trinity/home/m.romanov/benchmarking/datasets/MIST_HER2/trainB/IHC/12M2102884_7_5.jpg
89M2100212,89M2100212_10_20,0,0,1,/trinity/home/m.romanov/benchmarking/datasets/MIST_HER2/trainA/HE/89M2100212_10_20.jpg,/trinity/home/m.romanov/benchmarking/datasets/MIST_HER2/trainB/IHC/89M2100212_10_20.jpg
89M2100212,89M2100212_3_19,0,0,1,/trinity/home/m.romanov/benchmarking/datasets/MIST_HER2/trainA/HE/89M2100212_3_19.jpg,/trinity/home/m.romanov/benchmarking/datasets/MIST_HER2/trainB/IHC/89M2100212_3_19.jpg
93M2100147,93M2100147_5_17,0,0,1,/trinity/home/m.romanov/benchmarking/datasets/MIST_HER2/trainA/HE/93M2100147_5_17.jpg,/trinity/home/m.romanov/benchmarking/datasets/MIST_HER2/trainB/IHC/93M2100147_5_17.jpg
40M2101566,40M2101566_28_37,0,0,1,/trinity/home/m.romanov/benchmarking/datasets/MIST_HER2/trainA/HE/40M2101566_28_37.jpg,/trinity/home/m.romanov/benchmarking/datasets/MIST_HER2/trainB/IHC/40M2101566_28_37.jpg
89M2100212,89M2100212_12_23,0,0,1,/trinity/home/m.romanov/benchmarking/datasets/MIST_HER2/trainA/HE/89M2100212_12_23.jpg,/trinity/home/m.romanov/benchmarking/datasets/MIST_HER2/trainB/IHC/89M2100212_12_23.jpg
88M2100218,88M2100218_16_15,0,0,1,/trinity/home/m.romanov/benchmarking/datasets/MIST_HER2/trainA/HE/88M2100218_16_15.jpg,/trinity/home/m.romanov/benchmarking/datasets/MIST_HER2/trainB/IHC/88M2100218_16_15.jpg
93M2100147,93M2100147_12_8,0,0,1,/trinity/home/m.romanov/benchmarking/datasets/MIST_HER2/trainA/HE/93M2100147_12_8.jpg,/trinity/home/m.romanov/benchmarking/datasets/MIST_HER2/trainB/IHC/93M2100147_12_8.jpg
57M2101034,57M2101034_11_11,0,0,1,/trinity/home/m.romanov/benchmarking/datasets/MIST_HER2/trainA/HE/57M2101034_11_11.jpg,/trinity/home/m.romanov/benchmarking/datasets/MIST_HER2/trainB/IHC/57M2101034_11_11.jpg
27M2102007,27M2102007_5_21,0,0,1,/trinity/home/m.romanov/benchmarking/datasets/MIST_HER2/trainA/HE/27M2102007_5_21.jpg,/trinity/home/m.romanov/benchmarking/datasets/MIST_HER2/trainB/IHC/27M2102007_5_21.jpg
2M2103108,2M2103108_15_16,0,0,1,/trinity/home/m.romanov/benchmarking/datasets/MIST_HER2/trainA/HE/2M2103108_15_16.jpg,/trinity/home/m.romanov/benchmarking/datasets/MIST_HER2/trainB/IHC/2M2103108_15_16.jpg
75M2100521,75M2100521_13_15,0,0,1,/trinity/home/m.romanov/benchmarking/datasets/MIST_HER2/trainA/HE/75M2100521_13_15.jpg,/trinity/home/m.romanov/benchmarking/datasets/MIST_HER2/trainB/IHC/75M2100521_13_15.jpg
80M2100377,80M2100377_15_6,0,0,1,/trinity/home/m.romanov/benchmarking/datasets/MIST_HER2/trainA/HE/80M2100377_15_6.jpg,/trinity/home/m.romanov/benchmarking/datasets/MIST_HER2/trainB/IHC/80M2100377_15_6.jpg
100M2004069,100M2004069_32_26,0,0,1,/trinity/home/m.romanov/benchmarking/datasets/MIST_HER2/trainA/HE/100M2004069_32_26.jpg,/trinity/home/m.romanov/benchmarking/datasets/MIST_HER2/trainB/IHC/100M2004069_32_26.jpg
15M2102762,15M2102762_28_14,0,0,1,/trinity/home/m.romanov/benchmarking/datasets/MIST_HER2/trainA/HE/15M2102762_28_14.jpg,/trinity/home/m.romanov/benchmarking/datasets/MIST_HER2/trainB/IHC/15M2102762_28_14.jpg
57M2101034,57M2101034_17_4,0,0,1,/trinity/home/m.romanov/benchmarking/datasets/MIST_HER2/trainA/HE/57M2101034_17_4.jpg,/trinity/home/m.romanov/benchmarking/datasets/MIST_HER2/trainB/IHC/57M2101034_17_4.jpg
100M2004069,100M2004069_17_29,0,0,1,/trinity/home/m.romanov/benchmarking/datasets/MIST_HER2/trainA/HE/100M2004069_17_29.jpg,/trinity/home/m.romanov/benchmarking/datasets/MIST_HER2/trainB/IHC/100M2004069_17_29.jpg
83M2100256,83M2100256_20_21,0,0,1,/trinity/home/m.romanov/benchmarking/datasets/MIST_HER2/trainA/HE/83M2100256_20_21.jpg,/trinity/home/m.romanov/benchmarking/datasets/MIST_HER2/trainB/IHC/83M2100256_20_21.jpg
74M2100526,74M2100526_10_17,0,0,1,/trinity/home/m.romanov/benchmarking/datasets/MIST_HER2/trainA/HE/74M2100526_10_17.jpg,/trinity/home/m.romanov/benchmarking/datasets/MIST_HER2/trainB/IHC/74M2100526_10_17.jpg
57M2101034,57M2101034_10_27,0,0,1,/trinity/home/m.romanov/benchmarking/datasets/MIST_HER2/trainA/HE/57M2101034_10_27.jpg,/trinity/home/m.romanov/benchmarking/datasets/MIST_HER2/trainB/IHC/57M2101034_10_27.jpg
74M2100526,74M2100526_18_9,0,0,1,/trinity/home/m.romanov/benchmarking/datasets/MIST_HER2/trainA/HE/74M2100526_18_9.jpg,/trinity/home/m.romanov/benchmarking/datasets/MIST_HER2/trainB/IHC/74M2100526_18_9.jpg
89M2100212,89M2100212_13_21,0,0,1,/trinity/home/m.romanov/benchmarking/datasets/MIST_HER2/trainA/HE/89M2100212_13_21.jpg,/trinity/home/m.romanov/benchmarking/datasets/MIST_HER2/trainB/IHC/89M2100212_13_21.jpg
92M2100150,92M2100150_9_9,0,0,1,/trinity/home/m.romanov/benchmarking/datasets/MIST_HER2/trainA/HE/92M2100150_9_9.jpg,/trinity/home/m.romanov/benchmarking/datasets/MIST_HER2/trainB/IHC/92M2100150_9_9.jpg
45M2101377,45M2101377_7_7,0,0,1,/trinity/home/m.romanov/benchmarking/datasets/MIST_HER2/trainA/HE/45M2101377_7_7.jpg,/trinity/home/m.romanov/benchmarking/datasets/MIST_HER2/trainB/IHC/45M2101377_7_7.jpg
81M2100356,81M2100356_9_26,0,0,1,/trinity/home/m.romanov/benchmarking/datasets/MIST_HER2/trainA/HE/81M2100356_9_26.jpg,/trinity/home/m.romanov/benchmarking/datasets/MIST_HER2/trainB/IHC/81M2100356_9_26.jpg
83M2100256,83M2100256_32_17,0,0,1,/trinity/home/m.romanov/benchmarking/datasets/MIST_HER2/trainA/HE/83M2100256_32_17.jpg,/trinity/home/m.romanov/benchmarking/datasets/MIST_HER2/trainB/IHC/83M2100256_32_17.jpg
10M2102916,10M2102916_12_11,0,0,1,/trinity/home/m.romanov/benchmarking/datasets/MIST_HER2/trainA/HE/10M2102916_12_11.jpg,/trinity/home/m.romanov/benchmarking/datasets/MIST_HER2/trainB/IHC/10M2102916_12_11.jpg
92M2100150,92M2100150_19_33,0,0,1,/trinity/home/m.romanov/benchmarking/datasets/MIST_HER2/trainA/HE/92M2100150_19_33.jpg,/trinity/home/m.romanov/benchmarking/datasets/MIST_HER2/trainB/IHC/92M2100150_19_33.jpg
6M2103024,6M2103024_7_23,0,0,1,/trinity/home/m.romanov/benchmarking/datasets/MIST_HER2/trainA/HE/6M2103024_7_23.jpg,/trinity/home/m.romanov/benchmarking/datasets/MIST_HER2/trainB/IHC/6M2103024_7_23.jpg
89M2100212,89M2100212_8_23,0,0,1,/trinity/home/m.romanov/benchmarking/datasets/MIST_HER2/trainA/HE/89M2100212_8_23.jpg,/trinity/home/m.romanov/benchmarking/datasets/MIST_HER2/trainB/IHC/89M2100212_8_23.jpg
22M2102266,22M2102266_12_21,0,0,1,/trinity/home/m.romanov/benchmarking/datasets/MIST_HER2/trainA/HE/22M2102266_12_21.jpg,/trinity/home/m.romanov/benchmarking/datasets/MIST_HER2/trainB/IHC/22M2102266_12_21.jpg
16M2102718,16M2102718_21_24,0,0,1,/trinity/home/m.romanov/benchmarking/datasets/MIST_HER2/trainA/HE/16M2102718_21_24.jpg,/trinity/home/m.romanov/benchmarking/datasets/MIST_HER2/trainB/IHC/16M2102718_21_24.jpg
70M2100623,70M2100623_24_22,0,0,1,/trinity/home/m.romanov/benchmarking/datasets/MIST_HER2/trainA/HE/70M2100623_24_22.jpg,/trinity/home/m.romanov/benchmarking/datasets/MIST_HER2/trainB/IHC/70M2100623_24_22.jpg
89M2100212,89M2100212_11_25,0,0,1,/trinity/home/m.romanov/benchmarking/datasets/MIST_HER2/trainA/HE/89M2100212_11_25.jpg,/trinity/home/m.romanov/benchmarking/datasets/MIST_HER2/trainB/IHC/89M2100212_11_25.jpg
93M2100147,93M2100147_4_9,0,0,1,/trinity/home/m.romanov/benchmarking/datasets/MIST_HER2/trainA/HE/93M2100147_4_9.jpg,/trinity/home/m.romanov/benchmarking/datasets/MIST_HER2/trainB/IHC/93M2100147_4_9.jpg
15M2102762,15M2102762_13_21,0,0,1,/trinity/home/m.romanov/benchmarking/datasets/MIST_HER2/trainA/HE/15M2102762_13_21.jpg,/trinity/home/m.romanov/benchmarking/datasets/MIST_HER2/trainB/IHC/15M2102762_13_21.jpg
23M2102136,23M2102136_28_9,0,0,1,/trinity/home/m.romanov/benchmarking/datasets/MIST_HER2/trainA/HE/23M2102136_28_9.jpg,/trinity/home/m.romanov/benchmarking/datasets/MIST_HER2/trainB/IHC/23M2102136_28_9.jpg
15M2102762,15M2102762_14_20,0,0,1,/trinity/home/m.romanov/benchmarking/datasets/MIST_HER2/trainA/HE/15M2102762_14_20.jpg,/trinity/home/m.romanov/benchmarking/datasets/MIST_HER2/trainB/IHC/15M2102762_14_20.jpg
93M2100147,93M2100147_14_24,0,0,1,/trinity/home/m.romanov/benchmarking/datasets/MIST_HER2/trainA/HE/93M2100147_14_24.jpg,/trinity/home/m.romanov/benchmarking/datasets/MIST_HER2/trainB/IHC/93M2100147_14_24.jpg
68M2100640,68M2100640_12_21,0,0,1,/trinity/home/m.romanov/benchmarking/datasets/MIST_HER2/trainA/HE/68M2100640_12_21.jpg,/trinity/home/m.romanov/benchmarking/datasets/MIST_HER2/trainB/IHC/68M2100640_12_21.jpg
40M2101566,40M2101566_31_32,0,0,1,/trinity/home/m.romanov/benchmarking/datasets/MIST_HER2/trainA/HE/40M2101566_31_32.jpg,/trinity/home/m.romanov/benchmarking/datasets/MIST_HER2/trainB/IHC/40M2101566_31_32.jpg
10M2102916,10M2102916_27_29,0,0,1,/trinity/home/m.romanov/benchmarking/datasets/MIST_HER2/trainA/HE/10M2102916_27_29.jpg,/trinity/home/m.romanov/benchmarking/datasets/MIST_HER2/trainB/IHC/10M2102916_27_29.jpg
93M2100147,93M2100147_9_13,0,0,1,/trinity/home/m.romanov/benchmarking/datasets/MIST_HER2/trainA/HE/93M2100147_9_13.jpg,/trinity/home/m.romanov/benchmarking/datasets/MIST_HER2/trainB/IHC/93M2100147_9_13.jpg
6M2103024,6M2103024_14_14,0,0,1,/trinity/home/m.romanov/benchmarking/datasets/MIST_HER2/trainA/HE/6M2103024_14_14.jpg,/trinity/home/m.romanov/benchmarking/datasets/MIST_HER2/trainB/IHC/6M2103024_14_14.jpg
57M2101034,57M2101034_9_12,0,0,1,/trinity/home/m.romanov/benchmarking/datasets/MIST_HER2/trainA/HE/57M2101034_9_12.jpg,/trinity/home/m.romanov/benchmarking/datasets/MIST_HER2/trainB/IHC/57M2101034_9_12.jpg
15M2102762,15M2102762_16_6,0,0,1,/trinity/home/m.romanov/benchmarking/datasets/MIST_HER2/trainA/HE/15M2102762_16_6.jpg,/trinity/home/m.romanov/benchmarking/datasets/MIST_HER2/trainB/IHC/15M2102762_16_6.jpg
2M2103108,2M2103108_26_12,0,0,1,/trinity/home/m.romanov/benchmarking/datasets/MIST_HER2/trainA/HE/2M2103108_26_12.jpg,/trinity/home/m.romanov/benchmarking/datasets/MIST_HER2/trainB/IHC/2M2103108_26_12.jpg
83M2100256,83M2100256_24_18,0,0,1,/trinity/home/m.romanov/benchmarking/datasets/MIST_HER2/trainA/HE/83M2100256_24_18.jpg,/trinity/home/m.romanov/benchmarking/datasets/MIST_HER2/trainB/IHC/83M2100256_24_18.jpg
57M2101034,57M2101034_17_20,0,0,1,/trinity/home/m.romanov/benchmarking/datasets/MIST_HER2/trainA/HE/57M2101034_17_20.jpg,/trinity/home/m.romanov/benchmarking/datasets/MIST_HER2/trainB/IHC/57M2101034_17_20.jpg
88M2100218,88M2100218_16_17,0,0,1,/trinity/home/m.romanov/benchmarking/datasets/MIST_HER2/trainA/HE/88M2100218_16_17.jpg,/trinity/home/m.romanov/benchmarking/datasets/MIST_HER2/trainB/IHC/88M2100218_16_17.jpg
15M2102762,15M2102762_12_17,0,0,1,/trinity/home/m.romanov/benchmarking/datasets/MIST_HER2/trainA/HE/15M2102762_12_17.jpg,/trinity/home/m.romanov/benchmarking/datasets/MIST_HER2/trainB/IHC/15M2102762_12_17.jpg
15M2102762,15M2102762_13_19,0,0,1,/trinity/home/m.romanov/benchmarking/datasets/MIST_HER2/trainA/HE/15M2102762_13_19.jpg,/trinity/home/m.romanov/benchmarking/datasets/MIST_HER2/trainB/IHC/15M2102762_13_19.jpg
83M2100256,83M2100256_30_16,0,0,1,/trinity/home/m.romanov/benchmarking/datasets/MIST_HER2/trainA/HE/83M2100256_30_16.jpg,/trinity/home/m.romanov/benchmarking/datasets/MIST_HER2/trainB/IHC/83M2100256_30_16.jpg
68M2100640,68M2100640_19_7,0,0,1,/trinity/home/m.romanov/benchmarking/datasets/MIST_HER2/trainA/HE/68M2100640_19_7.jpg,/trinity/home/m.romanov/benchmarking/datasets/MIST_HER2/trainB/IHC/68M2100640_19_7.jpg
40M2101566,40M2101566_49_20,0,0,1,/trinity/home/m.romanov/benchmarking/datasets/MIST_HER2/trainA/HE/40M2101566_49_20.jpg,/trinity/home/m.romanov/benchmarking/datasets/MIST_HER2/trainB/IHC/40M2101566_49_20.jpg
46M2101353,46M2101353_18_4,0,0,1,/trinity/home/m.romanov/benchmarking/datasets/MIST_HER2/trainA/HE/46M2101353_18_4.jpg,/trinity/home/m.romanov/benchmarking/datasets/MIST_HER2/trainB/IHC/46M2101353_18_4.jpg
100M2004069,100M2004069_24_11,0,0,1,/trinity/home/m.romanov/benchmarking/datasets/MIST_HER2/trainA/HE/100M2004069_24_11.jpg,/trinity/home/m.romanov/benchmarking/datasets/MIST_HER2/trainB/IHC/100M2004069_24_11.jpg
93M2100147,93M2100147_7_25,0,0,1,/trinity/home/m.romanov/benchmarking/datasets/MIST_HER2/trainA/HE/93M2100147_7_25.jpg,/trinity/home/m.romanov/benchmarking/datasets/MIST_HER2/trainB/IHC/93M2100147_7_25.jpg
2M2103108,2M2103108_6_12,0,0,1,/trinity/home/m.romanov/benchmarking/datasets/MIST_HER2/trainA/HE/2M2103108_6_12.jpg,/trinity/home/m.romanov/benchmarking/datasets/MIST_HER2/trainB/IHC/2M2103108_6_12.jpg
40M2101566,40M2101566_34_28,0,0,1,/trinity/home/m.romanov/benchmarking/datasets/MIST_HER2/trainA/HE/40M2101566_34_28.jpg,/trinity/home/m.romanov/benchmarking/datasets/MIST_HER2/trainB/IHC/40M2101566_34_28.jpg
89M2100212,89M2100212_13_22,0,0,1,/trinity/home/m.romanov/benchmarking/datasets/MIST_HER2/trainA/HE/89M2100212_13_22.jpg,/trinity/home/m.romanov/benchmarking/datasets/MIST_HER2/trainB/IHC/89M2100212_13_22.jpg
40M2101566,40M2101566_24_34,0,0,1,/trinity/home/m.romanov/benchmarking/datasets/MIST_HER2/trainA/HE/40M2101566_24_34.jpg,/trinity/home/m.romanov/benchmarking/datasets/MIST_HER2/trainB/IHC/40M2101566_24_34.jpg
2M2103108,2M2103108_7_15,0,0,1,/trinity/home/m.romanov/benchmarking/datasets/MIST_HER2/trainA/HE/2M2103108_7_15.jpg,/trinity/home/m.romanov/benchmarking/datasets/MIST_HER2/trainB/IHC/2M2103108_7_15.jpg
31M2101871,31M2101871_39_18,0,0,1,/trinity/home/m.romanov/benchmarking/datasets/MIST_HER2/trainA/HE/31M2101871_39_18.jpg,/trinity/home/m.romanov/benchmarking/datasets/MIST_HER2/trainB/IHC/31M2101871_39_18.jpg
6M2103024,6M2103024_16_18,0,0,1,/trinity/home/m.romanov/benchmarking/datasets/MIST_HER2/trainA/HE/6M2103024_16_18.jpg,/trinity/home/m.romanov/benchmarking/datasets/MIST_HER2/trainB/IHC/6M2103024_16_18.jpg
100M2004069,100M2004069_20_31,0,0,1,/trinity/home/m.romanov/benchmarking/datasets/MIST_HER2/trainA/HE/100M2004069_20_31.jpg,/trinity/home/m.romanov/benchmarking/datasets/MIST_HER2/trainB/IHC/100M2004069_20_31.jpg
57M2101034,57M2101034_13_11,0,0,1,/trinity/home/m.romanov/benchmarking/datasets/MIST_HER2/trainA/HE/57M2101034_13_11.jpg,/trinity/home/m.romanov/benchmarking/datasets/MIST_HER2/trainB/IHC/57M2101034_13_11.jpg
6M2103024,6M2103024_21_16,0,0,1,/trinity/home/m.romanov/benchmarking/datasets/MIST_HER2/trainA/HE/6M2103024_21_16.jpg,/trinity/home/m.romanov/benchmarking/datasets/MIST_HER2/trainB/IHC/6M2103024_21_16.jpg
74M2100526,74M2100526_25_21,0,0,1,/trinity/home/m.romanov/benchmarking/datasets/MIST_HER2/trainA/HE/74M2100526_25_21.jpg,/trinity/home/m.romanov/benchmarking/datasets/MIST_HER2/trainB/IHC/74M2100526_25_21.jpg
89M2100212,89M2100212_14_11,0,0,1,/trinity/home/m.romanov/benchmarking/datasets/MIST_HER2/trainA/HE/89M2100212_14_11.jpg,/trinity/home/m.romanov/benchmarking/datasets/MIST_HER2/trainB/IHC/89M2100212_14_11.jpg
98M2004096,98M2004096_23_1,0,0,1,/trinity/home/m.romanov/benchmarking/datasets/MIST_HER2/trainA/HE/98M2004096_23_1.jpg,/trinity/home/m.romanov/benchmarking/datasets/MIST_HER2/trainB/IHC/98M2004096_23_1.jpg
40M2101566,40M2101566_23_19,0,0,1,/trinity/home/m.romanov/benchmarking/datasets/MIST_HER2/trainA/HE/40M2101566_23_19.jpg,/trinity/home/m.romanov/benchmarking/datasets/MIST_HER2/trainB/IHC/40M2101566_23_19.jpg
80M2100377,80M2100377_17_27,0,0,1,/trinity/home/m.romanov/benchmarking/datasets/MIST_HER2/trainA/HE/80M2100377_17_27.jpg,/trinity/home/m.romanov/benchmarking/datasets/MIST_HER2/trainB/IHC/80M2100377_17_27.jpg
6M2103024,6M2103024_24_19,0,0,1,/trinity/home/m.romanov/benchmarking/datasets/MIST_HER2/trainA/HE/6M2103024_24_19.jpg,/trinity/home/m.romanov/benchmarking/datasets/MIST_HER2/trainB/IHC/6M2103024_24_19.jpg
76M2100485,76M2100485_29_16,0,0,1,/trinity/home/m.romanov/benchmarking/datasets/MIST_HER2/trainA/HE/76M2100485_29_16.jpg,/trinity/home/m.romanov/benchmarking/datasets/MIST_HER2/trainB/IHC/76M2100485_29_16.jpg
15M2102762,15M2102762_14_9,0,0,1,/trinity/home/m.romanov/benchmarking/datasets/MIST_HER2/trainA/HE/15M2102762_14_9.jpg,/trinity/home/m.romanov/benchmarking/datasets/MIST_HER2/trainB/IHC/15M2102762_14_9.jpg
70M2100623,70M2100623_14_6,0,0,1,/trinity/home/m.romanov/benchmarking/datasets/MIST_HER2/trainA/HE/70M2100623_14_6.jpg,/trinity/home/m.romanov/benchmarking/datasets/MIST_HER2/trainB/IHC/70M2100623_14_6.jpg
93M2100147,93M2100147_6_15,0,0,1,/trinity/home/m.romanov/benchmarking/datasets/MIST_HER2/trainA/HE/93M2100147_6_15.jpg,/trinity/home/m.romanov/benchmarking/datasets/MIST_HER2/trainB/IHC/93M2100147_6_15.jpg
19M2102438,19M2102438_36_25,0,0,1,/trinity/home/m.romanov/benchmarking/datasets/MIST_HER2/trainA/HE/19M2102438_36_25.jpg,/trinity/home/m.romanov/benchmarking/datasets/MIST_HER2/trainB/IHC/19M2102438_36_25.jpg
40M2101566,40M2101566_22_19,0,0,1,/trinity/home/m.romanov/benchmarking/datasets/MIST_HER2/trainA/HE/40M2101566_22_19.jpg,/trinity/home/m.romanov/benchmarking/datasets/MIST_HER2/trainB/IHC/40M2101566_22_19.jpg
6M2103024,6M2103024_13_12,0,0,1,/trinity/home/m.romanov/benchmarking/datasets/MIST_HER2/trainA/HE/6M2103024_13_12.jpg,/trinity/home/m.romanov/benchmarking/datasets/MIST_HER2/trainB/IHC/6M2103024_13_12.jpg
27M2102007,27M2102007_19_27,0,0,1,/trinity/home/m.romanov/benchmarking/datasets/MIST_HER2/trainA/HE/27M2102007_19_27.jpg,/trinity/home/m.romanov/benchmarking/datasets/MIST_HER2/trainB/IHC/27M2102007_19_27.jpg
92M2100150,92M2100150_23_34,0,0,1,/trinity/home/m.romanov/benchmarking/datasets/MIST_HER2/trainA/HE/92M2100150_23_34.jpg,/trinity/home/m.romanov/benchmarking/datasets/MIST_HER2/trainB/IHC/92M2100150_23_34.jpg
92M2100150,92M2100150_6_17,0,0,1,/trinity/home/m.romanov/benchmarking/datasets/MIST_HER2/trainA/HE/92M2100150_6_17.jpg,/trinity/home/m.romanov/benchmarking/datasets/MIST_HER2/trainB/IHC/92M2100150_6_17.jpg
89M2100212,89M2100212_14_13,0,0,1,/trinity/home/m.romanov/benchmarking/datasets/MIST_HER2/trainA/HE/89M2100212_14_13.jpg,/trinity/home/m.romanov/benchmarking/datasets/MIST_HER2/trainB/IHC/89M2100212_14_13.jpg
80M2100377,80M2100377_23_20,0,0,1,/trinity/home/m.romanov/benchmarking/datasets/MIST_HER2/trainA/HE/80M2100377_23_20.jpg,/trinity/home/m.romanov/benchmarking/datasets/MIST_HER2/trainB/IHC/80M2100377_23_20.jpg
6M2103024,6M2103024_19_17,0,0,1,/trinity/home/m.romanov/benchmarking/datasets/MIST_HER2/trainA/HE/6M2103024_19_17.jpg,/trinity/home/m.romanov/benchmarking/datasets/MIST_HER2/trainB/IHC/6M2103024_19_17.jpg
57M2101034,57M2101034_13_2,0,0,1,/trinity/home/m.romanov/benchmarking/datasets/MIST_HER2/trainA/HE/57M2101034_13_2.jpg,/trinity/home/m.romanov/benchmarking/datasets/MIST_HER2/trainB/IHC/57M2101034_13_2.jpg
39M2101576,39M2101576_22_28,0,0,1,/trinity/home/m.romanov/benchmarking/datasets/MIST_HER2/trainA/HE/39M2101576_22_28.jpg,/trinity/home/m.romanov/benchmarking/datasets/MIST_HER2/trainB/IHC/39M2101576_22_28.jpg
80M2100377,80M2100377_31_20,0,0,1,/trinity/home/m.romanov/benchmarking/datasets/MIST_HER2/trainA/HE/80M2100377_31_20.jpg,/trinity/home/m.romanov/benchmarking/datasets/MIST_HER2/trainB/IHC/80M2100377_31_20.jpg
57M2101034,57M2101034_20_21,0,0,1,/trinity/home/m.romanov/benchmarking/datasets/MIST_HER2/trainA/HE/57M2101034_20_21.jpg,/trinity/home/m.romanov/benchmarking/datasets/MIST_HER2/trainB/IHC/57M2101034_20_21.jpg
74M2100526,74M2100526_18_4,0,0,1,/trinity/home/m.romanov/benchmarking/datasets/MIST_HER2/trainA/HE/74M2100526_18_4.jpg,/trinity/home/m.romanov/benchmarking/datasets/MIST_HER2/trainB/IHC/74M2100526_18_4.jpg
93M2100147,93M2100147_6_12,0,0,1,/trinity/home/m.romanov/benchmarking/datasets/MIST_HER2/trainA/HE/93M2100147_6_12.jpg,/trinity/home/m.romanov/benchmarking/datasets/MIST_HER2/trainB/IHC/93M2100147_6_12.jpg
48M2101314,48M2101314_20_34,0,0,1,/trinity/home/m.romanov/benchmarking/datasets/MIST_HER2/trainA/HE/48M2101314_20_34.jpg,/trinity/home/m.romanov/benchmarking/datasets/MIST_HER2/trainB/IHC/48M2101314_20_34.jpg
33M2101839,33M2101839_9_2,0,0,1,/trinity/home/m.romanov/benchmarking/datasets/MIST_HER2/trainA/HE/33M2101839_9_2.jpg,/trinity/home/m.romanov/benchmarking/datasets/MIST_HER2/trainB/IHC/33M2101839_9_2.jpg
22M2102266,22M2102266_23_24,0,0,1,/trinity/home/m.romanov/benchmarking/datasets/MIST_HER2/trainA/HE/22M2102266_23_24.jpg,/trinity/home/m.romanov/benchmarking/datasets/MIST_HER2/trainB/IHC/22M2102266_23_24.jpg
68M2100640,68M2100640_11_19,0,0,1,/trinity/home/m.romanov/benchmarking/datasets/MIST_HER2/trainA/HE/68M2100640_11_19.jpg,/trinity/home/m.romanov/benchmarking/datasets/MIST_HER2/trainB/IHC/68M2100640_11_19.jpg
89M2100212,89M2100212_18_17,0,0,1,/trinity/home/m.romanov/benchmarking/datasets/MIST_HER2/trainA/HE/89M2100212_18_17.jpg,/trinity/home/m.romanov/benchmarking/datasets/MIST_HER2/trainB/IHC/89M2100212_18_17.jpg
27M2102007,27M2102007_11_29,0,0,1,/trinity/home/m.romanov/benchmarking/datasets/MIST_HER2/trainA/HE/27M2102007_11_29.jpg,/trinity/home/m.romanov/benchmarking/datasets/MIST_HER2/trainB/IHC/27M2102007_11_29.jpg
47M2101316,47M2101316_9_25,0,0,1,/trinity/home/m.romanov/benchmarking/datasets/MIST_HER2/trainA/HE/47M2101316_9_25.jpg,/trinity/home/m.romanov/benchmarking/datasets/MIST_HER2/trainB/IHC/47M2101316_9_25.jpg
92M2100150,92M2100150_1_34,0,0,1,/trinity/home/m.romanov/benchmarking/datasets/MIST_HER2/trainA/HE/92M2100150_1_34.jpg,/trinity/home/m.romanov/benchmarking/datasets/MIST_HER2/trainB/IHC/92M2100150_1_34.jpg
15M2102762,15M2102762_17_22,0,0,1,/trinity/home/m.romanov/benchmarking/datasets/MIST_HER2/trainA/HE/15M2102762_17_22.jpg,/trinity/home/m.romanov/benchmarking/datasets/MIST_HER2/trainB/IHC/15M2102762_17_22.jpg
92M2100150,92M2100150_8_32,0,0,1,/trinity/home/m.romanov/benchmarking/datasets/MIST_HER2/trainA/HE/92M2100150_8_32.jpg,/trinity/home/m.romanov/benchmarking/datasets/MIST_HER2/trainB/IHC/92M2100150_8_32.jpg
88M2100218,88M2100218_5_20,0,0,1,/trinity/home/m.romanov/benchmarking/datasets/MIST_HER2/trainA/HE/88M2100218_5_20.jpg,/trinity/home/m.romanov/benchmarking/datasets/MIST_HER2/trainB/IHC/88M2100218_5_20.jpg
52M2101275,52M2101275_3_7,0,0,1,/trinity/home/m.romanov/benchmarking/datasets/MIST_HER2/trainA/HE/52M2101275_3_7.jpg,/trinity/home/m.romanov/benchmarking/datasets/MIST_HER2/trainB/IHC/52M2101275_3_7.jpg
22M2102266,22M2102266_16_15,0,0,1,/trinity/home/m.romanov/benchmarking/datasets/MIST_HER2/trainA/HE/22M2102266_16_15.jpg,/trinity/home/m.romanov/benchmarking/datasets/MIST_HER2/trainB/IHC/22M2102266_16_15.jpg
89M2100212,89M2100212_4_15,0,0,1,/trinity/home/m.romanov/benchmarking/datasets/MIST_HER2/trainA/HE/89M2100212_4_15.jpg,/trinity/home/m.romanov/benchmarking/datasets/MIST_HER2/trainB/IHC/89M2100212_4_15.jpg
100M2004069,100M2004069_20_26,0,0,1,/trinity/home/m.romanov/benchmarking/datasets/MIST_HER2/trainA/HE/100M2004069_20_26.jpg,/trinity/home/m.romanov/benchmarking/datasets/MIST_HER2/trainB/IHC/100M2004069_20_26.jpg
89M2100212,89M2100212_8_18,0,0,1,/trinity/home/m.romanov/benchmarking/datasets/MIST_HER2/trainA/HE/89M2100212_8_18.jpg,/trinity/home/m.romanov/benchmarking/datasets/MIST_HER2/trainB/IHC/89M2100212_8_18.jpg
33M2101839,33M2101839_17_15,0,0,1,/trinity/home/m.romanov/benchmarking/datasets/MIST_HER2/trainA/HE/33M2101839_17_15.jpg,/trinity/home/m.romanov/benchmarking/datasets/MIST_HER2/trainB/IHC/33M2101839_17_15.jpg
2M2103108,2M2103108_28_9,0,0,1,/trinity/home/m.romanov/benchmarking/datasets/MIST_HER2/trainA/HE/2M2103108_28_9.jpg,/trinity/home/m.romanov/benchmarking/datasets/MIST_HER2/trainB/IHC/2M2103108_28_9.jpg
6M2103024,6M2103024_22_20,0,0,1,/trinity/home/m.romanov/benchmarking/datasets/MIST_HER2/trainA/HE/6M2103024_22_20.jpg,/trinity/home/m.romanov/benchmarking/datasets/MIST_HER2/trainB/IHC/6M2103024_22_20.jpg
40M2101566,40M2101566_30_29,0,0,1,/trinity/home/m.romanov/benchmarking/datasets/MIST_HER2/trainA/HE/40M2101566_30_29.jpg,/trinity/home/m.romanov/benchmarking/datasets/MIST_HER2/trainB/IHC/40M2101566_30_29.jpg
57M2101034,57M2101034_21_6,0,0,1,/trinity/home/m.romanov/benchmarking/datasets/MIST_HER2/trainA/HE/57M2101034_21_6.jpg,/trinity/home/m.romanov/benchmarking/datasets/MIST_HER2/trainB/IHC/57M2101034_21_6.jpg
15M2102762,15M2102762_14_14,0,0,1,/trinity/home/m.romanov/benchmarking/datasets/MIST_HER2/trainA/HE/15M2102762_14_14.jpg,/trinity/home/m.romanov/benchmarking/datasets/MIST_HER2/trainB/IHC/15M2102762_14_14.jpg
92M2100150,92M2100150_30_22,0,0,1,/trinity/home/m.romanov/benchmarking/datasets/MIST_HER2/trainA/HE/92M2100150_30_22.jpg,/trinity/home/m.romanov/benchmarking/datasets/MIST_HER2/trainB/IHC/92M2100150_30_22.jpg
28M2101987,28M2101987_7_20,0,0,1,/trinity/home/m.romanov/benchmarking/datasets/MIST_HER2/trainA/HE/28M2101987_7_20.jpg,/trinity/home/m.romanov/benchmarking/datasets/MIST_HER2/trainB/IHC/28M2101987_7_20.jpg
47M2101316,47M2101316_15_25,0,0,1,/trinity/home/m.romanov/benchmarking/datasets/MIST_HER2/trainA/HE/47M2101316_15_25.jpg,/trinity/home/m.romanov/benchmarking/datasets/MIST_HER2/trainB/IHC/47M2101316_15_25.jpg
100M2004069,100M2004069_28_18,0,0,1,/trinity/home/m.romanov/benchmarking/datasets/MIST_HER2/trainA/HE/100M2004069_28_18.jpg,/trinity/home/m.romanov/benchmarking/datasets/MIST_HER2/trainB/IHC/100M2004069_28_18.jpg
88M2100218,88M2100218_16_23,0,0,1,/trinity/home/m.romanov/benchmarking/datasets/MIST_HER2/trainA/HE/88M2100218_16_23.jpg,/trinity/home/m.romanov/benchmarking/datasets/MIST_HER2/trainB/IHC/88M2100218_16_23.jpg
39M2101576,39M2101576_13_28,0,0,1,/trinity/home/m.romanov/benchmarking/datasets/MIST_HER2/trainA/HE/39M2101576_13_28.jpg,/trinity/home/m.romanov/benchmarking/datasets/MIST_HER2/trainB/IHC/39M2101576_13_28.jpg
89M2100212,89M2100212_13_24,0,0,1,/trinity/home/m.romanov/benchmarking/datasets/MIST_HER2/trainA/HE/89M2100212_13_24.jpg,/trinity/home/m.romanov/benchmarking/datasets/MIST_HER2/trainB/IHC/89M2100212_13_24.jpg
81M2100356,81M2100356_24_33,0,0,1,/trinity/home/m.romanov/benchmarking/datasets/MIST_HER2/trainA/HE/81M2100356_24_33.jpg,/trinity/home/m.romanov/benchmarking/datasets/MIST_HER2/trainB/IHC/81M2100356_24_33.jpg
57M2101034,57M2101034_20_23,0,0,1,/trinity/home/m.romanov/benchmarking/datasets/MIST_HER2/trainA/HE/57M2101034_20_23.jpg,/trinity/home/m.romanov/benchmarking/datasets/MIST_HER2/trainB/IHC/57M2101034_20_23.jpg
48M2101314,48M2101314_2_30,0,0,1,/trinity/home/m.romanov/benchmarking/datasets/MIST_HER2/trainA/HE/48M2101314_2_30.jpg,/trinity/home/m.romanov/benchmarking/datasets/MIST_HER2/trainB/IHC/48M2101314_2_30.jpg
15M2102762,15M2102762_23_22,0,0,1,/trinity/home/m.romanov/benchmarking/datasets/MIST_HER2/trainA/HE/15M2102762_23_22.jpg,/trinity/home/m.romanov/benchmarking/datasets/MIST_HER2/trainB/IHC/15M2102762_23_22.jpg
98M2004096,98M2004096_22_15,0,0,1,/trinity/home/m.romanov/benchmarking/datasets/MIST_HER2/trainA/HE/98M2004096_22_15.jpg,/trinity/home/m.romanov/benchmarking/datasets/MIST_HER2/trainB/IHC/98M2004096_22_15.jpg
40M2101566,40M2101566_27_37,0,0,1,/trinity/home/m.romanov/benchmarking/datasets/MIST_HER2/trainA/HE/40M2101566_27_37.jpg,/trinity/home/m.romanov/benchmarking/datasets/MIST_HER2/trainB/IHC/40M2101566_27_37.jpg
10M2102916,10M2102916_2_24,0,0,1,/trinity/home/m.romanov/benchmarking/datasets/MIST_HER2/trainA/HE/10M2102916_2_24.jpg,/trinity/home/m.romanov/benchmarking/datasets/MIST_HER2/trainB/IHC/10M2102916_2_24.jpg
70M2100623,70M2100623_17_4,0,0,1,/trinity/home/m.romanov/benchmarking/datasets/MIST_HER2/trainA/HE/70M2100623_17_4.jpg,/trinity/home/m.romanov/benchmarking/datasets/MIST_HER2/trainB/IHC/70M2100623_17_4.jpg
100M2004069,100M2004069_15_27,0,0,1,/trinity/home/m.romanov/benchmarking/datasets/MIST_HER2/trainA/HE/100M2004069_15_27.jpg,/trinity/home/m.romanov/benchmarking/datasets/MIST_HER2/trainB/IHC/100M2004069_15_27.jpg
92M2100150,92M2100150_17_26,0,0,1,/trinity/home/m.romanov/benchmarking/datasets/MIST_HER2/trainA/HE/92M2100150_17_26.jpg,/trinity/home/m.romanov/benchmarking/datasets/MIST_HER2/trainB/IHC/92M2100150_17_26.jpg
39M2101576,39M2101576_20_8,0,0,1,/trinity/home/m.romanov/benchmarking/datasets/MIST_HER2/trainA/HE/39M2101576_20_8.jpg,/trinity/home/m.romanov/benchmarking/datasets/MIST_HER2/trainB/IHC/39M2101576_20_8.jpg
52M2101275,52M2101275_14_7,0,0,1,/trinity/home/m.romanov/benchmarking/datasets/MIST_HER2/trainA/HE/52M2101275_14_7.jpg,/trinity/home/m.romanov/benchmarking/datasets/MIST_HER2/trainB/IHC/52M2101275_14_7.jpg
22M2102266,22M2102266_12_23,0,0,1,/trinity/home/m.romanov/benchmarking/datasets/MIST_HER2/trainA/HE/22M2102266_12_23.jpg,/trinity/home/m.romanov/benchmarking/datasets/MIST_HER2/trainB/IHC/22M2102266_12_23.jpg
93M2100147,93M2100147_5_26,0,0,1,/trinity/home/m.romanov/benchmarking/datasets/MIST_HER2/trainA/HE/93M2100147_5_26.jpg,/trinity/home/m.romanov/benchmarking/datasets/MIST_HER2/trainB/IHC/93M2100147_5_26.jpg
89M2100212,89M2100212_10_24,0,0,1,/trinity/home/m.romanov/benchmarking/datasets/MIST_HER2/trainA/HE/89M2100212_10_24.jpg,/trinity/home/m.romanov/benchmarking/datasets/MIST_HER2/trainB/IHC/89M2100212_10_24.jpg
98M2004096,98M2004096_19_4,0,0,1,/trinity/home/m.romanov/benchmarking/datasets/MIST_HER2/trainA/HE/98M2004096_19_4.jpg,/trinity/home/m.romanov/benchmarking/datasets/MIST_HER2/trainB/IHC/98M2004096_19_4.jpg
4M2103059,4M2103059_9_13,0,0,1,/trinity/home/m.romanov/benchmarking/datasets/MIST_HER2/trainA/HE/4M2103059_9_13.jpg,/trinity/home/m.romanov/benchmarking/datasets/MIST_HER2/trainB/IHC/4M2103059_9_13.jpg
23M2102136,23M2102136_24_17,0,0,1,/trinity/home/m.romanov/benchmarking/datasets/MIST_HER2/trainA/HE/23M2102136_24_17.jpg,/trinity/home/m.romanov/benchmarking/datasets/MIST_HER2/trainB/IHC/23M2102136_24_17.jpg
68M2100640,68M2100640_8_20,0,0,1,/trinity/home/m.romanov/benchmarking/datasets/MIST_HER2/trainA/HE/68M2100640_8_20.jpg,/trinity/home/m.romanov/benchmarking/datasets/MIST_HER2/trainB/IHC/68M2100640_8_20.jpg
39M2101576,39M2101576_22_19,0,0,1,/trinity/home/m.romanov/benchmarking/datasets/MIST_HER2/trainA/HE/39M2101576_22_19.jpg,/trinity/home/m.romanov/benchmarking/datasets/MIST_HER2/trainB/IHC/39M2101576_22_19.jpg
22M2102266,22M2102266_22_23,0,0,1,/trinity/home/m.romanov/benchmarking/datasets/MIST_HER2/trainA/HE/22M2102266_22_23.jpg,/trinity/home/m.romanov/benchmarking/datasets/MIST_HER2/trainB/IHC/22M2102266_22_23.jpg
65M2100668,65M2100668_19_6,0,0,1,/trinity/home/m.romanov/benchmarking/datasets/MIST_HER2/trainA/HE/65M2100668_19_6.jpg,/trinity/home/m.romanov/benchmarking/datasets/MIST_HER2/trainB/IHC/65M2100668_19_6.jpg
15M2102762,15M2102762_5_22,0,0,1,/trinity/home/m.romanov/benchmarking/datasets/MIST_HER2/trainA/HE/15M2102762_5_22.jpg,/trinity/home/m.romanov/benchmarking/datasets/MIST_HER2/trainB/IHC/15M2102762_5_22.jpg
93M2100147,93M2100147_16_17,0,0,1,/trinity/home/m.romanov/benchmarking/datasets/MIST_HER2/trainA/HE/93M2100147_16_17.jpg,/trinity/home/m.romanov/benchmarking/datasets/MIST_HER2/trainB/IHC/93M2100147_16_17.jpg
75M2100521,75M2100521_23_18,0,0,1,/trinity/home/m.romanov/benchmarking/datasets/MIST_HER2/trainA/HE/75M2100521_23_18.jpg,/trinity/home/m.romanov/benchmarking/datasets/MIST_HER2/trainB/IHC/75M2100521_23_18.jpg
88M2100218,88M2100218_17_17,0,0,1,/trinity/home/m.romanov/benchmarking/datasets/MIST_HER2/trainA/HE/88M2100218_17_17.jpg,/trinity/home/m.romanov/benchmarking/datasets/MIST_HER2/trainB/IHC/88M2100218_17_17.jpg
65M2100668,65M2100668_21_18,0,0,1,/trinity/home/m.romanov/benchmarking/datasets/MIST_HER2/trainA/HE/65M2100668_21_18.jpg,/trinity/home/m.romanov/benchmarking/datasets/MIST_HER2/trainB/IHC/65M2100668_21_18.jpg
48M2101314,48M2101314_3_5,0,0,1,/trinity/home/m.romanov/benchmarking/datasets/MIST_HER2/trainA/HE/48M2101314_3_5.jpg,/trinity/home/m.romanov/benchmarking/datasets/MIST_HER2/trainB/IHC/48M2101314_3_5.jpg
93M2100147,93M2100147_10_13,0,0,1,/trinity/home/m.romanov/benchmarking/datasets/MIST_HER2/trainA/HE/93M2100147_10_13.jpg,/trinity/home/m.romanov/benchmarking/datasets/MIST_HER2/trainB/IHC/93M2100147_10_13.jpg
89M2100212,89M2100212_15_6,0,0,1,/trinity/home/m.romanov/benchmarking/datasets/MIST_HER2/trainA/HE/89M2100212_15_6.jpg,/trinity/home/m.romanov/benchmarking/datasets/MIST_HER2/trainB/IHC/89M2100212_15_6.jpg
100M2004069,100M2004069_14_27,0,0,1,/trinity/home/m.romanov/benchmarking/datasets/MIST_HER2/trainA/HE/100M2004069_14_27.jpg,/trinity/home/m.romanov/benchmarking/datasets/MIST_HER2/trainB/IHC/100M2004069_14_27.jpg
52M2101275,52M2101275_2_8,0,0,1,/trinity/home/m.romanov/benchmarking/datasets/MIST_HER2/trainA/HE/52M2101275_2_8.jpg,/trinity/home/m.romanov/benchmarking/datasets/MIST_HER2/trainB/IHC/52M2101275_2_8.jpg
23M2102136,23M2102136_23_21,0,0,1,/trinity/home/m.romanov/benchmarking/datasets/MIST_HER2/trainA/HE/23M2102136_23_21.jpg,/trinity/home/m.romanov/benchmarking/datasets/MIST_HER2/trainB/IHC/23M2102136_23_21.jpg
88M2100218,88M2100218_29_25,0,0,1,/trinity/home/m.romanov/benchmarking/datasets/MIST_HER2/trainA/HE/88M2100218_29_25.jpg,/trinity/home/m.romanov/benchmarking/datasets/MIST_HER2/trainB/IHC/88M2100218_29_25.jpg
23M2102136,23M2102136_24_12,0,0,1,/trinity/home/m.romanov/benchmarking/datasets/MIST_HER2/trainA/HE/23M2102136_24_12.jpg,/trinity/home/m.romanov/benchmarking/datasets/MIST_HER2/trainB/IHC/23M2102136_24_12.jpg
100M2004069,100M2004069_17_26,0,0,1,/trinity/home/m.romanov/benchmarking/datasets/MIST_HER2/trainA/HE/100M2004069_17_26.jpg,/trinity/home/m.romanov/benchmarking/datasets/MIST_HER2/trainB/IHC/100M2004069_17_26.jpg
31M2101871,31M2101871_4_25,0,0,1,/trinity/home/m.romanov/benchmarking/datasets/MIST_HER2/trainA/HE/31M2101871_4_25.jpg,/trinity/home/m.romanov/benchmarking/datasets/MIST_HER2/trainB/IHC/31M2101871_4_25.jpg
15M2102762,15M2102762_17_8,0,0,1,/trinity/home/m.romanov/benchmarking/datasets/MIST_HER2/trainA/HE/15M2102762_17_8.jpg,/trinity/home/m.romanov/benchmarking/datasets/MIST_HER2/trainB/IHC/15M2102762_17_8.jpg
2M2103108,2M2103108_18_7,0,0,1,/trinity/home/m.romanov/benchmarking/datasets/MIST_HER2/trainA/HE/2M2103108_18_7.jpg,/trinity/home/m.romanov/benchmarking/datasets/MIST_HER2/trainB/IHC/2M2103108_18_7.jpg
40M2101566,40M2101566_29_25,0,0,1,/trinity/home/m.romanov/benchmarking/datasets/MIST_HER2/trainA/HE/40M2101566_29_25.jpg,/trinity/home/m.romanov/benchmarking/datasets/MIST_HER2/trainB/IHC/40M2101566_29_25.jpg
89M2100212,89M2100212_12_26,0,0,1,/trinity/home/m.romanov/benchmarking/datasets/MIST_HER2/trainA/HE/89M2100212_12_26.jpg,/trinity/home/m.romanov/benchmarking/datasets/MIST_HER2/trainB/IHC/89M2100212_12_26.jpg
15M2102762,15M2102762_21_9,0,0,1,/trinity/home/m.romanov/benchmarking/datasets/MIST_HER2/trainA/HE/15M2102762_21_9.jpg,/trinity/home/m.romanov/benchmarking/datasets/MIST_HER2/trainB/IHC/15M2102762_21_9.jpg
93M2100147,93M2100147_12_27,0,0,1,/trinity/home/m.romanov/benchmarking/datasets/MIST_HER2/trainA/HE/93M2100147_12_27.jpg,/trinity/home/m.romanov/benchmarking/datasets/MIST_HER2/trainB/IHC/93M2100147_12_27.jpg
69M2100632,69M2100632_22_3,0,0,1,/trinity/home/m.romanov/benchmarking/datasets/MIST_HER2/trainA/HE/69M2100632_22_3.jpg,/trinity/home/m.romanov/benchmarking/datasets/MIST_HER2/trainB/IHC/69M2100632_22_3.jpg
31M2101871,31M2101871_33_11,0,0,1,/trinity/home/m.romanov/benchmarking/datasets/MIST_HER2/trainA/HE/31M2101871_33_11.jpg,/trinity/home/m.romanov/benchmarking/datasets/MIST_HER2/trainB/IHC/31M2101871_33_11.jpg
31M2101871,31M2101871_35_17,0,0,1,/trinity/home/m.romanov/benchmarking/datasets/MIST_HER2/trainA/HE/31M2101871_35_17.jpg,/trinity/home/m.romanov/benchmarking/datasets/MIST_HER2/trainB/IHC/31M2101871_35_17.jpg
47M2101316,47M2101316_14_9,0,0,1,/trinity/home/m.romanov/benchmarking/datasets/MIST_HER2/trainA/HE/47M2101316_14_9.jpg,/trinity/home/m.romanov/benchmarking/datasets/MIST_HER2/trainB/IHC/47M2101316_14_9.jpg
69M2100632,69M2100632_33_19,0,0,1,/trinity/home/m.romanov/benchmarking/datasets/MIST_HER2/trainA/HE/69M2100632_33_19.jpg,/trinity/home/m.romanov/benchmarking/datasets/MIST_HER2/trainB/IHC/69M2100632_33_19.jpg
2M2103108,2M2103108_17_18,0,0,1,/trinity/home/m.romanov/benchmarking/datasets/MIST_HER2/trainA/HE/2M2103108_17_18.jpg,/trinity/home/m.romanov/benchmarking/datasets/MIST_HER2/trainB/IHC/2M2103108_17_18.jpg
93M2100147,93M2100147_10_23,0,0,1,/trinity/home/m.romanov/benchmarking/datasets/MIST_HER2/trainA/HE/93M2100147_10_23.jpg,/trinity/home/m.romanov/benchmarking/datasets/MIST_HER2/trainB/IHC/93M2100147_10_23.jpg
57M2101034,57M2101034_4_20,0,0,1,/trinity/home/m.romanov/benchmarking/datasets/MIST_HER2/trainA/HE/57M2101034_4_20.jpg,/trinity/home/m.romanov/benchmarking/datasets/MIST_HER2/trainB/IHC/57M2101034_4_20.jpg
70M2100623,70M2100623_26_9,0,0,1,/trinity/home/m.romanov/benchmarking/datasets/MIST_HER2/trainA/HE/70M2100623_26_9.jpg,/trinity/home/m.romanov/benchmarking/datasets/MIST_HER2/trainB/IHC/70M2100623_26_9.jpg
40M2101566,40M2101566_27_22,0,0,1,/trinity/home/m.romanov/benchmarking/datasets/MIST_HER2/trainA/HE/40M2101566_27_22.jpg,/trinity/home/m.romanov/benchmarking/datasets/MIST_HER2/trainB/IHC/40M2101566_27_22.jpg
48M2101314,48M2101314_10_23,0,0,1,/trinity/home/m.romanov/benchmarking/datasets/MIST_HER2/trainA/HE/48M2101314_10_23.jpg,/trinity/home/m.romanov/benchmarking/datasets/MIST_HER2/trainB/IHC/48M2101314_10_23.jpg
57M2101034,57M2101034_11_18,0,0,1,/trinity/home/m.romanov/benchmarking/datasets/MIST_HER2/trainA/HE/57M2101034_11_18.jpg,/trinity/home/m.romanov/benchmarking/datasets/MIST_HER2/trainB/IHC/57M2101034_11_18.jpg
57M2101034,57M2101034_3_21,0,0,1,/trinity/home/m.romanov/benchmarking/datasets/MIST_HER2/trainA/HE/57M2101034_3_21.jpg,/trinity/home/m.romanov/benchmarking/datasets/MIST_HER2/trainB/IHC/57M2101034_3_21.jpg
52M2101275,52M2101275_6_7,0,0,1,/trinity/home/m.romanov/benchmarking/datasets/MIST_HER2/trainA/HE/52M2101275_6_7.jpg,/trinity/home/m.romanov/benchmarking/datasets/MIST_HER2/trainB/IHC/52M2101275_6_7.jpg
81M2100356,81M2100356_14_27,0,0,1,/trinity/home/m.romanov/benchmarking/datasets/MIST_HER2/trainA/HE/81M2100356_14_27.jpg,/trinity/home/m.romanov/benchmarking/datasets/MIST_HER2/trainB/IHC/81M2100356_14_27.jpg
22M2102266,22M2102266_15_18,0,0,1,/trinity/home/m.romanov/benchmarking/datasets/MIST_HER2/trainA/HE/22M2102266_15_18.jpg,/trinity/home/m.romanov/benchmarking/datasets/MIST_HER2/trainB/IHC/22M2102266_15_18.jpg
10M2102916,10M2102916_23_6,0,0,1,/trinity/home/m.romanov/benchmarking/datasets/MIST_HER2/trainA/HE/10M2102916_23_6.jpg,/trinity/home/m.romanov/benchmarking/datasets/MIST_HER2/trainB/IHC/10M2102916_23_6.jpg
80M2100377,80M2100377_10_8,0,0,1,/trinity/home/m.romanov/benchmarking/datasets/MIST_HER2/trainA/HE/80M2100377_10_8.jpg,/trinity/home/m.romanov/benchmarking/datasets/MIST_HER2/trainB/IHC/80M2100377_10_8.jpg
92M2100150,92M2100150_17_12,0,0,1,/trinity/home/m.romanov/benchmarking/datasets/MIST_HER2/trainA/HE/92M2100150_17_12.jpg,/trinity/home/m.romanov/benchmarking/datasets/MIST_HER2/trainB/IHC/92M2100150_17_12.jpg
83M2100256,83M2100256_13_10,0,0,1,/trinity/home/m.romanov/benchmarking/datasets/MIST_HER2/trainA/HE/83M2100256_13_10.jpg,/trinity/home/m.romanov/benchmarking/datasets/MIST_HER2/trainB/IHC/83M2100256_13_10.jpg
47M2101316,47M2101316_11_29,0,0,1,/trinity/home/m.romanov/benchmarking/datasets/MIST_HER2/trainA/HE/47M2101316_11_29.jpg,/trinity/home/m.romanov/benchmarking/datasets/MIST_HER2/trainB/IHC/47M2101316_11_29.jpg
15M2102762,15M2102762_18_19,0,0,1,/trinity/home/m.romanov/benchmarking/datasets/MIST_HER2/trainA/HE/15M2102762_18_19.jpg,/trinity/home/m.romanov/benchmarking/datasets/MIST_HER2/trainB/IHC/15M2102762_18_19.jpg
68M2100640,68M2100640_8_17,0,0,1,/trinity/home/m.romanov/benchmarking/datasets/MIST_HER2/trainA/HE/68M2100640_8_17.jpg,/trinity/home/m.romanov/benchmarking/datasets/MIST_HER2/trainB/IHC/68M2100640_8_17.jpg
48M2101314,48M2101314_6_30,0,0,1,/trinity/home/m.romanov/benchmarking/datasets/MIST_HER2/trainA/HE/48M2101314_6_30.jpg,/trinity/home/m.romanov/benchmarking/datasets/MIST_HER2/trainB/IHC/48M2101314_6_30.jpg
74M2100526,74M2100526_11_30,0,0,1,/trinity/home/m.romanov/benchmarking/datasets/MIST_HER2/trainA/HE/74M2100526_11_30.jpg,/trinity/home/m.romanov/benchmarking/datasets/MIST_HER2/trainB/IHC/74M2100526_11_30.jpg
89M2100212,89M2100212_13_25,0,0,1,/trinity/home/m.romanov/benchmarking/datasets/MIST_HER2/trainA/HE/89M2100212_13_25.jpg,/trinity/home/m.romanov/benchmarking/datasets/MIST_HER2/trainB/IHC/89M2100212_13_25.jpg
15M2102762,15M2102762_7_14,0,0,1,/trinity/home/m.romanov/benchmarking/datasets/MIST_HER2/trainA/HE/15M2102762_7_14.jpg,/trinity/home/m.romanov/benchmarking/datasets/MIST_HER2/trainB/IHC/15M2102762_7_14.jpg
89M2100212,89M2100212_15_17,0,0,1,/trinity/home/m.romanov/benchmarking/datasets/MIST_HER2/trainA/HE/89M2100212_15_17.jpg,/trinity/home/m.romanov/benchmarking/datasets/MIST_HER2/trainB/IHC/89M2100212_15_17.jpg
93M2100147,93M2100147_11_27,0,0,1,/trinity/home/m.romanov/benchmarking/datasets/MIST_HER2/trainA/HE/93M2100147_11_27.jpg,/trinity/home/m.romanov/benchmarking/datasets/MIST_HER2/trainB/IHC/93M2100147_11_27.jpg
68M2100640,68M2100640_11_15,0,0,2,/trinity/home/m.romanov/benchmarking/datasets/MIST_HER2/trainA/HE/68M2100640_11_15.jpg,/trinity/home/m.romanov/benchmarking/datasets/MIST_HER2/trainB/IHC/68M2100640_11_15.jpg
75M2100521,75M2100521_26_21,0,0,2,/trinity/home/m.romanov/benchmarking/datasets/MIST_HER2/trainA/HE/75M2100521_26_21.jpg,/trinity/home/m.romanov/benchmarking/datasets/MIST_HER2/trainB/IHC/75M2100521_26_21.jpg
33M2101839,33M2101839_2_8,0,0,2,/trinity/home/m.romanov/benchmarking/datasets/MIST_HER2/trainA/HE/33M2101839_2_8.jpg,/trinity/home/m.romanov/benchmarking/datasets/MIST_HER2/trainB/IHC/33M2101839_2_8.jpg
4M2103059,4M2103059_11_10,0,0,2,/trinity/home/m.romanov/benchmarking/datasets/MIST_HER2/trainA/HE/4M2103059_11_10.jpg,/trinity/home/m.romanov/benchmarking/datasets/MIST_HER2/trainB/IHC/4M2103059_11_10.jpg
52M2101275,52M2101275_18_7,0,0,2,/trinity/home/m.romanov/benchmarking/datasets/MIST_HER2/trainA/HE/52M2101275_18_7.jpg,/trinity/home/m.romanov/benchmarking/datasets/MIST_HER2/trainB/IHC/52M2101275_18_7.jpg
10M2102916,10M2102916_35_4,0,0,2,/trinity/home/m.romanov/benchmarking/datasets/MIST_HER2/trainA/HE/10M2102916_35_4.jpg,/trinity/home/m.romanov/benchmarking/datasets/MIST_HER2/trainB/IHC/10M2102916_35_4.jpg
76M2100485,76M2100485_24_13,0,0,2,/trinity/home/m.romanov/benchmarking/datasets/MIST_HER2/trainA/HE/76M2100485_24_13.jpg,/trinity/home/m.romanov/benchmarking/datasets/MIST_HER2/trainB/IHC/76M2100485_24_13.jpg
97M2100034,97M2100034_6_18,0,0,2,/trinity/home/m.romanov/benchmarking/datasets/MIST_HER2/trainA/HE/97M2100034_6_18.jpg,/trinity/home/m.romanov/benchmarking/datasets/MIST_HER2/trainB/IHC/97M2100034_6_18.jpg
39M2101576,39M2101576_20_26,0,0,2,/trinity/home/m.romanov/benchmarking/datasets/MIST_HER2/trainA/HE/39M2101576_20_26.jpg,/trinity/home/m.romanov/benchmarking/datasets/MIST_HER2/trainB/IHC/39M2101576_20_26.jpg
99M2004082,99M2004082_14_5,0,0,2,/trinity/home/m.romanov/benchmarking/datasets/MIST_HER2/trainA/HE/99M2004082_14_5.jpg,/trinity/home/m.romanov/benchmarking/datasets/MIST_HER2/trainB/IHC/99M2004082_14_5.jpg
99M2004082,99M2004082_23_4,0,0,2,/trinity/home/m.romanov/benchmarking/datasets/MIST_HER2/trainA/HE/99M2004082_23_4.jpg,/trinity/home/m.romanov/benchmarking/datasets/MIST_HER2/trainB/IHC/99M2004082_23_4.jpg
16M2102718,16M2102718_16_9,0,0,2,/trinity/home/m.romanov/benchmarking/datasets/MIST_HER2/trainA/HE/16M2102718_16_9.jpg,/trinity/home/m.romanov/benchmarking/datasets/MIST_HER2/trainB/IHC/16M2102718_16_9.jpg
69M2100632,69M2100632_28_19,0,0,2,/trinity/home/m.romanov/benchmarking/datasets/MIST_HER2/trainA/HE/69M2100632_28_19.jpg,/trinity/home/m.romanov/benchmarking/datasets/MIST_HER2/trainB/IHC/69M2100632_28_19.jpg
94M2100142,94M2100142_21_14,0,0,2,/trinity/home/m.romanov/benchmarking/datasets/MIST_HER2/trainA/HE/94M2100142_21_14.jpg,/trinity/home/m.romanov/benchmarking/datasets/MIST_HER2/trainB/IHC/94M2100142_21_14.jpg
98M2004096,98M2004096_25_3,0,0,2,/trinity/home/m.romanov/benchmarking/datasets/MIST_HER2/trainA/HE/98M2004096_25_3.jpg,/trinity/home/m.romanov/benchmarking/datasets/MIST_HER2/trainB/IHC/98M2004096_25_3.jpg
53M2101258,53M2101258_23_31,0,0,2,/trinity/home/m.romanov/benchmarking/datasets/MIST_HER2/trainA/HE/53M2101258_23_31.jpg,/trinity/home/m.romanov/benchmarking/datasets/MIST_HER2/trainB/IHC/53M2101258_23_31.jpg
22M2102266,22M2102266_15_15,0,0,2,/trinity/home/m.romanov/benchmarking/datasets/MIST_HER2/trainA/HE/22M2102266_15_15.jpg,/trinity/home/m.romanov/benchmarking/datasets/MIST_HER2/trainB/IHC/22M2102266_15_15.jpg
10M2102916,10M2102916_18_17,0,0,2,/trinity/home/m.romanov/benchmarking/datasets/MIST_HER2/trainA/HE/10M2102916_18_17.jpg,/trinity/home/m.romanov/benchmarking/datasets/MIST_HER2/trainB/IHC/10M2102916_18_17.jpg
93M2100147,93M2100147_16_8,0,0,2,/trinity/home/m.romanov/benchmarking/datasets/MIST_HER2/trainA/HE/93M2100147_16_8.jpg,/trinity/home/m.romanov/benchmarking/datasets/MIST_HER2/trainB/IHC/93M2100147_16_8.jpg
47M2101316,47M2101316_13_24,0,0,2,/trinity/home/m.romanov/benchmarking/datasets/MIST_HER2/trainA/HE/47M2101316_13_24.jpg,/trinity/home/m.romanov/benchmarking/datasets/MIST_HER2/trainB/IHC/47M2101316_13_24.jpg
79M2100417,79M2100417_27_14,0,0,2,/trinity/home/m.romanov/benchmarking/datasets/MIST_HER2/trainA/HE/79M2100417_27_14.jpg,/trinity/home/m.romanov/benchmarking/datasets/MIST_HER2/trainB/IHC/79M2100417_27_14.jpg
22M2102266,22M2102266_23_21,0,0,2,/trinity/home/m.romanov/benchmarking/datasets/MIST_HER2/trainA/HE/22M2102266_23_21.jpg,/trinity/home/m.romanov/benchmarking/datasets/MIST_HER2/trainB/IHC/22M2102266_23_21.jpg
76M2100485,76M2100485_38_18,0,0,2,/trinity/home/m.romanov/benchmarking/datasets/MIST_HER2/trainA/HE/76M2100485_38_18.jpg,/trinity/home/m.romanov/benchmarking/datasets/MIST_HER2/trainB/IHC/76M2100485_38_18.jpg
92M2100150,92M2100150_15_35,0,0,2,/trinity/home/m.romanov/benchmarking/datasets/MIST_HER2/trainA/HE/92M2100150_15_35.jpg,/trinity/home/m.romanov/benchmarking/datasets/MIST_HER2/trainB/IHC/92M2100150_15_35.jpg
70M2100623,70M2100623_38_8,0,0,2,/trinity/home/m.romanov/benchmarking/datasets/MIST_HER2/trainA/HE/70M2100623_38_8.jpg,/trinity/home/m.romanov/benchmarking/datasets/MIST_HER2/trainB/IHC/70M2100623_38_8.jpg
16M2102718,16M2102718_17_9,0,0,2,/trinity/home/m.romanov/benchmarking/datasets/MIST_HER2/trainA/HE/16M2102718_17_9.jpg,/trinity/home/m.romanov/benchmarking/datasets/MIST_HER2/trainB/IHC/16M2102718_17_9.jpg
19M2102438,19M2102438_33_7,0,0,2,/trinity/home/m.romanov/benchmarking/datasets/MIST_HER2/trainA/HE/19M2102438_33_7.jpg,/trinity/home/m.romanov/benchmarking/datasets/MIST_HER2/trainB/IHC/19M2102438_33_7.jpg
14M2102785,14M2102785_17_7,0,0,2,/trinity/home/m.romanov/benchmarking/datasets/MIST_HER2/trainA/HE/14M2102785_17_7.jpg,/trinity/home/m.romanov/benchmarking/datasets/MIST_HER2/trainB/IHC/14M2102785_17_7.jpg
94M2100142,94M2100142_33_15,0,0,2,/trinity/home/m.romanov/benchmarking/datasets/MIST_HER2/trainA/HE/94M2100142_33_15.jpg,/trinity/home/m.romanov/benchmarking/datasets/MIST_HER2/trainB/IHC/94M2100142_33_15.jpg
65M2100668,65M2100668_18_8,0,0,2,/trinity/home/m.romanov/benchmarking/datasets/MIST_HER2/trainA/HE/65M2100668_18_8.jpg,/trinity/home/m.romanov/benchmarking/datasets/MIST_HER2/trainB/IHC/65M2100668_18_8.jpg
14M2102785,14M2102785_21_9,0,0,2,/trinity/home/m.romanov/benchmarking/datasets/MIST_HER2/trainA/HE/14M2102785_21_9.jpg,/trinity/home/m.romanov/benchmarking/datasets/MIST_HER2/trainB/IHC/14M2102785_21_9.jpg
54M2101205,54M2101205_23_22,0,0,2,/trinity/home/m.romanov/benchmarking/datasets/MIST_HER2/trainA/HE/54M2101205_23_22.jpg,/trinity/home/m.romanov/benchmarking/datasets/MIST_HER2/trainB/IHC/54M2101205_23_22.jpg
31M2101871,31M2101871_11_20,0,0,2,/trinity/home/m.romanov/benchmarking/datasets/MIST_HER2/trainA/HE/31M2101871_11_20.jpg,/trinity/home/m.romanov/benchmarking/datasets/MIST_HER2/trainB/IHC/31M2101871_11_20.jpg
6M2103024,6M2103024_15_15,0,0,2,/trinity/home/m.romanov/benchmarking/datasets/MIST_HER2/trainA/HE/6M2103024_15_15.jpg,/trinity/home/m.romanov/benchmarking/datasets/MIST_HER2/trainB/IHC/6M2103024_15_15.jpg
91M2100173,91M2100173_17_5,0,0,2,/trinity/home/m.romanov/benchmarking/datasets/MIST_HER2/trainA/HE/91M2100173_17_5.jpg,/trinity/home/m.romanov/benchmarking/datasets/MIST_HER2/trainB/IHC/91M2100173_17_5.jpg
83M2100256,83M2100256_29_19,0,0,2,/trinity/home/m.romanov/benchmarking/datasets/MIST_HER2/trainA/HE/83M2100256_29_19.jpg,/trinity/home/m.romanov/benchmarking/datasets/MIST_HER2/trainB/IHC/83M2100256_29_19.jpg
51M2101285,51M2101285_15_13,0,0,2,/trinity/home/m.romanov/benchmarking/datasets/MIST_HER2/trainA/HE/51M2101285_15_13.jpg,/trinity/home/m.romanov/benchmarking/datasets/MIST_HER2/trainB/IHC/51M2101285_15_13.jpg
56M2101083,56M2101083_26_18,0,0,2,/trinity/home/m.romanov/benchmarking/datasets/MIST_HER2/trainA/HE/56M2101083_26_18.jpg,/trinity/home/m.romanov/benchmarking/datasets/MIST_HER2/trainB/IHC/56M2101083_26_18.jpg
79M2100417,79M2100417_26_15,0,0,2,/trinity/home/m.romanov/benchmarking/datasets/MIST_HER2/trainA/HE/79M2100417_26_15.jpg,/trinity/home/m.romanov/benchmarking/datasets/MIST_HER2/trainB/IHC/79M2100417_26_15.jpg
53M2101258,53M2101258_28_22,0,0,2,/trinity/home/m.romanov/benchmarking/datasets/MIST_HER2/trainA/HE/53M2101258_28_22.jpg,/trinity/home/m.romanov/benchmarking/datasets/MIST_HER2/trainB/IHC/53M2101258_28_22.jpg
4M2103059,4M2103059_22_15,0,0,2,/trinity/home/m.romanov/benchmarking/datasets/MIST_HER2/trainA/HE/4M2103059_22_15.jpg,/trinity/home/m.romanov/benchmarking/datasets/MIST_HER2/trainB/IHC/4M2103059_22_15.jpg
70M2100623,70M2100623_14_9,0,0,2,/trinity/home/m.romanov/benchmarking/datasets/MIST_HER2/trainA/HE/70M2100623_14_9.jpg,/trinity/home/m.romanov/benchmarking/datasets/MIST_HER2/trainB/IHC/70M2100623_14_9.jpg
48M2101314,48M2101314_22_5,0,0,2,/trinity/home/m.romanov/benchmarking/datasets/MIST_HER2/trainA/HE/48M2101314_22_5.jpg,/trinity/home/m.romanov/benchmarking/datasets/MIST_HER2/trainB/IHC/48M2101314_22_5.jpg
98M2004096,98M2004096_6_8,0,0,2,/trinity/home/m.romanov/benchmarking/datasets/MIST_HER2/trainA/HE/98M2004096_6_8.jpg,/trinity/home/m.romanov/benchmarking/datasets/MIST_HER2/trainB/IHC/98M2004096_6_8.jpg
99M2004082,99M2004082_19_4,0,0,2,/trinity/home/m.romanov/benchmarking/datasets/MIST_HER2/trainA/HE/99M2004082_19_4.jpg,/trinity/home/m.romanov/benchmarking/datasets/MIST_HER2/trainB/IHC/99M2004082_19_4.jpg
54M2101205,54M2101205_25_15,0,0,2,/trinity/home/m.romanov/benchmarking/datasets/MIST_HER2/trainA/HE/54M2101205_25_15.jpg,/trinity/home/m.romanov/benchmarking/datasets/MIST_HER2/trainB/IHC/54M2101205_25_15.jpg
91M2100173,91M2100173_15_16,0,0,2,/trinity/home/m.romanov/benchmarking/datasets/MIST_HER2/trainA/HE/91M2100173_15_16.jpg,/trinity/home/m.romanov/benchmarking/datasets/MIST_HER2/trainB/IHC/91M2100173_15_16.jpg
76M2100485,76M2100485_25_21,0,0,2,/trinity/home/m.romanov/benchmarking/datasets/MIST_HER2/trainA/HE/76M2100485_25_21.jpg,/trinity/home/m.romanov/benchmarking/datasets/MIST_HER2/trainB/IHC/76M2100485_25_21.jpg
23M2102136,23M2102136_33_15,0,0,2,/trinity/home/m.romanov/benchmarking/datasets/MIST_HER2/trainA/HE/23M2102136_33_15.jpg,/trinity/home/m.romanov/benchmarking/datasets/MIST_HER2/trainB/IHC/23M2102136_33_15.jpg
39M2101576,39M2101576_24_14,0,0,2,/trinity/home/m.romanov/benchmarking/datasets/MIST_HER2/trainA/HE/39M2101576_24_14.jpg,/trinity/home/m.romanov/benchmarking/datasets/MIST_HER2/trainB/IHC/39M2101576_24_14.jpg
45M2101377,45M2101377_16_6,0,0,2,/trinity/home/m.romanov/benchmarking/datasets/MIST_HER2/trainA/HE/45M2101377_16_6.jpg,/trinity/home/m.romanov/benchmarking/datasets/MIST_HER2/trainB/IHC/45M2101377_16_6.jpg
47M2101316,47M2101316_15_26,0,0,2,/trinity/home/m.romanov/benchmarking/datasets/MIST_HER2/trainA/HE/47M2101316_15_26.jpg,/trinity/home/m.romanov/benchmarking/datasets/MIST_HER2/trainB/IHC/47M2101316_15_26.jpg
92M2100150,92M2100150_15_14,0,0,2,/trinity/home/m.romanov/benchmarking/datasets/MIST_HER2/trainA/HE/92M2100150_15_14.jpg,/trinity/home/m.romanov/benchmarking/datasets/MIST_HER2/trainB/IHC/92M2100150_15_14.jpg
25M2102060,25M2102060_25_20,0,0,2,/trinity/home/m.romanov/benchmarking/datasets/MIST_HER2/trainA/HE/25M2102060_25_20.jpg,/trinity/home/m.romanov/benchmarking/datasets/MIST_HER2/trainB/IHC/25M2102060_25_20.jpg
60M2100980,60M2100980_42_26,0,0,2,/trinity/home/m.romanov/benchmarking/datasets/MIST_HER2/trainA/HE/60M2100980_42_26.jpg,/trinity/home/m.romanov/benchmarking/datasets/MIST_HER2/trainB/IHC/60M2100980_42_26.jpg
68M2100640,68M2100640_30_25,0,0,2,/trinity/home/m.romanov/benchmarking/datasets/MIST_HER2/trainA/HE/68M2100640_30_25.jpg,/trinity/home/m.romanov/benchmarking/datasets/MIST_HER2/trainB/IHC/68M2100640_30_25.jpg
69M2100632,69M2100632_16_22,0,0,2,/trinity/home/m.romanov/benchmarking/datasets/MIST_HER2/trainA/HE/69M2100632_16_22.jpg,/trinity/home/m.romanov/benchmarking/datasets/MIST_HER2/trainB/IHC/69M2100632_16_22.jpg
60M2100980,60M2100980_15_20,0,0,2,/trinity/home/m.romanov/benchmarking/datasets/MIST_HER2/trainA/HE/60M2100980_15_20.jpg,/trinity/home/m.romanov/benchmarking/datasets/MIST_HER2/trainB/IHC/60M2100980_15_20.jpg
19M2102438,19M2102438_16_12,0,0,2,/trinity/home/m.romanov/benchmarking/datasets/MIST_HER2/trainA/HE/19M2102438_16_12.jpg,/trinity/home/m.romanov/benchmarking/datasets/MIST_HER2/trainB/IHC/19M2102438_16_12.jpg
31M2101871,31M2101871_35_13,0,0,2,/trinity/home/m.romanov/benchmarking/datasets/MIST_HER2/trainA/HE/31M2101871_35_13.jpg,/trinity/home/m.romanov/benchmarking/datasets/MIST_HER2/trainB/IHC/31M2101871_35_13.jpg
60M2100980,60M2100980_21_7,0,0,2,/trinity/home/m.romanov/benchmarking/datasets/MIST_HER2/trainA/HE/60M2100980_21_7.jpg,/trinity/home/m.romanov/benchmarking/datasets/MIST_HER2/trainB/IHC/60M2100980_21_7.jpg
48M2101314,48M2101314_3_13,0,0,2,/trinity/home/m.romanov/benchmarking/datasets/MIST_HER2/trainA/HE/48M2101314_3_13.jpg,/trinity/home/m.romanov/benchmarking/datasets/MIST_HER2/trainB/IHC/48M2101314_3_13.jpg
88M2100218,88M2100218_19_23,0,0,2,/trinity/home/m.romanov/benchmarking/datasets/MIST_HER2/trainA/HE/88M2100218_19_23.jpg,/trinity/home/m.romanov/benchmarking/datasets/MIST_HER2/trainB/IHC/88M2100218_19_23.jpg
46M2101353,46M2101353_20_5,0,0,2,/trinity/home/m.romanov/benchmarking/datasets/MIST_HER2/trainA/HE/46M2101353_20_5.jpg,/trinity/home/m.romanov/benchmarking/datasets/MIST_HER2/trainB/IHC/46M2101353_20_5.jpg
27M2102007,27M2102007_17_13,0,0,2,/trinity/home/m.romanov/benchmarking/datasets/MIST_HER2/trainA/HE/27M2102007_17_13.jpg,/trinity/home/m.romanov/benchmarking/datasets/MIST_HER2/trainB/IHC/27M2102007_17_13.jpg
70M2100623,70M2100623_12_3,0,0,2,/trinity/home/m.romanov/benchmarking/datasets/MIST_HER2/trainA/HE/70M2100623_12_3.jpg,/trinity/home/m.romanov/benchmarking/datasets/MIST_HER2/trainB/IHC/70M2100623_12_3.jpg
53M2101258,53M2101258_26_15,0,0,2,/trinity/home/m.romanov/benchmarking/datasets/MIST_HER2/trainA/HE/53M2101258_26_15.jpg,/trinity/home/m.romanov/benchmarking/datasets/MIST_HER2/trainB/IHC/53M2101258_26_15.jpg
74M2100526,74M2100526_23_13,0,0,2,/trinity/home/m.romanov/benchmarking/datasets/MIST_HER2/trainA/HE/74M2100526_23_13.jpg,/trinity/home/m.romanov/benchmarking/datasets/MIST_HER2/trainB/IHC/74M2100526_23_13.jpg
51M2101285,51M2101285_22_22,0,0,2,/trinity/home/m.romanov/benchmarking/datasets/MIST_HER2/trainA/HE/51M2101285_22_22.jpg,/trinity/home/m.romanov/benchmarking/datasets/MIST_HER2/trainB/IHC/51M2101285_22_22.jpg
45M2101377,45M2101377_11_9,0,0,2,/trinity/home/m.romanov/benchmarking/datasets/MIST_HER2/trainA/HE/45M2101377_11_9.jpg,/trinity/home/m.romanov/benchmarking/datasets/MIST_HER2/trainB/IHC/45M2101377_11_9.jpg
54M2101205,54M2101205_26_16,0,0,2,/trinity/home/m.romanov/benchmarking/datasets/MIST_HER2/trainA/HE/54M2101205_26_16.jpg,/trinity/home/m.romanov/benchmarking/datasets/MIST_HER2/trainB/IHC/54M2101205_26_16.jpg
52M2101275,52M2101275_12_8,0,0,2,/trinity/home/m.romanov/benchmarking/datasets/MIST_HER2/trainA/HE/52M2101275_12_8.jpg,/trinity/home/m.romanov/benchmarking/datasets/MIST_HER2/trainB/IHC/52M2101275_12_8.jpg
6M2103024,6M2103024_24_15,0,0,2,/trinity/home/m.romanov/benchmarking/datasets/MIST_HER2/trainA/HE/6M2103024_24_15.jpg,/trinity/home/m.romanov/benchmarking/datasets/MIST_HER2/trainB/IHC/6M2103024_24_15.jpg
46M2101353,46M2101353_13_16,0,0,2,/trinity/home/m.romanov/benchmarking/datasets/MIST_HER2/trainA/HE/46M2101353_13_16.jpg,/trinity/home/m.romanov/benchmarking/datasets/MIST_HER2/trainB/IHC/46M2101353_13_16.jpg
14M2102785,14M2102785_21_20,0,0,2,/trinity/home/m.romanov/benchmarking/datasets/MIST_HER2/trainA/HE/14M2102785_21_20.jpg,/trinity/home/m.romanov/benchmarking/datasets/MIST_HER2/trainB/IHC/14M2102785_21_20.jpg
75M2100521,75M2100521_16_18,0,0,2,/trinity/home/m.romanov/benchmarking/datasets/MIST_HER2/trainA/HE/75M2100521_16_18.jpg,/trinity/home/m.romanov/benchmarking/datasets/MIST_HER2/trainB/IHC/75M2100521_16_18.jpg
91M2100173,91M2100173_10_11,0,0,2,/trinity/home/m.romanov/benchmarking/datasets/MIST_HER2/trainA/HE/91M2100173_10_11.jpg,/trinity/home/m.romanov/benchmarking/datasets/MIST_HER2/trainB/IHC/91M2100173_10_11.jpg
51M2101285,51M2101285_7_16,0,0,2,/trinity/home/m.romanov/benchmarking/datasets/MIST_HER2/trainA/HE/51M2101285_7_16.jpg,/trinity/home/m.romanov/benchmarking/datasets/MIST_HER2/trainB/IHC/51M2101285_7_16.jpg
76M2100485,76M2100485_24_12,0,0,2,/trinity/home/m.romanov/benchmarking/datasets/MIST_HER2/trainA/HE/76M2100485_24_12.jpg,/trinity/home/m.romanov/benchmarking/datasets/MIST_HER2/trainB/IHC/76M2100485_24_12.jpg
25M2102060,25M2102060_10_22,0,0,2,/trinity/home/m.romanov/benchmarking/datasets/MIST_HER2/trainA/HE/25M2102060_10_22.jpg,/trinity/home/m.romanov/benchmarking/datasets/MIST_HER2/trainB/IHC/25M2102060_10_22.jpg
60M2100980,60M2100980_9_11,0,0,2,/trinity/home/m.romanov/benchmarking/datasets/MIST_HER2/trainA/HE/60M2100980_9_11.jpg,/trinity/home/m.romanov/benchmarking/datasets/MIST_HER2/trainB/IHC/60M2100980_9_11.jpg
27M2102007,27M2102007_13_29,0,0,2,/trinity/home/m.romanov/benchmarking/datasets/MIST_HER2/trainA/HE/27M2102007_13_29.jpg,/trinity/home/m.romanov/benchmarking/datasets/MIST_HER2/trainB/IHC/27M2102007_13_29.jpg
83M2100256,83M2100256_11_16,0,0,2,/trinity/home/m.romanov/benchmarking/datasets/MIST_HER2/trainA/HE/83M2100256_11_16.jpg,/trinity/home/m.romanov/benchmarking/datasets/MIST_HER2/trainB/IHC/83M2100256_11_16.jpg
62M2100915,62M2100915_16_26,0,0,2,/trinity/home/m.romanov/benchmarking/datasets/MIST_HER2/trainA/HE/62M2100915_16_26.jpg,/trinity/home/m.romanov/benchmarking/datasets/MIST_HER2/trainB/IHC/62M2100915_16_26.jpg
25M2102060,25M2102060_10_11,0,0,2,/trinity/home/m.romanov/benchmarking/datasets/MIST_HER2/trainA/HE/25M2102060_10_11.jpg,/trinity/home/m.romanov/benchmarking/datasets/MIST_HER2/trainB/IHC/25M2102060_10_11.jpg
54M2101205,54M2101205_14_20,0,0,2,/trinity/home/m.romanov/benchmarking/datasets/MIST_HER2/trainA/HE/54M2101205_14_20.jpg,/trinity/home/m.romanov/benchmarking/datasets/MIST_HER2/trainB/IHC/54M2101205_14_20.jpg
70M2100623,70M2100623_28_26,0,0,2,/trinity/home/m.romanov/benchmarking/datasets/MIST_HER2/trainA/HE/70M2100623_28_26.jpg,/trinity/home/m.romanov/benchmarking/datasets/MIST_HER2/trainB/IHC/70M2100623_28_26.jpg
25M2102060,25M2102060_26_25,0,0,2,/trinity/home/m.romanov/benchmarking/datasets/MIST_HER2/trainA/HE/25M2102060_26_25.jpg,/trinity/home/m.romanov/benchmarking/datasets/MIST_HER2/trainB/IHC/25M2102060_26_25.jpg
88M2100218,88M2100218_31_7,0,0,2,/trinity/home/m.romanov/benchmarking/datasets/MIST_HER2/trainA/HE/88M2100218_31_7.jpg,/trinity/home/m.romanov/benchmarking/datasets/MIST_HER2/trainB/IHC/88M2100218_31_7.jpg
30M2101953,30M2101953_8_12,0,0,2,/trinity/home/m.romanov/benchmarking/datasets/MIST_HER2/trainA/HE/30M2101953_8_12.jpg,/trinity/home/m.romanov/benchmarking/datasets/MIST_HER2/trainB/IHC/30M2101953_8_12.jpg
70M2100623,70M2100623_42_11,0,0,2,/trinity/home/m.romanov/benchmarking/datasets/MIST_HER2/trainA/HE/70M2100623_42_11.jpg,/trinity/home/m.romanov/benchmarking/datasets/MIST_HER2/trainB/IHC/70M2100623_42_11.jpg
60M2100980,60M2100980_32_27,0,0,2,/trinity/home/m.romanov/benchmarking/datasets/MIST_HER2/trainA/HE/60M2100980_32_27.jpg,/trinity/home/m.romanov/benchmarking/datasets/MIST_HER2/trainB/IHC/60M2100980_32_27.jpg
15M2102762,15M2102762_4_20,0,0,2,/trinity/home/m.romanov/benchmarking/datasets/MIST_HER2/trainA/HE/15M2102762_4_20.jpg,/trinity/home/m.romanov/benchmarking/datasets/MIST_HER2/trainB/IHC/15M2102762_4_20.jpg
91M2100173,91M2100173_9_13,0,0,2,/trinity/home/m.romanov/benchmarking/datasets/MIST_HER2/trainA/HE/91M2100173_9_13.jpg,/trinity/home/m.romanov/benchmarking/datasets/MIST_HER2/trainB/IHC/91M2100173_9_13.jpg
27M2102007,27M2102007_23_18,0,0,2,/trinity/home/m.romanov/benchmarking/datasets/MIST_HER2/trainA/HE/27M2102007_23_18.jpg,/trinity/home/m.romanov/benchmarking/datasets/MIST_HER2/trainB/IHC/27M2102007_23_18.jpg
46M2101353,46M2101353_24_26,0,0,2,/trinity/home/m.romanov/benchmarking/datasets/MIST_HER2/trainA/HE/46M2101353_24_26.jpg,/trinity/home/m.romanov/benchmarking/datasets/MIST_HER2/trainB/IHC/46M2101353_24_26.jpg
47M2101316,47M2101316_15_28,0,0,2,/trinity/home/m.romanov/benchmarking/datasets/MIST_HER2/trainA/HE/47M2101316_15_28.jpg,/trinity/home/m.romanov/benchmarking/datasets/MIST_HER2/trainB/IHC/47M2101316_15_28.jpg
39M2101576,39M2101576_9_10,0,0,2,/trinity/home/m.romanov/benchmarking/datasets/MIST_HER2/trainA/HE/39M2101576_9_10.jpg,/trinity/home/m.romanov/benchmarking/datasets/MIST_HER2/trainB/IHC/39M2101576_9_10.jpg
70M2100623,70M2100623_15_17,0,0,2,/trinity/home/m.romanov/benchmarking/datasets/MIST_HER2/trainA/HE/70M2100623_15_17.jpg,/trinity/home/m.romanov/benchmarking/datasets/MIST_HER2/trainB/IHC/70M2100623_15_17.jpg
16M2102718,16M2102718_21_8,0,0,2,/trinity/home/m.romanov/benchmarking/datasets/MIST_HER2/trainA/HE/16M2102718_21_8.jpg,/trinity/home/m.romanov/benchmarking/datasets/MIST_HER2/trainB/IHC/16M2102718_21_8.jpg
60M2100980,60M2100980_24_19,0,0,2,/trinity/home/m.romanov/benchmarking/datasets/MIST_HER2/trainA/HE/60M2100980_24_19.jpg,/trinity/home/m.romanov/benchmarking/datasets/MIST_HER2/trainB/IHC/60M2100980_24_19.jpg
45M2101377,45M2101377_20_32,0,0,2,/trinity/home/m.romanov/benchmarking/datasets/MIST_HER2/trainA/HE/45M2101377_20_32.jpg,/trinity/home/m.romanov/benchmarking/datasets/MIST_HER2/trainB/IHC/45M2101377_20_32.jpg
80M2100377,80M2100377_30_23,0,0,2,/trinity/home/m.romanov/benchmarking/datasets/MIST_HER2/trainA/HE/80M2100377_30_23.jpg,/trinity/home/m.romanov/benchmarking/datasets/MIST_HER2/trainB/IHC/80M2100377_30_23.jpg
16M2102718,16M2102718_25_13,0,0,2,/trinity/home/m.romanov/benchmarking/datasets/MIST_HER2/trainA/HE/16M2102718_25_13.jpg,/trinity/home/m.romanov/benchmarking/datasets/MIST_HER2/trainB/IHC/16M2102718_25_13.jpg
27M2102007,27M2102007_13_24,0,0,2,/trinity/home/m.romanov/benchmarking/datasets/MIST_HER2/trainA/HE/27M2102007_13_24.jpg,/trinity/home/m.romanov/benchmarking/datasets/MIST_HER2/trainB/IHC/27M2102007_13_24.jpg
81M2100356,81M2100356_11_29,0,0,2,/trinity/home/m.romanov/benchmarking/datasets/MIST_HER2/trainA/HE/81M2100356_11_29.jpg,/trinity/home/m.romanov/benchmarking/datasets/MIST_HER2/trainB/IHC/81M2100356_11_29.jpg
60M2100980,60M2100980_9_13,0,0,2,/trinity/home/m.romanov/benchmarking/datasets/MIST_HER2/trainA/HE/60M2100980_9_13.jpg,/trinity/home/m.romanov/benchmarking/datasets/MIST_HER2/trainB/IHC/60M2100980_9_13.jpg
30M2101953,30M2101953_8_17,0,0,2,/trinity/home/m.romanov/benchmarking/datasets/MIST_HER2/trainA/HE/30M2101953_8_17.jpg,/trinity/home/m.romanov/benchmarking/datasets/MIST_HER2/trainB/IHC/30M2101953_8_17.jpg
33M2101839,33M2101839_15_5,0,0,2,/trinity/home/m.romanov/benchmarking/datasets/MIST_HER2/trainA/HE/33M2101839_15_5.jpg,/trinity/home/m.romanov/benchmarking/datasets/MIST_HER2/trainB/IHC/33M2101839_15_5.jpg
98M2004096,98M2004096_31_10,0,0,2,/trinity/home/m.romanov/benchmarking/datasets/MIST_HER2/trainA/HE/98M2004096_31_10.jpg,/trinity/home/m.romanov/benchmarking/datasets/MIST_HER2/trainB/IHC/98M2004096_31_10.jpg
79M2100417,79M2100417_9_23,0,0,2,/trinity/home/m.romanov/benchmarking/datasets/MIST_HER2/trainA/HE/79M2100417_9_23.jpg,/trinity/home/m.romanov/benchmarking/datasets/MIST_HER2/trainB/IHC/79M2100417_9_23.jpg
50M2101298,50M2101298_12_14,0,0,2,/trinity/home/m.romanov/benchmarking/datasets/MIST_HER2/trainA/HE/50M2101298_12_14.jpg,/trinity/home/m.romanov/benchmarking/datasets/MIST_HER2/trainB/IHC/50M2101298_12_14.jpg
67M2100642,67M2100642_22_22,0,0,2,/trinity/home/m.romanov/benchmarking/datasets/MIST_HER2/trainA/HE/67M2100642_22_22.jpg,/trinity/home/m.romanov/benchmarking/datasets/MIST_HER2/trainB/IHC/67M2100642_22_22.jpg
35M2101733,35M2101733_6_11,0,0,2,/trinity/home/m.romanov/benchmarking/datasets/MIST_HER2/trainA/HE/35M2101733_6_11.jpg,/trinity/home/m.romanov/benchmarking/datasets/MIST_HER2/trainB/IHC/35M2101733_6_11.jpg
28M2101987,28M2101987_20_7,0,0,2,/trinity/home/m.romanov/benchmarking/datasets/MIST_HER2/trainA/HE/28M2101987_20_7.jpg,/trinity/home/m.romanov/benchmarking/datasets/MIST_HER2/trainB/IHC/28M2101987_20_7.jpg
81M2100356,81M2100356_16_29,0,0,2,/trinity/home/m.romanov/benchmarking/datasets/MIST_HER2/trainA/HE/81M2100356_16_29.jpg,/trinity/home/m.romanov/benchmarking/datasets/MIST_HER2/trainB/IHC/81M2100356_16_29.jpg
75M2100521,75M2100521_20_15,0,0,2,/trinity/home/m.romanov/benchmarking/datasets/MIST_HER2/trainA/HE/75M2100521_20_15.jpg,/trinity/home/m.romanov/benchmarking/datasets/MIST_HER2/trainB/IHC/75M2100521_20_15.jpg
40M2101566,40M2101566_33_35,0,0,2,/trinity/home/m.romanov/benchmarking/datasets/MIST_HER2/trainA/HE/40M2101566_33_35.jpg,/trinity/home/m.romanov/benchmarking/datasets/MIST_HER2/trainB/IHC/40M2101566_33_35.jpg
98M2004096,98M2004096_15_6,0,0,2,/trinity/home/m.romanov/benchmarking/datasets/MIST_HER2/trainA/HE/98M2004096_15_6.jpg,/trinity/home/m.romanov/benchmarking/datasets/MIST_HER2/trainB/IHC/98M2004096_15_6.jpg
46M2101353,46M2101353_25_23,0,0,2,/trinity/home/m.romanov/benchmarking/datasets/MIST_HER2/trainA/HE/46M2101353_25_23.jpg,/trinity/home/m.romanov/benchmarking/datasets/MIST_HER2/trainB/IHC/46M2101353_25_23.jpg
83M2100256,83M2100256_35_13,0,0,2,/trinity/home/m.romanov/benchmarking/datasets/MIST_HER2/trainA/HE/83M2100256_35_13.jpg,/trinity/home/m.romanov/benchmarking/datasets/MIST_HER2/trainB/IHC/83M2100256_35_13.jpg
65M2100668,65M2100668_20_11,0,0,2,/trinity/home/m.romanov/benchmarking/datasets/MIST_HER2/trainA/HE/65M2100668_20_11.jpg,/trinity/home/m.romanov/benchmarking/datasets/MIST_HER2/trainB/IHC/65M2100668_20_11.jpg
60M2100980,60M2100980_16_18,0,0,2,/trinity/home/m.romanov/benchmarking/datasets/MIST_HER2/trainA/HE/60M2100980_16_18.jpg,/trinity/home/m.romanov/benchmarking/datasets/MIST_HER2/trainB/IHC/60M2100980_16_18.jpg
39M2101576,39M2101576_24_6,0,0,2,/trinity/home/m.romanov/benchmarking/datasets/MIST_HER2/trainA/HE/39M2101576_24_6.jpg,/trinity/home/m.romanov/benchmarking/datasets/MIST_HER2/trainB/IHC/39M2101576_24_6.jpg
75M2100521,75M2100521_24_19,0,0,2,/trinity/home/m.romanov/benchmarking/datasets/MIST_HER2/trainA/HE/75M2100521_24_19.jpg,/trinity/home/m.romanov/benchmarking/datasets/MIST_HER2/trainB/IHC/75M2100521_24_19.jpg
4M2103059,4M2103059_11_8,0,0,2,/trinity/home/m.romanov/benchmarking/datasets/MIST_HER2/trainA/HE/4M2103059_11_8.jpg,/trinity/home/m.romanov/benchmarking/datasets/MIST_HER2/trainB/IHC/4M2103059_11_8.jpg
2M2103108,2M2103108_10_18,0,0,2,/trinity/home/m.romanov/benchmarking/datasets/MIST_HER2/trainA/HE/2M2103108_10_18.jpg,/trinity/home/m.romanov/benchmarking/datasets/MIST_HER2/trainB/IHC/2M2103108_10_18.jpg
80M2100377,80M2100377_18_21,0,0,2,/trinity/home/m.romanov/benchmarking/datasets/MIST_HER2/trainA/HE/80M2100377_18_21.jpg,/trinity/home/m.romanov/benchmarking/datasets/MIST_HER2/trainB/IHC/80M2100377_18_21.jpg
4M2103059,4M2103059_23_6,0,0,2,/trinity/home/m.romanov/benchmarking/datasets/MIST_HER2/trainA/HE/4M2103059_23_6.jpg,/trinity/home/m.romanov/benchmarking/datasets/MIST_HER2/trainB/IHC/4M2103059_23_6.jpg
56M2101083,56M2101083_35_36,0,0,2,/trinity/home/m.romanov/benchmarking/datasets/MIST_HER2/trainA/HE/56M2101083_35_36.jpg,/trinity/home/m.romanov/benchmarking/datasets/MIST_HER2/trainB/IHC/56M2101083_35_36.jpg
25M2102060,25M2102060_9_18,0,0,2,/trinity/home/m.romanov/benchmarking/datasets/MIST_HER2/trainA/HE/25M2102060_9_18.jpg,/trinity/home/m.romanov/benchmarking/datasets/MIST_HER2/trainB/IHC/25M2102060_9_18.jpg
60M2100980,60M2100980_27_18,0,0,2,/trinity/home/m.romanov/benchmarking/datasets/MIST_HER2/trainA/HE/60M2100980_27_18.jpg,/trinity/home/m.romanov/benchmarking/datasets/MIST_HER2/trainB/IHC/60M2100980_27_18.jpg
67M2100642,67M2100642_25_12,0,0,2,/trinity/home/m.romanov/benchmarking/datasets/MIST_HER2/trainA/HE/67M2100642_25_12.jpg,/trinity/home/m.romanov/benchmarking/datasets/MIST_HER2/trainB/IHC/67M2100642_25_12.jpg
83M2100256,83M2100256_15_3,0,0,2,/trinity/home/m.romanov/benchmarking/datasets/MIST_HER2/trainA/HE/83M2100256_15_3.jpg,/trinity/home/m.romanov/benchmarking/datasets/MIST_HER2/trainB/IHC/83M2100256_15_3.jpg
6M2103024,6M2103024_26_13,0,0,2,/trinity/home/m.romanov/benchmarking/datasets/MIST_HER2/trainA/HE/6M2103024_26_13.jpg,/trinity/home/m.romanov/benchmarking/datasets/MIST_HER2/trainB/IHC/6M2103024_26_13.jpg
79M2100417,79M2100417_15_21,0,0,2,/trinity/home/m.romanov/benchmarking/datasets/MIST_HER2/trainA/HE/79M2100417_15_21.jpg,/trinity/home/m.romanov/benchmarking/datasets/MIST_HER2/trainB/IHC/79M2100417_15_21.jpg
22M2102266,22M2102266_20_23,0,0,2,/trinity/home/m.romanov/benchmarking/datasets/MIST_HER2/trainA/HE/22M2102266_20_23.jpg,/trinity/home/m.romanov/benchmarking/datasets/MIST_HER2/trainB/IHC/22M2102266_20_23.jpg
30M2101953,30M2101953_8_7,0,0,2,/trinity/home/m.romanov/benchmarking/datasets/MIST_HER2/trainA/HE/30M2101953_8_7.jpg,/trinity/home/m.romanov/benchmarking/datasets/MIST_HER2/trainB/IHC/30M2101953_8_7.jpg
76M2100485,76M2100485_43_18,0,0,2,/trinity/home/m.romanov/benchmarking/datasets/MIST_HER2/trainA/HE/76M2100485_43_18.jpg,/trinity/home/m.romanov/benchmarking/datasets/MIST_HER2/trainB/IHC/76M2100485_43_18.jpg
4M2103059,4M2103059_22_17,0,0,2,/trinity/home/m.romanov/benchmarking/datasets/MIST_HER2/trainA/HE/4M2103059_22_17.jpg,/trinity/home/m.romanov/benchmarking/datasets/MIST_HER2/trainB/IHC/4M2103059_22_17.jpg
54M2101205,54M2101205_20_20,0,0,2,/trinity/home/m.romanov/benchmarking/datasets/MIST_HER2/trainA/HE/54M2101205_20_20.jpg,/trinity/home/m.romanov/benchmarking/datasets/MIST_HER2/trainB/IHC/54M2101205_20_20.jpg
23M2102136,23M2102136_23_6,0,0,2,/trinity/home/m.romanov/benchmarking/datasets/MIST_HER2/trainA/HE/23M2102136_23_6.jpg,/trinity/home/m.romanov/benchmarking/datasets/MIST_HER2/trainB/IHC/23M2102136_23_6.jpg
76M2100485,76M2100485_25_12,0,0,2,/trinity/home/m.romanov/benchmarking/datasets/MIST_HER2/trainA/HE/76M2100485_25_12.jpg,/trinity/home/m.romanov/benchmarking/datasets/MIST_HER2/trainB/IHC/76M2100485_25_12.jpg
92M2100150,92M2100150_15_30,0,0,2,/trinity/home/m.romanov/benchmarking/datasets/MIST_HER2/trainA/HE/92M2100150_15_30.jpg,/trinity/home/m.romanov/benchmarking/datasets/MIST_HER2/trainB/IHC/92M2100150_15_30.jpg
44M2101492,44M2101492_23_28,0,0,2,/trinity/home/m.romanov/benchmarking/datasets/MIST_HER2/trainA/HE/44M2101492_23_28.jpg,/trinity/home/m.romanov/benchmarking/datasets/MIST_HER2/trainB/IHC/44M2101492_23_28.jpg
68M2100640,68M2100640_4_18,0,0,2,/trinity/home/m.romanov/benchmarking/datasets/MIST_HER2/trainA/HE/68M2100640_4_18.jpg,/trinity/home/m.romanov/benchmarking/datasets/MIST_HER2/trainB/IHC/68M2100640_4_18.jpg
81M2100356,81M2100356_39_37,0,0,2,/trinity/home/m.romanov/benchmarking/datasets/MIST_HER2/trainA/HE/81M2100356_39_37.jpg,/trinity/home/m.romanov/benchmarking/datasets/MIST_HER2/trainB/IHC/81M2100356_39_37.jpg
67M2100642,67M2100642_20_9,0,0,2,/trinity/home/m.romanov/benchmarking/datasets/MIST_HER2/trainA/HE/67M2100642_20_9.jpg,/trinity/home/m.romanov/benchmarking/datasets/MIST_HER2/trainB/IHC/67M2100642_20_9.jpg
97M2100034,97M2100034_12_10,0,0,2,/trinity/home/m.romanov/benchmarking/datasets/MIST_HER2/trainA/HE/97M2100034_12_10.jpg,/trinity/home/m.romanov/benchmarking/datasets/MIST_HER2/trainB/IHC/97M2100034_12_10.jpg
27M2102007,27M2102007_19_23,0,0,2,/trinity/home/m.romanov/benchmarking/datasets/MIST_HER2/trainA/HE/27M2102007_19_23.jpg,/trinity/home/m.romanov/benchmarking/datasets/MIST_HER2/trainB/IHC/27M2102007_19_23.jpg
76M2100485,76M2100485_31_22,0,0,2,/trinity/home/m.romanov/benchmarking/datasets/MIST_HER2/trainA/HE/76M2100485_31_22.jpg,/trinity/home/m.romanov/benchmarking/datasets/MIST_HER2/trainB/IHC/76M2100485_31_22.jpg
99M2004082,99M2004082_25_9,0,0,2,/trinity/home/m.romanov/benchmarking/datasets/MIST_HER2/trainA/HE/99M2004082_25_9.jpg,/trinity/home/m.romanov/benchmarking/datasets/MIST_HER2/trainB/IHC/99M2004082_25_9.jpg
14M2102785,14M2102785_17_15,0,0,2,/trinity/home/m.romanov/benchmarking/datasets/MIST_HER2/trainA/HE/14M2102785_17_15.jpg,/trinity/home/m.romanov/benchmarking/datasets/MIST_HER2/trainB/IHC/14M2102785_17_15.jpg
60M2100980,60M2100980_31_11,0,0,2,/trinity/home/m.romanov/benchmarking/datasets/MIST_HER2/trainA/HE/60M2100980_31_11.jpg,/trinity/home/m.romanov/benchmarking/datasets/MIST_HER2/trainB/IHC/60M2100980_31_11.jpg
31M2101871,31M2101871_32_8,0,0,2,/trinity/home/m.romanov/benchmarking/datasets/MIST_HER2/trainA/HE/31M2101871_32_8.jpg,/trinity/home/m.romanov/benchmarking/datasets/MIST_HER2/trainB/IHC/31M2101871_32_8.jpg
67M2100642,67M2100642_4_19,0,0,2,/trinity/home/m.romanov/benchmarking/datasets/MIST_HER2/trainA/HE/67M2100642_4_19.jpg,/trinity/home/m.romanov/benchmarking/datasets/MIST_HER2/trainB/IHC/67M2100642_4_19.jpg
87M2100227,87M2100227_13_4,0,0,2,/trinity/home/m.romanov/benchmarking/datasets/MIST_HER2/trainA/HE/87M2100227_13_4.jpg,/trinity/home/m.romanov/benchmarking/datasets/MIST_HER2/trainB/IHC/87M2100227_13_4.jpg
77M2100464,77M2100464_7_25,0,0,2,/trinity/home/m.romanov/benchmarking/datasets/MIST_HER2/trainA/HE/77M2100464_7_25.jpg,/trinity/home/m.romanov/benchmarking/datasets/MIST_HER2/trainB/IHC/77M2100464_7_25.jpg
14M2102785,14M2102785_22_18,0,0,2,/trinity/home/m.romanov/benchmarking/datasets/MIST_HER2/trainA/HE/14M2102785_22_18.jpg,/trinity/home/m.romanov/benchmarking/datasets/MIST_HER2/trainB/IHC/14M2102785_22_18.jpg
75M2100521,75M2100521_13_14,0,0,2,/trinity/home/m.romanov/benchmarking/datasets/MIST_HER2/trainA/HE/75M2100521_13_14.jpg,/trinity/home/m.romanov/benchmarking/datasets/MIST_HER2/trainB/IHC/75M2100521_13_14.jpg
65M2100668,65M2100668_30_10,0,0,2,/trinity/home/m.romanov/benchmarking/datasets/MIST_HER2/trainA/HE/65M2100668_30_10.jpg,/trinity/home/m.romanov/benchmarking/datasets/MIST_HER2/trainB/IHC/65M2100668_30_10.jpg
27M2102007,27M2102007_5_24,0,0,2,/trinity/home/m.romanov/benchmarking/datasets/MIST_HER2/trainA/HE/27M2102007_5_24.jpg,/trinity/home/m.romanov/benchmarking/datasets/MIST_HER2/trainB/IHC/27M2102007_5_24.jpg
44M2101492,44M2101492_33_20,0,0,2,/trinity/home/m.romanov/benchmarking/datasets/MIST_HER2/trainA/HE/44M2101492_33_20.jpg,/trinity/home/m.romanov/benchmarking/datasets/MIST_HER2/trainB/IHC/44M2101492_33_20.jpg
99M2004082,99M2004082_30_10,0,0,2,/trinity/home/m.romanov/benchmarking/datasets/MIST_HER2/trainA/HE/99M2004082_30_10.jpg,/trinity/home/m.romanov/benchmarking/datasets/MIST_HER2/trainB/IHC/99M2004082_30_10.jpg
30M2101953,30M2101953_12_9,0,0,2,/trinity/home/m.romanov/benchmarking/datasets/MIST_HER2/trainA/HE/30M2101953_12_9.jpg,/trinity/home/m.romanov/benchmarking/datasets/MIST_HER2/trainB/IHC/30M2101953_12_9.jpg
80M2100377,80M2100377_28_17,0,0,2,/trinity/home/m.romanov/benchmarking/datasets/MIST_HER2/trainA/HE/80M2100377_28_17.jpg,/trinity/home/m.romanov/benchmarking/datasets/MIST_HER2/trainB/IHC/80M2100377_28_17.jpg
79M2100417,79M2100417_18_9,0,0,2,/trinity/home/m.romanov/benchmarking/datasets/MIST_HER2/trainA/HE/79M2100417_18_9.jpg,/trinity/home/m.romanov/benchmarking/datasets/MIST_HER2/trainB/IHC/79M2100417_18_9.jpg
46M2101353,46M2101353_12_16,0,0,2,/trinity/home/m.romanov/benchmarking/datasets/MIST_HER2/trainA/HE/46M2101353_12_16.jpg,/trinity/home/m.romanov/benchmarking/datasets/MIST_HER2/trainB/IHC/46M2101353_12_16.jpg
98M2004096,98M2004096_12_4,0,0,2,/trinity/home/m.romanov/benchmarking/datasets/MIST_HER2/trainA/HE/98M2004096_12_4.jpg,/trinity/home/m.romanov/benchmarking/datasets/MIST_HER2/trainB/IHC/98M2004096_12_4.jpg
94M2100142,94M2100142_14_8,0,0,2,/trinity/home/m.romanov/benchmarking/datasets/MIST_HER2/trainA/HE/94M2100142_14_8.jpg,/trinity/home/m.romanov/benchmarking/datasets/MIST_HER2/trainB/IHC/94M2100142_14_8.jpg
51M2101285,51M2101285_22_21,0,0,2,/trinity/home/m.romanov/benchmarking/datasets/MIST_HER2/trainA/HE/51M2101285_22_21.jpg,/trinity/home/m.romanov/benchmarking/datasets/MIST_HER2/trainB/IHC/51M2101285_22_21.jpg
99M2004082,99M2004082_31_7,0,0,2,/trinity/home/m.romanov/benchmarking/datasets/MIST_HER2/trainA/HE/99M2004082_31_7.jpg,/trinity/home/m.romanov/benchmarking/datasets/MIST_HER2/trainB/IHC/99M2004082_31_7.jpg
81M2100356,81M2100356_29_22,0,0,2,/trinity/home/m.romanov/benchmarking/datasets/MIST_HER2/trainA/HE/81M2100356_29_22.jpg,/trinity/home/m.romanov/benchmarking/datasets/MIST_HER2/trainB/IHC/81M2100356_29_22.jpg
80M2100377,80M2100377_15_21,0,0,2,/trinity/home/m.romanov/benchmarking/datasets/MIST_HER2/trainA/HE/80M2100377_15_21.jpg,/trinity/home/m.romanov/benchmarking/datasets/MIST_HER2/trainB/IHC/80M2100377_15_21.jpg
44M2101492,44M2101492_32_8,0,0,2,/trinity/home/m.romanov/benchmarking/datasets/MIST_HER2/trainA/HE/44M2101492_32_8.jpg,/trinity/home/m.romanov/benchmarking/datasets/MIST_HER2/trainB/IHC/44M2101492_32_8.jpg
4M2103059,4M2103059_16_15,0,0,2,/trinity/home/m.romanov/benchmarking/datasets/MIST_HER2/trainA/HE/4M2103059_16_15.jpg,/trinity/home/m.romanov/benchmarking/datasets/MIST_HER2/trainB/IHC/4M2103059_16_15.jpg
22M2102266,22M2102266_22_19,0,0,2,/trinity/home/m.romanov/benchmarking/datasets/MIST_HER2/trainA/HE/22M2102266_22_19.jpg,/trinity/home/m.romanov/benchmarking/datasets/MIST_HER2/trainB/IHC/22M2102266_22_19.jpg
60M2100980,60M2100980_29_26,0,0,2,/trinity/home/m.romanov/benchmarking/datasets/MIST_HER2/trainA/HE/60M2100980_29_26.jpg,/trinity/home/m.romanov/benchmarking/datasets/MIST_HER2/trainB/IHC/60M2100980_29_26.jpg
53M2101258,53M2101258_31_29,0,0,2,/trinity/home/m.romanov/benchmarking/datasets/MIST_HER2/trainA/HE/53M2101258_31_29.jpg,/trinity/home/m.romanov/benchmarking/datasets/MIST_HER2/trainB/IHC/53M2101258_31_29.jpg
30M2101953,30M2101953_9_10,0,0,2,/trinity/home/m.romanov/benchmarking/datasets/MIST_HER2/trainA/HE/30M2101953_9_10.jpg,/trinity/home/m.romanov/benchmarking/datasets/MIST_HER2/trainB/IHC/30M2101953_9_10.jpg
76M2100485,76M2100485_33_17,0,0,2,/trinity/home/m.romanov/benchmarking/datasets/MIST_HER2/trainA/HE/76M2100485_33_17.jpg,/trinity/home/m.romanov/benchmarking/datasets/MIST_HER2/trainB/IHC/76M2100485_33_17.jpg
58M2100997,58M2100997_22_6,0,0,2,/trinity/home/m.romanov/benchmarking/datasets/MIST_HER2/trainA/HE/58M2100997_22_6.jpg,/trinity/home/m.romanov/benchmarking/datasets/MIST_HER2/trainB/IHC/58M2100997_22_6.jpg
81M2100356,81M2100356_33_27,0,0,2,/trinity/home/m.romanov/benchmarking/datasets/MIST_HER2/trainA/HE/81M2100356_33_27.jpg,/trinity/home/m.romanov/benchmarking/datasets/MIST_HER2/trainB/IHC/81M2100356_33_27.jpg
77M2100464,77M2100464_8_19,0,0,2,/trinity/home/m.romanov/benchmarking/datasets/MIST_HER2/trainA/HE/77M2100464_8_19.jpg,/trinity/home/m.romanov/benchmarking/datasets/MIST_HER2/trainB/IHC/77M2100464_8_19.jpg
28M2101987,28M2101987_25_7,0,0,2,/trinity/home/m.romanov/benchmarking/datasets/MIST_HER2/trainA/HE/28M2101987_25_7.jpg,/trinity/home/m.romanov/benchmarking/datasets/MIST_HER2/trainB/IHC/28M2101987_25_7.jpg
99M2004082,99M2004082_12_15,0,0,2,/trinity/home/m.romanov/benchmarking/datasets/MIST_HER2/trainA/HE/99M2004082_12_15.jpg,/trinity/home/m.romanov/benchmarking/datasets/MIST_HER2/trainB/IHC/99M2004082_12_15.jpg
51M2101285,51M2101285_26_21,0,0,2,/trinity/home/m.romanov/benchmarking/datasets/MIST_HER2/trainA/HE/51M2101285_26_21.jpg,/trinity/home/m.romanov/benchmarking/datasets/MIST_HER2/trainB/IHC/51M2101285_26_21.jpg
4M2103059,4M2103059_17_12,0,0,2,/trinity/home/m.romanov/benchmarking/datasets/MIST_HER2/trainA/HE/4M2103059_17_12.jpg,/trinity/home/m.romanov/benchmarking/datasets/MIST_HER2/trainB/IHC/4M2103059_17_12.jpg
40M2101566,40M2101566_29_40,0,0,2,/trinity/home/m.romanov/benchmarking/datasets/MIST_HER2/trainA/HE/40M2101566_29_40.jpg,/trinity/home/m.romanov/benchmarking/datasets/MIST_HER2/trainB/IHC/40M2101566_29_40.jpg
44M2101492,44M2101492_19_12,0,0,2,/trinity/home/m.romanov/benchmarking/datasets/MIST_HER2/trainA/HE/44M2101492_19_12.jpg,/trinity/home/m.romanov/benchmarking/datasets/MIST_HER2/trainB/IHC/44M2101492_19_12.jpg
28M2101987,28M2101987_17_10,0,0,2,/trinity/home/m.romanov/benchmarking/datasets/MIST_HER2/trainA/HE/28M2101987_17_10.jpg,/trinity/home/m.romanov/benchmarking/datasets/MIST_HER2/trainB/IHC/28M2101987_17_10.jpg
10M2102916,10M2102916_31_29,0,0,2,/trinity/home/m.romanov/benchmarking/datasets/MIST_HER2/trainA/HE/10M2102916_31_29.jpg,/trinity/home/m.romanov/benchmarking/datasets/MIST_HER2/trainB/IHC/10M2102916_31_29.jpg
79M2100417,79M2100417_18_15,0,0,2,/trinity/home/m.romanov/benchmarking/datasets/MIST_HER2/trainA/HE/79M2100417_18_15.jpg,/trinity/home/m.romanov/benchmarking/datasets/MIST_HER2/trainB/IHC/79M2100417_18_15.jpg
57M2101034,57M2101034_14_20,0,0,2,/trinity/home/m.romanov/benchmarking/datasets/MIST_HER2/trainA/HE/57M2101034_14_20.jpg,/trinity/home/m.romanov/benchmarking/datasets/MIST_HER2/trainB/IHC/57M2101034_14_20.jpg
47M2101316,47M2101316_8_28,0,0,2,/trinity/home/m.romanov/benchmarking/datasets/MIST_HER2/trainA/HE/47M2101316_8_28.jpg,/trinity/home/m.romanov/benchmarking/datasets/MIST_HER2/trainB/IHC/47M2101316_8_28.jpg
59M2100987,59M2100987_4_15,0,0,2,/trinity/home/m.romanov/benchmarking/datasets/MIST_HER2/trainA/HE/59M2100987_4_15.jpg,/trinity/home/m.romanov/benchmarking/datasets/MIST_HER2/trainB/IHC/59M2100987_4_15.jpg
81M2100356,81M2100356_31_34,0,0,2,/trinity/home/m.romanov/benchmarking/datasets/MIST_HER2/trainA/HE/81M2100356_31_34.jpg,/trinity/home/m.romanov/benchmarking/datasets/MIST_HER2/trainB/IHC/81M2100356_31_34.jpg
74M2100526,74M2100526_9_20,0,0,2,/trinity/home/m.romanov/benchmarking/datasets/MIST_HER2/trainA/HE/74M2100526_9_20.jpg,/trinity/home/m.romanov/benchmarking/datasets/MIST_HER2/trainB/IHC/74M2100526_9_20.jpg
69M2100632,69M2100632_30_8,0,0,2,/trinity/home/m.romanov/benchmarking/datasets/MIST_HER2/trainA/HE/69M2100632_30_8.jpg,/trinity/home/m.romanov/benchmarking/datasets/MIST_HER2/trainB/IHC/69M2100632_30_8.jpg
22M2102266,22M2102266_22_15,0,0,2,/trinity/home/m.romanov/benchmarking/datasets/MIST_HER2/trainA/HE/22M2102266_22_15.jpg,/trinity/home/m.romanov/benchmarking/datasets/MIST_HER2/trainB/IHC/22M2102266_22_15.jpg
23M2102136,23M2102136_29_15,0,0,2,/trinity/home/m.romanov/benchmarking/datasets/MIST_HER2/trainA/HE/23M2102136_29_15.jpg,/trinity/home/m.romanov/benchmarking/datasets/MIST_HER2/trainB/IHC/23M2102136_29_15.jpg
48M2101314,48M2101314_21_6,0,0,2,/trinity/home/m.romanov/benchmarking/datasets/MIST_HER2/trainA/HE/48M2101314_21_6.jpg,/trinity/home/m.romanov/benchmarking/datasets/MIST_HER2/trainB/IHC/48M2101314_21_6.jpg
25M2102060,25M2102060_33_19,0,0,2,/trinity/home/m.romanov/benchmarking/datasets/MIST_HER2/trainA/HE/25M2102060_33_19.jpg,/trinity/home/m.romanov/benchmarking/datasets/MIST_HER2/trainB/IHC/25M2102060_33_19.jpg
94M2100142,94M2100142_29_11,0,0,2,/trinity/home/m.romanov/benchmarking/datasets/MIST_HER2/trainA/HE/94M2100142_29_11.jpg,/trinity/home/m.romanov/benchmarking/datasets/MIST_HER2/trainB/IHC/94M2100142_29_11.jpg
98M2004096,98M2004096_10_2,0,0,2,/trinity/home/m.romanov/benchmarking/datasets/MIST_HER2/trainA/HE/98M2004096_10_2.jpg,/trinity/home/m.romanov/benchmarking/datasets/MIST_HER2/trainB/IHC/98M2004096_10_2.jpg
88M2100218,88M2100218_21_24,0,0,2,/trinity/home/m.romanov/benchmarking/datasets/MIST_HER2/trainA/HE/88M2100218_21_24.jpg,/trinity/home/m.romanov/benchmarking/datasets/MIST_HER2/trainB/IHC/88M2100218_21_24.jpg
25M2102060,25M2102060_22_25,0,0,2,/trinity/home/m.romanov/benchmarking/datasets/MIST_HER2/trainA/HE/25M2102060_22_25.jpg,/trinity/home/m.romanov/benchmarking/datasets/MIST_HER2/trainB/IHC/25M2102060_22_25.jpg
58M2100997,58M2100997_23_6,0,0,2,/trinity/home/m.romanov/benchmarking/datasets/MIST_HER2/trainA/HE/58M2100997_23_6.jpg,/trinity/home/m.romanov/benchmarking/datasets/MIST_HER2/trainB/IHC/58M2100997_23_6.jpg
83M2100256,83M2100256_9_18,0,0,2,/trinity/home/m.romanov/benchmarking/datasets/MIST_HER2/trainA/HE/83M2100256_9_18.jpg,/trinity/home/m.romanov/benchmarking/datasets/MIST_HER2/trainB/IHC/83M2100256_9_18.jpg
89M2100212,89M2100212_17_10,0,0,2,/trinity/home/m.romanov/benchmarking/datasets/MIST_HER2/trainA/HE/89M2100212_17_10.jpg,/trinity/home/m.romanov/benchmarking/datasets/MIST_HER2/trainB/IHC/89M2100212_17_10.jpg
2M2103108,2M2103108_31_5,0,0,2,/trinity/home/m.romanov/benchmarking/datasets/MIST_HER2/trainA/HE/2M2103108_31_5.jpg,/trinity/home/m.romanov/benchmarking/datasets/MIST_HER2/trainB/IHC/2M2103108_31_5.jpg
53M2101258,53M2101258_9_7,0,0,2,/trinity/home/m.romanov/benchmarking/datasets/MIST_HER2/trainA/HE/53M2101258_9_7.jpg,/trinity/home/m.romanov/benchmarking/datasets/MIST_HER2/trainB/IHC/53M2101258_9_7.jpg
31M2101871,31M2101871_33_10,0,0,2,/trinity/home/m.romanov/benchmarking/datasets/MIST_HER2/trainA/HE/31M2101871_33_10.jpg,/trinity/home/m.romanov/benchmarking/datasets/MIST_HER2/trainB/IHC/31M2101871_33_10.jpg
81M2100356,81M2100356_44_39,0,0,2,/trinity/home/m.romanov/benchmarking/datasets/MIST_HER2/trainA/HE/81M2100356_44_39.jpg,/trinity/home/m.romanov/benchmarking/datasets/MIST_HER2/trainB/IHC/81M2100356_44_39.jpg
68M2100640,68M2100640_25_24,0,0,2,/trinity/home/m.romanov/benchmarking/datasets/MIST_HER2/trainA/HE/68M2100640_25_24.jpg,/trinity/home/m.romanov/benchmarking/datasets/MIST_HER2/trainB/IHC/68M2100640_25_24.jpg
19M2102438,19M2102438_32_12,0,0,2,/trinity/home/m.romanov/benchmarking/datasets/MIST_HER2/trainA/HE/19M2102438_32_12.jpg,/trinity/home/m.romanov/benchmarking/datasets/MIST_HER2/trainB/IHC/19M2102438_32_12.jpg
97M2100034,97M2100034_13_9,0,0,2,/trinity/home/m.romanov/benchmarking/datasets/MIST_HER2/trainA/HE/97M2100034_13_9.jpg,/trinity/home/m.romanov/benchmarking/datasets/MIST_HER2/trainB/IHC/97M2100034_13_9.jpg
47M2101316,47M2101316_29_21,0,0,2,/trinity/home/m.romanov/benchmarking/datasets/MIST_HER2/trainA/HE/47M2101316_29_21.jpg,/trinity/home/m.romanov/benchmarking/datasets/MIST_HER2/trainB/IHC/47M2101316_29_21.jpg
91M2100173,91M2100173_13_17,0,0,2,/trinity/home/m.romanov/benchmarking/datasets/MIST_HER2/trainA/HE/91M2100173_13_17.jpg,/trinity/home/m.romanov/benchmarking/datasets/MIST_HER2/trainB/IHC/91M2100173_13_17.jpg
23M2102136,23M2102136_7_11,0,0,2,/trinity/home/m.romanov/benchmarking/datasets/MIST_HER2/trainA/HE/23M2102136_7_11.jpg,/trinity/home/m.romanov/benchmarking/datasets/MIST_HER2/trainB/IHC/23M2102136_7_11.jpg
2M2103108,2M2103108_27_8,0,0,2,/trinity/home/m.romanov/benchmarking/datasets/MIST_HER2/trainA/HE/2M2103108_27_8.jpg,/trinity/home/m.romanov/benchmarking/datasets/MIST_HER2/trainB/IHC/2M2103108_27_8.jpg
45M2101377,45M2101377_26_9,0,0,2,/trinity/home/m.romanov/benchmarking/datasets/MIST_HER2/trainA/HE/45M2101377_26_9.jpg,/trinity/home/m.romanov/benchmarking/datasets/MIST_HER2/trainB/IHC/45M2101377_26_9.jpg
23M2102136,23M2102136_11_19,0,0,2,/trinity/home/m.romanov/benchmarking/datasets/MIST_HER2/trainA/HE/23M2102136_11_19.jpg,/trinity/home/m.romanov/benchmarking/datasets/MIST_HER2/trainB/IHC/23M2102136_11_19.jpg
22M2102266,22M2102266_19_24,0,0,2,/trinity/home/m.romanov/benchmarking/datasets/MIST_HER2/trainA/HE/22M2102266_19_24.jpg,/trinity/home/m.romanov/benchmarking/datasets/MIST_HER2/trainB/IHC/22M2102266_19_24.jpg
58M2100997,58M2100997_18_11,0,0,2,/trinity/home/m.romanov/benchmarking/datasets/MIST_HER2/trainA/HE/58M2100997_18_11.jpg,/trinity/home/m.romanov/benchmarking/datasets/MIST_HER2/trainB/IHC/58M2100997_18_11.jpg
4M2103059,4M2103059_11_15,0,0,2,/trinity/home/m.romanov/benchmarking/datasets/MIST_HER2/trainA/HE/4M2103059_11_15.jpg,/trinity/home/m.romanov/benchmarking/datasets/MIST_HER2/trainB/IHC/4M2103059_11_15.jpg
91M2100173,91M2100173_6_15,0,0,2,/trinity/home/m.romanov/benchmarking/datasets/MIST_HER2/trainA/HE/91M2100173_6_15.jpg,/trinity/home/m.romanov/benchmarking/datasets/MIST_HER2/trainB/IHC/91M2100173_6_15.jpg
6M2103024,6M2103024_6_23,0,0,2,/trinity/home/m.romanov/benchmarking/datasets/MIST_HER2/trainA/HE/6M2103024_6_23.jpg,/trinity/home/m.romanov/benchmarking/datasets/MIST_HER2/trainB/IHC/6M2103024_6_23.jpg
80M2100377,80M2100377_31_21,0,0,2,/trinity/home/m.romanov/benchmarking/datasets/MIST_HER2/trainA/HE/80M2100377_31_21.jpg,/trinity/home/m.romanov/benchmarking/datasets/MIST_HER2/trainB/IHC/80M2100377_31_21.jpg
77M2100464,77M2100464_17_27,0,0,2,/trinity/home/m.romanov/benchmarking/datasets/MIST_HER2/trainA/HE/77M2100464_17_27.jpg,/trinity/home/m.romanov/benchmarking/datasets/MIST_HER2/trainB/IHC/77M2100464_17_27.jpg
4M2103059,4M2103059_24_16,0,0,2,/trinity/home/m.romanov/benchmarking/datasets/MIST_HER2/trainA/HE/4M2103059_24_16.jpg,/trinity/home/m.romanov/benchmarking/datasets/MIST_HER2/trainB/IHC/4M2103059_24_16.jpg
92M2100150,92M2100150_9_30,0,0,2,/trinity/home/m.romanov/benchmarking/datasets/MIST_HER2/trainA/HE/92M2100150_9_30.jpg,/trinity/home/m.romanov/benchmarking/datasets/MIST_HER2/trainB/IHC/92M2100150_9_30.jpg
27M2102007,27M2102007_12_17,0,0,2,/trinity/home/m.romanov/benchmarking/datasets/MIST_HER2/trainA/HE/27M2102007_12_17.jpg,/trinity/home/m.romanov/benchmarking/datasets/MIST_HER2/trainB/IHC/27M2102007_12_17.jpg
100M2004069,100M2004069_11_9,0,0,2,/trinity/home/m.romanov/benchmarking/datasets/MIST_HER2/trainA/HE/100M2004069_11_9.jpg,/trinity/home/m.romanov/benchmarking/datasets/MIST_HER2/trainB/IHC/100M2004069_11_9.jpg
99M2004082,99M2004082_29_20,0,0,2,/trinity/home/m.romanov/benchmarking/datasets/MIST_HER2/trainA/HE/99M2004082_29_20.jpg,/trinity/home/m.romanov/benchmarking/datasets/MIST_HER2/trainB/IHC/99M2004082_29_20.jpg
60M2100980,60M2100980_12_5,0,0,2,/trinity/home/m.romanov/benchmarking/datasets/MIST_HER2/trainA/HE/60M2100980_12_5.jpg,/trinity/home/m.romanov/benchmarking/datasets/MIST_HER2/trainB/IHC/60M2100980_12_5.jpg
81M2100356,81M2100356_32_11,0,0,2,/trinity/home/m.romanov/benchmarking/datasets/MIST_HER2/trainA/HE/81M2100356_32_11.jpg,/trinity/home/m.romanov/benchmarking/datasets/MIST_HER2/trainB/IHC/81M2100356_32_11.jpg
35M2101733,35M2101733_8_15,0,0,2,/trinity/home/m.romanov/benchmarking/datasets/MIST_HER2/trainA/HE/35M2101733_8_15.jpg,/trinity/home/m.romanov/benchmarking/datasets/MIST_HER2/trainB/IHC/35M2101733_8_15.jpg
39M2101576,39M2101576_12_14,0,0,2,/trinity/home/m.romanov/benchmarking/datasets/MIST_HER2/trainA/HE/39M2101576_12_14.jpg,/trinity/home/m.romanov/benchmarking/datasets/MIST_HER2/trainB/IHC/39M2101576_12_14.jpg
22M2102266,22M2102266_14_18,0,0,2,/trinity/home/m.romanov/benchmarking/datasets/MIST_HER2/trainA/HE/22M2102266_14_18.jpg,/trinity/home/m.romanov/benchmarking/datasets/MIST_HER2/trainB/IHC/22M2102266_14_18.jpg
28M2101987,28M2101987_24_9,0,0,2,/trinity/home/m.romanov/benchmarking/datasets/MIST_HER2/trainA/HE/28M2101987_24_9.jpg,/trinity/home/m.romanov/benchmarking/datasets/MIST_HER2/trainB/IHC/28M2101987_24_9.jpg
31M2101871,31M2101871_4_26,0,0,2,/trinity/home/m.romanov/benchmarking/datasets/MIST_HER2/trainA/HE/31M2101871_4_26.jpg,/trinity/home/m.romanov/benchmarking/datasets/MIST_HER2/trainB/IHC/31M2101871_4_26.jpg
15M2102762,15M2102762_27_7,0,0,2,/trinity/home/m.romanov/benchmarking/datasets/MIST_HER2/trainA/HE/15M2102762_27_7.jpg,/trinity/home/m.romanov/benchmarking/datasets/MIST_HER2/trainB/IHC/15M2102762_27_7.jpg
30M2101953,30M2101953_14_3,0,0,2,/trinity/home/m.romanov/benchmarking/datasets/MIST_HER2/trainA/HE/30M2101953_14_3.jpg,/trinity/home/m.romanov/benchmarking/datasets/MIST_HER2/trainB/IHC/30M2101953_14_3.jpg
59M2100987,59M2100987_8_17,0,0,2,/trinity/home/m.romanov/benchmarking/datasets/MIST_HER2/trainA/HE/59M2100987_8_17.jpg,/trinity/home/m.romanov/benchmarking/datasets/MIST_HER2/trainB/IHC/59M2100987_8_17.jpg
28M2101987,28M2101987_22_31,0,0,2,/trinity/home/m.romanov/benchmarking/datasets/MIST_HER2/trainA/HE/28M2101987_22_31.jpg,/trinity/home/m.romanov/benchmarking/datasets/MIST_HER2/trainB/IHC/28M2101987_22_31.jpg
6M2103024,6M2103024_22_21,0,0,2,/trinity/home/m.romanov/benchmarking/datasets/MIST_HER2/trainA/HE/6M2103024_22_21.jpg,/trinity/home/m.romanov/benchmarking/datasets/MIST_HER2/trainB/IHC/6M2103024_22_21.jpg
91M2100173,91M2100173_7_8,0,0,2,/trinity/home/m.romanov/benchmarking/datasets/MIST_HER2/trainA/HE/91M2100173_7_8.jpg,/trinity/home/m.romanov/benchmarking/datasets/MIST_HER2/trainB/IHC/91M2100173_7_8.jpg
59M2100987,59M2100987_18_14,0,0,2,/trinity/home/m.romanov/benchmarking/datasets/MIST_HER2/trainA/HE/59M2100987_18_14.jpg,/trinity/home/m.romanov/benchmarking/datasets/MIST_HER2/trainB/IHC/59M2100987_18_14.jpg
33M2101839,33M2101839_7_5,0,0,2,/trinity/home/m.romanov/benchmarking/datasets/MIST_HER2/trainA/HE/33M2101839_7_5.jpg,/trinity/home/m.romanov/benchmarking/datasets/MIST_HER2/trainB/IHC/33M2101839_7_5.jpg
35M2101733,35M2101733_4_2,0,0,2,/trinity/home/m.romanov/benchmarking/datasets/MIST_HER2/trainA/HE/35M2101733_4_2.jpg,/trinity/home/m.romanov/benchmarking/datasets/MIST_HER2/trainB/IHC/35M2101733_4_2.jpg
40M2101566,40M2101566_20_32,0,0,2,/trinity/home/m.romanov/benchmarking/datasets/MIST_HER2/trainA/HE/40M2101566_20_32.jpg,/trinity/home/m.romanov/benchmarking/datasets/MIST_HER2/trainB/IHC/40M2101566_20_32.jpg
19M2102438,19M2102438_33_15,0,0,2,/trinity/home/m.romanov/benchmarking/datasets/MIST_HER2/trainA/HE/19M2102438_33_15.jpg,/trinity/home/m.romanov/benchmarking/datasets/MIST_HER2/trainB/IHC/19M2102438_33_15.jpg
15M2102762,15M2102762_5_20,0,0,2,/trinity/home/m.romanov/benchmarking/datasets/MIST_HER2/trainA/HE/15M2102762_5_20.jpg,/trinity/home/m.romanov/benchmarking/datasets/MIST_HER2/trainB/IHC/15M2102762_5_20.jpg
44M2101492,44M2101492_10_14,0,0,2,/trinity/home/m.romanov/benchmarking/datasets/MIST_HER2/trainA/HE/44M2101492_10_14.jpg,/trinity/home/m.romanov/benchmarking/datasets/MIST_HER2/trainB/IHC/44M2101492_10_14.jpg
88M2100218,88M2100218_5_19,0,0,2,/trinity/home/m.romanov/benchmarking/datasets/MIST_HER2/trainA/HE/88M2100218_5_19.jpg,/trinity/home/m.romanov/benchmarking/datasets/MIST_HER2/trainB/IHC/88M2100218_5_19.jpg
57M2101034,57M2101034_19_23,0,0,2,/trinity/home/m.romanov/benchmarking/datasets/MIST_HER2/trainA/HE/57M2101034_19_23.jpg,/trinity/home/m.romanov/benchmarking/datasets/MIST_HER2/trainB/IHC/57M2101034_19_23.jpg
70M2100623,70M2100623_21_21,0,0,2,/trinity/home/m.romanov/benchmarking/datasets/MIST_HER2/trainA/HE/70M2100623_21_21.jpg,/trinity/home/m.romanov/benchmarking/datasets/MIST_HER2/trainB/IHC/70M2100623_21_21.jpg
44M2101492,44M2101492_27_27,0,0,2,/trinity/home/m.romanov/benchmarking/datasets/MIST_HER2/trainA/HE/44M2101492_27_27.jpg,/trinity/home/m.romanov/benchmarking/datasets/MIST_HER2/trainB/IHC/44M2101492_27_27.jpg
56M2101083,56M2101083_27_8,0,0,2,/trinity/home/m.romanov/benchmarking/datasets/MIST_HER2/trainA/HE/56M2101083_27_8.jpg,/trinity/home/m.romanov/benchmarking/datasets/MIST_HER2/trainB/IHC/56M2101083_27_8.jpg
76M2100485,76M2100485_22_16,0,0,2,/trinity/home/m.romanov/benchmarking/datasets/MIST_HER2/trainA/HE/76M2100485_22_16.jpg,/trinity/home/m.romanov/benchmarking/datasets/MIST_HER2/trainB/IHC/76M2100485_22_16.jpg
30M2101953,30M2101953_8_18,0,0,2,/trinity/home/m.romanov/benchmarking/datasets/MIST_HER2/trainA/HE/30M2101953_8_18.jpg,/trinity/home/m.romanov/benchmarking/datasets/MIST_HER2/trainB/IHC/30M2101953_8_18.jpg
68M2100640,68M2100640_33_19,0,0,2,/trinity/home/m.romanov/benchmarking/datasets/MIST_HER2/trainA/HE/68M2100640_33_19.jpg,/trinity/home/m.romanov/benchmarking/datasets/MIST_HER2/trainB/IHC/68M2100640_33_19.jpg
22M2102266,22M2102266_14_15,0,0,2,/trinity/home/m.romanov/benchmarking/datasets/MIST_HER2/trainA/HE/22M2102266_14_15.jpg,/trinity/home/m.romanov/benchmarking/datasets/MIST_HER2/trainB/IHC/22M2102266_14_15.jpg
83M2100256,83M2100256_24_20,0,0,2,/trinity/home/m.romanov/benchmarking/datasets/MIST_HER2/trainA/HE/83M2100256_24_20.jpg,/trinity/home/m.romanov/benchmarking/datasets/MIST_HER2/trainB/IHC/83M2100256_24_20.jpg
25M2102060,25M2102060_33_21,0,0,2,/trinity/home/m.romanov/benchmarking/datasets/MIST_HER2/trainA/HE/25M2102060_33_21.jpg,/trinity/home/m.romanov/benchmarking/datasets/MIST_HER2/trainB/IHC/25M2102060_33_21.jpg
65M2100668,65M2100668_25_8,0,0,2,/trinity/home/m.romanov/benchmarking/datasets/MIST_HER2/trainA/HE/65M2100668_25_8.jpg,/trinity/home/m.romanov/benchmarking/datasets/MIST_HER2/trainB/IHC/65M2100668_25_8.jpg
83M2100256,83M2100256_14_18,0,0,2,/trinity/home/m.romanov/benchmarking/datasets/MIST_HER2/trainA/HE/83M2100256_14_18.jpg,/trinity/home/m.romanov/benchmarking/datasets/MIST_HER2/trainB/IHC/83M2100256_14_18.jpg
77M2100464,77M2100464_21_17,0,0,2,/trinity/home/m.romanov/benchmarking/datasets/MIST_HER2/trainA/HE/77M2100464_21_17.jpg,/trinity/home/m.romanov/benchmarking/datasets/MIST_HER2/trainB/IHC/77M2100464_21_17.jpg
56M2101083,56M2101083_35_34,0,0,2,/trinity/home/m.romanov/benchmarking/datasets/MIST_HER2/trainA/HE/56M2101083_35_34.jpg,/trinity/home/m.romanov/benchmarking/datasets/MIST_HER2/trainB/IHC/56M2101083_35_34.jpg
62M2100915,62M2100915_13_28,0,0,2,/trinity/home/m.romanov/benchmarking/datasets/MIST_HER2/trainA/HE/62M2100915_13_28.jpg,/trinity/home/m.romanov/benchmarking/datasets/MIST_HER2/trainB/IHC/62M2100915_13_28.jpg
50M2101298,50M2101298_14_13,0,0,2,/trinity/home/m.romanov/benchmarking/datasets/MIST_HER2/trainA/HE/50M2101298_14_13.jpg,/trinity/home/m.romanov/benchmarking/datasets/MIST_HER2/trainB/IHC/50M2101298_14_13.jpg
97M2100034,97M2100034_18_14,0,0,2,/trinity/home/m.romanov/benchmarking/datasets/MIST_HER2/trainA/HE/97M2100034_18_14.jpg,/trinity/home/m.romanov/benchmarking/datasets/MIST_HER2/trainB/IHC/97M2100034_18_14.jpg
69M2100632,69M2100632_15_20,0,0,2,/trinity/home/m.romanov/benchmarking/datasets/MIST_HER2/trainA/HE/69M2100632_15_20.jpg,/trinity/home/m.romanov/benchmarking/datasets/MIST_HER2/trainB/IHC/69M2100632_15_20.jpg
67M2100642,67M2100642_4_15,0,0,2,/trinity/home/m.romanov/benchmarking/datasets/MIST_HER2/trainA/HE/67M2100642_4_15.jpg,/trinity/home/m.romanov/benchmarking/datasets/MIST_HER2/trainB/IHC/67M2100642_4_15.jpg
30M2101953,30M2101953_19_12,0,0,2,/trinity/home/m.romanov/benchmarking/datasets/MIST_HER2/trainA/HE/30M2101953_19_12.jpg,/trinity/home/m.romanov/benchmarking/datasets/MIST_HER2/trainB/IHC/30M2101953_19_12.jpg
97M2100034,97M2100034_27_17,0,0,2,/trinity/home/m.romanov/benchmarking/datasets/MIST_HER2/trainA/HE/97M2100034_27_17.jpg,/trinity/home/m.romanov/benchmarking/datasets/MIST_HER2/trainB/IHC/97M2100034_27_17.jpg
40M2101566,40M2101566_37_16,0,0,2,/trinity/home/m.romanov/benchmarking/datasets/MIST_HER2/trainA/HE/40M2101566_37_16.jpg,/trinity/home/m.romanov/benchmarking/datasets/MIST_HER2/trainB/IHC/40M2101566_37_16.jpg
79M2100417,79M2100417_17_19,0,0,2,/trinity/home/m.romanov/benchmarking/datasets/MIST_HER2/trainA/HE/79M2100417_17_19.jpg,/trinity/home/m.romanov/benchmarking/datasets/MIST_HER2/trainB/IHC/79M2100417_17_19.jpg
75M2100521,75M2100521_26_20,0,0,2,/trinity/home/m.romanov/benchmarking/datasets/MIST_HER2/trainA/HE/75M2100521_26_20.jpg,/trinity/home/m.romanov/benchmarking/datasets/MIST_HER2/trainB/IHC/75M2100521_26_20.jpg
77M2100464,77M2100464_16_15,0,0,2,/trinity/home/m.romanov/benchmarking/datasets/MIST_HER2/trainA/HE/77M2100464_16_15.jpg,/trinity/home/m.romanov/benchmarking/datasets/MIST_HER2/trainB/IHC/77M2100464_16_15.jpg
10M2102916,10M2102916_21_19,0,0,2,/trinity/home/m.romanov/benchmarking/datasets/MIST_HER2/trainA/HE/10M2102916_21_19.jpg,/trinity/home/m.romanov/benchmarking/datasets/MIST_HER2/trainB/IHC/10M2102916_21_19.jpg
46M2101353,46M2101353_29_18,0,0,2,/trinity/home/m.romanov/benchmarking/datasets/MIST_HER2/trainA/HE/46M2101353_29_18.jpg,/trinity/home/m.romanov/benchmarking/datasets/MIST_HER2/trainB/IHC/46M2101353_29_18.jpg
75M2100521,75M2100521_12_15,0,0,2,/trinity/home/m.romanov/benchmarking/datasets/MIST_HER2/trainA/HE/75M2100521_12_15.jpg,/trinity/home/m.romanov/benchmarking/datasets/MIST_HER2/trainB/IHC/75M2100521_12_15.jpg
31M2101871,31M2101871_4_21,0,0,2,/trinity/home/m.romanov/benchmarking/datasets/MIST_HER2/trainA/HE/31M2101871_4_21.jpg,/trinity/home/m.romanov/benchmarking/datasets/MIST_HER2/trainB/IHC/31M2101871_4_21.jpg
10M2102916,10M2102916_13_4,0,0,2,/trinity/home/m.romanov/benchmarking/datasets/MIST_HER2/trainA/HE/10M2102916_13_4.jpg,/trinity/home/m.romanov/benchmarking/datasets/MIST_HER2/trainB/IHC/10M2102916_13_4.jpg
39M2101576,39M2101576_23_22,0,0,2,/trinity/home/m.romanov/benchmarking/datasets/MIST_HER2/trainA/HE/39M2101576_23_22.jpg,/trinity/home/m.romanov/benchmarking/datasets/MIST_HER2/trainB/IHC/39M2101576_23_22.jpg
81M2100356,81M2100356_17_36,0,0,2,/trinity/home/m.romanov/benchmarking/datasets/MIST_HER2/trainA/HE/81M2100356_17_36.jpg,/trinity/home/m.romanov/benchmarking/datasets/MIST_HER2/trainB/IHC/81M2100356_17_36.jpg
76M2100485,76M2100485_16_14,0,0,2,/trinity/home/m.romanov/benchmarking/datasets/MIST_HER2/trainA/HE/76M2100485_16_14.jpg,/trinity/home/m.romanov/benchmarking/datasets/MIST_HER2/trainB/IHC/76M2100485_16_14.jpg
93M2100147,93M2100147_11_9,0,0,2,/trinity/home/m.romanov/benchmarking/datasets/MIST_HER2/trainA/HE/93M2100147_11_9.jpg,/trinity/home/m.romanov/benchmarking/datasets/MIST_HER2/trainB/IHC/93M2100147_11_9.jpg
39M2101576,39M2101576_26_21,0,0,2,/trinity/home/m.romanov/benchmarking/datasets/MIST_HER2/trainA/HE/39M2101576_26_21.jpg,/trinity/home/m.romanov/benchmarking/datasets/MIST_HER2/trainB/IHC/39M2101576_26_21.jpg
62M2100915,62M2100915_6_25,0,0,2,/trinity/home/m.romanov/benchmarking/datasets/MIST_HER2/trainA/HE/62M2100915_6_25.jpg,/trinity/home/m.romanov/benchmarking/datasets/MIST_HER2/trainB/IHC/62M2100915_6_25.jpg
4M2103059,4M2103059_22_13,0,0,2,/trinity/home/m.romanov/benchmarking/datasets/MIST_HER2/trainA/HE/4M2103059_22_13.jpg,/trinity/home/m.romanov/benchmarking/datasets/MIST_HER2/trainB/IHC/4M2103059_22_13.jpg
65M2100668,65M2100668_11_19,0,0,2,/trinity/home/m.romanov/benchmarking/datasets/MIST_HER2/trainA/HE/65M2100668_11_19.jpg,/trinity/home/m.romanov/benchmarking/datasets/MIST_HER2/trainB/IHC/65M2100668_11_19.jpg
15M2102762,15M2102762_9_16,0,0,2,/trinity/home/m.romanov/benchmarking/datasets/MIST_HER2/trainA/HE/15M2102762_9_16.jpg,/trinity/home/m.romanov/benchmarking/datasets/MIST_HER2/trainB/IHC/15M2102762_9_16.jpg
88M2100218,88M2100218_26_26,0,0,2,/trinity/home/m.romanov/benchmarking/datasets/MIST_HER2/trainA/HE/88M2100218_26_26.jpg,/trinity/home/m.romanov/benchmarking/datasets/MIST_HER2/trainB/IHC/88M2100218_26_26.jpg
2M2103108,2M2103108_29_5,0,0,2,/trinity/home/m.romanov/benchmarking/datasets/MIST_HER2/trainA/HE/2M2103108_29_5.jpg,/trinity/home/m.romanov/benchmarking/datasets/MIST_HER2/trainB/IHC/2M2103108_29_5.jpg
19M2102438,19M2102438_22_11,0,0,2,/trinity/home/m.romanov/benchmarking/datasets/MIST_HER2/trainA/HE/19M2102438_22_11.jpg,/trinity/home/m.romanov/benchmarking/datasets/MIST_HER2/trainB/IHC/19M2102438_22_11.jpg
67M2100642,67M2100642_11_13,0,0,2,/trinity/home/m.romanov/benchmarking/datasets/MIST_HER2/trainA/HE/67M2100642_11_13.jpg,/trinity/home/m.romanov/benchmarking/datasets/MIST_HER2/trainB/IHC/67M2100642_11_13.jpg
6M2103024,6M2103024_36_15,0,0,2,/trinity/home/m.romanov/benchmarking/datasets/MIST_HER2/trainA/HE/6M2103024_36_15.jpg,/trinity/home/m.romanov/benchmarking/datasets/MIST_HER2/trainB/IHC/6M2103024_36_15.jpg
68M2100640,68M2100640_7_18,0,0,2,/trinity/home/m.romanov/benchmarking/datasets/MIST_HER2/trainA/HE/68M2100640_7_18.jpg,/trinity/home/m.romanov/benchmarking/datasets/MIST_HER2/trainB/IHC/68M2100640_7_18.jpg
56M2101083,56M2101083_25_9,0,0,2,/trinity/home/m.romanov/benchmarking/datasets/MIST_HER2/trainA/HE/56M2101083_25_9.jpg,/trinity/home/m.romanov/benchmarking/datasets/MIST_HER2/trainB/IHC/56M2101083_25_9.jpg
88M2100218,88M2100218_26_12,0,0,2,/trinity/home/m.romanov/benchmarking/datasets/MIST_HER2/trainA/HE/88M2100218_26_12.jpg,/trinity/home/m.romanov/benchmarking/datasets/MIST_HER2/trainB/IHC/88M2100218_26_12.jpg
53M2101258,53M2101258_20_24,0,0,2,/trinity/home/m.romanov/benchmarking/datasets/MIST_HER2/trainA/HE/53M2101258_20_24.jpg,/trinity/home/m.romanov/benchmarking/datasets/MIST_HER2/trainB/IHC/53M2101258_20_24.jpg
53M2101258,53M2101258_26_22,0,0,2,/trinity/home/m.romanov/benchmarking/datasets/MIST_HER2/trainA/HE/53M2101258_26_22.jpg,/trinity/home/m.romanov/benchmarking/datasets/MIST_HER2/trainB/IHC/53M2101258_26_22.jpg
75M2100521,75M2100521_19_9,0,0,2,/trinity/home/m.romanov/benchmarking/datasets/MIST_HER2/trainA/HE/75M2100521_19_9.jpg,/trinity/home/m.romanov/benchmarking/datasets/MIST_HER2/trainB/IHC/75M2100521_19_9.jpg
92M2100150,92M2100150_19_16,0,0,2,/trinity/home/m.romanov/benchmarking/datasets/MIST_HER2/trainA/HE/92M2100150_19_16.jpg,/trinity/home/m.romanov/benchmarking/datasets/MIST_HER2/trainB/IHC/92M2100150_19_16.jpg
79M2100417,79M2100417_20_23,0,0,2,/trinity/home/m.romanov/benchmarking/datasets/MIST_HER2/trainA/HE/79M2100417_20_23.jpg,/trinity/home/m.romanov/benchmarking/datasets/MIST_HER2/trainB/IHC/79M2100417_20_23.jpg
16M2102718,16M2102718_12_11,0,0,2,/trinity/home/m.romanov/benchmarking/datasets/MIST_HER2/trainA/HE/16M2102718_12_11.jpg,/trinity/home/m.romanov/benchmarking/datasets/MIST_HER2/trainB/IHC/16M2102718_12_11.jpg
92M2100150,92M2100150_9_25,0,0,2,/trinity/home/m.romanov/benchmarking/datasets/MIST_HER2/trainA/HE/92M2100150_9_25.jpg,/trinity/home/m.romanov/benchmarking/datasets/MIST_HER2/trainB/IHC/92M2100150_9_25.jpg
59M2100987,59M2100987_20_12,0,0,2,/trinity/home/m.romanov/benchmarking/datasets/MIST_HER2/trainA/HE/59M2100987_20_12.jpg,/trinity/home/m.romanov/benchmarking/datasets/MIST_HER2/trainB/IHC/59M2100987_20_12.jpg
46M2101353,46M2101353_31_17,0,0,2,/trinity/home/m.romanov/benchmarking/datasets/MIST_HER2/trainA/HE/46M2101353_31_17.jpg,/trinity/home/m.romanov/benchmarking/datasets/MIST_HER2/trainB/IHC/46M2101353_31_17.jpg
30M2101953,30M2101953_14_9,0,0,2,/trinity/home/m.romanov/benchmarking/datasets/MIST_HER2/trainA/HE/30M2101953_14_9.jpg,/trinity/home/m.romanov/benchmarking/datasets/MIST_HER2/trainB/IHC/30M2101953_14_9.jpg
79M2100417,79M2100417_24_10,0,0,2,/trinity/home/m.romanov/benchmarking/datasets/MIST_HER2/trainA/HE/79M2100417_24_10.jpg,/trinity/home/m.romanov/benchmarking/datasets/MIST_HER2/trainB/IHC/79M2100417_24_10.jpg
91M2100173,91M2100173_6_13,0,0,2,/trinity/home/m.romanov/benchmarking/datasets/MIST_HER2/trainA/HE/91M2100173_6_13.jpg,/trinity/home/m.romanov/benchmarking/datasets/MIST_HER2/trainB/IHC/91M2100173_6_13.jpg
48M2101314,48M2101314_8_29,0,0,2,/trinity/home/m.romanov/benchmarking/datasets/MIST_HER2/trainA/HE/48M2101314_8_29.jpg,/trinity/home/m.romanov/benchmarking/datasets/MIST_HER2/trainB/IHC/48M2101314_8_29.jpg
67M2100642,67M2100642_27_7,0,0,2,/trinity/home/m.romanov/benchmarking/datasets/MIST_HER2/trainA/HE/67M2100642_27_7.jpg,/trinity/home/m.romanov/benchmarking/datasets/MIST_HER2/trainB/IHC/67M2100642_27_7.jpg
94M2100142,94M2100142_14_19,0,0,2,/trinity/home/m.romanov/benchmarking/datasets/MIST_HER2/trainA/HE/94M2100142_14_19.jpg,/trinity/home/m.romanov/benchmarking/datasets/MIST_HER2/trainB/IHC/94M2100142_14_19.jpg
74M2100526,74M2100526_25_13,0,0,2,/trinity/home/m.romanov/benchmarking/datasets/MIST_HER2/trainA/HE/74M2100526_25_13.jpg,/trinity/home/m.romanov/benchmarking/datasets/MIST_HER2/trainB/IHC/74M2100526_25_13.jpg
19M2102438,19M2102438_28_18,0,0,2,/trinity/home/m.romanov/benchmarking/datasets/MIST_HER2/trainA/HE/19M2102438_28_18.jpg,/trinity/home/m.romanov/benchmarking/datasets/MIST_HER2/trainB/IHC/19M2102438_28_18.jpg
40M2101566,40M2101566_14_31,0,0,2,/trinity/home/m.romanov/benchmarking/datasets/MIST_HER2/trainA/HE/40M2101566_14_31.jpg,/trinity/home/m.romanov/benchmarking/datasets/MIST_HER2/trainB/IHC/40M2101566_14_31.jpg
79M2100417,79M2100417_26_14,0,0,2,/trinity/home/m.romanov/benchmarking/datasets/MIST_HER2/trainA/HE/79M2100417_26_14.jpg,/trinity/home/m.romanov/benchmarking/datasets/MIST_HER2/trainB/IHC/79M2100417_26_14.jpg
51M2101285,51M2101285_32_16,0,0,2,/trinity/home/m.romanov/benchmarking/datasets/MIST_HER2/trainA/HE/51M2101285_32_16.jpg,/trinity/home/m.romanov/benchmarking/datasets/MIST_HER2/trainB/IHC/51M2101285_32_16.jpg
27M2102007,27M2102007_10_18,0,0,2,/trinity/home/m.romanov/benchmarking/datasets/MIST_HER2/trainA/HE/27M2102007_10_18.jpg,/trinity/home/m.romanov/benchmarking/datasets/MIST_HER2/trainB/IHC/27M2102007_10_18.jpg
46M2101353,46M2101353_29_23,0,0,2,/trinity/home/m.romanov/benchmarking/datasets/MIST_HER2/trainA/HE/46M2101353_29_23.jpg,/trinity/home/m.romanov/benchmarking/datasets/MIST_HER2/trainB/IHC/46M2101353_29_23.jpg
33M2101839,33M2101839_12_3,0,0,2,/trinity/home/m.romanov/benchmarking/datasets/MIST_HER2/trainA/HE/33M2101839_12_3.jpg,/trinity/home/m.romanov/benchmarking/datasets/MIST_HER2/trainB/IHC/33M2101839_12_3.jpg
65M2100668,65M2100668_18_14,0,0,2,/trinity/home/m.romanov/benchmarking/datasets/MIST_HER2/trainA/HE/65M2100668_18_14.jpg,/trinity/home/m.romanov/benchmarking/datasets/MIST_HER2/trainB/IHC/65M2100668_18_14.jpg
30M2101953,30M2101953_14_10,0,0,2,/trinity/home/m.romanov/benchmarking/datasets/MIST_HER2/trainA/HE/30M2101953_14_10.jpg,/trinity/home/m.romanov/benchmarking/datasets/MIST_HER2/trainB/IHC/30M2101953_14_10.jpg
91M2100173,91M2100173_5_10,0,0,2,/trinity/home/m.romanov/benchmarking/datasets/MIST_HER2/trainA/HE/91M2100173_5_10.jpg,/trinity/home/m.romanov/benchmarking/datasets/MIST_HER2/trainB/IHC/91M2100173_5_10.jpg
4M2103059,4M2103059_10_10,0,0,2,/trinity/home/m.romanov/benchmarking/datasets/MIST_HER2/trainA/HE/4M2103059_10_10.jpg,/trinity/home/m.romanov/benchmarking/datasets/MIST_HER2/trainB/IHC/4M2103059_10_10.jpg
75M2100521,75M2100521_26_9,0,0,2,/trinity/home/m.romanov/benchmarking/datasets/MIST_HER2/trainA/HE/75M2100521_26_9.jpg,/trinity/home/m.romanov/benchmarking/datasets/MIST_HER2/trainB/IHC/75M2100521_26_9.jpg
50M2101298,50M2101298_21_12,0,0,2,/trinity/home/m.romanov/benchmarking/datasets/MIST_HER2/trainA/HE/50M2101298_21_12.jpg,/trinity/home/m.romanov/benchmarking/datasets/MIST_HER2/trainB/IHC/50M2101298_21_12.jpg
27M2102007,27M2102007_21_28,0,0,2,/trinity/home/m.romanov/benchmarking/datasets/MIST_HER2/trainA/HE/27M2102007_21_28.jpg,/trinity/home/m.romanov/benchmarking/datasets/MIST_HER2/trainB/IHC/27M2102007_21_28.jpg
91M2100173,91M2100173_21_24,0,0,2,/trinity/home/m.romanov/benchmarking/datasets/MIST_HER2/trainA/HE/91M2100173_21_24.jpg,/trinity/home/m.romanov/benchmarking/datasets/MIST_HER2/trainB/IHC/91M2100173_21_24.jpg
68M2100640,68M2100640_5_18,0,0,2,/trinity/home/m.romanov/benchmarking/datasets/MIST_HER2/trainA/HE/68M2100640_5_18.jpg,/trinity/home/m.romanov/benchmarking/datasets/MIST_HER2/trainB/IHC/68M2100640_5_18.jpg
68M2100640,68M2100640_29_13,0,0,2,/trinity/home/m.romanov/benchmarking/datasets/MIST_HER2/trainA/HE/68M2100640_29_13.jpg,/trinity/home/m.romanov/benchmarking/datasets/MIST_HER2/trainB/IHC/68M2100640_29_13.jpg
99M2004082,99M2004082_23_5,0,0,2,/trinity/home/m.romanov/benchmarking/datasets/MIST_HER2/trainA/HE/99M2004082_23_5.jpg,/trinity/home/m.romanov/benchmarking/datasets/MIST_HER2/trainB/IHC/99M2004082_23_5.jpg
30M2101953,30M2101953_12_5,0,0,2,/trinity/home/m.romanov/benchmarking/datasets/MIST_HER2/trainA/HE/30M2101953_12_5.jpg,/trinity/home/m.romanov/benchmarking/datasets/MIST_HER2/trainB/IHC/30M2101953_12_5.jpg
46M2101353,46M2101353_20_18,0,0,2,/trinity/home/m.romanov/benchmarking/datasets/MIST_HER2/trainA/HE/46M2101353_20_18.jpg,/trinity/home/m.romanov/benchmarking/datasets/MIST_HER2/trainB/IHC/46M2101353_20_18.jpg
46M2101353,46M2101353_20_7,0,0,2,/trinity/home/m.romanov/benchmarking/datasets/MIST_HER2/trainA/HE/46M2101353_20_7.jpg,/trinity/home/m.romanov/benchmarking/datasets/MIST_HER2/trainB/IHC/46M2101353_20_7.jpg
33M2101839,33M2101839_8_12,0,0,2,/trinity/home/m.romanov/benchmarking/datasets/MIST_HER2/trainA/HE/33M2101839_8_12.jpg,/trinity/home/m.romanov/benchmarking/datasets/MIST_HER2/trainB/IHC/33M2101839_8_12.jpg
100M2004069,100M2004069_20_29,0,0,2,/trinity/home/m.romanov/benchmarking/datasets/MIST_HER2/trainA/HE/100M2004069_20_29.jpg,/trinity/home/m.romanov/benchmarking/datasets/MIST_HER2/trainB/IHC/100M2004069_20_29.jpg
48M2101314,48M2101314_33_19,0,0,2,/trinity/home/m.romanov/benchmarking/datasets/MIST_HER2/trainA/HE/48M2101314_33_19.jpg,/trinity/home/m.romanov/benchmarking/datasets/MIST_HER2/trainB/IHC/48M2101314_33_19.jpg
53M2101258,53M2101258_28_18,0,0,2,/trinity/home/m.romanov/benchmarking/datasets/MIST_HER2/trainA/HE/53M2101258_28_18.jpg,/trinity/home/m.romanov/benchmarking/datasets/MIST_HER2/trainB/IHC/53M2101258_28_18.jpg
35M2101733,35M2101733_2_13,0,0,2,/trinity/home/m.romanov/benchmarking/datasets/MIST_HER2/trainA/HE/35M2101733_2_13.jpg,/trinity/home/m.romanov/benchmarking/datasets/MIST_HER2/trainB/IHC/35M2101733_2_13.jpg
62M2100915,62M2100915_13_32,0,0,2,/trinity/home/m.romanov/benchmarking/datasets/MIST_HER2/trainA/HE/62M2100915_13_32.jpg,/trinity/home/m.romanov/benchmarking/datasets/MIST_HER2/trainB/IHC/62M2100915_13_32.jpg
52M2101275,52M2101275_28_10,0,0,2,/trinity/home/m.romanov/benchmarking/datasets/MIST_HER2/trainA/HE/52M2101275_28_10.jpg,/trinity/home/m.romanov/benchmarking/datasets/MIST_HER2/trainB/IHC/52M2101275_28_10.jpg
97M2100034,97M2100034_8_18,0,0,2,/trinity/home/m.romanov/benchmarking/datasets/MIST_HER2/trainA/HE/97M2100034_8_18.jpg,/trinity/home/m.romanov/benchmarking/datasets/MIST_HER2/trainB/IHC/97M2100034_8_18.jpg
56M2101083,56M2101083_16_25,0,0,2,/trinity/home/m.romanov/benchmarking/datasets/MIST_HER2/trainA/HE/56M2101083_16_25.jpg,/trinity/home/m.romanov/benchmarking/datasets/MIST_HER2/trainB/IHC/56M2101083_16_25.jpg
81M2100356,81M2100356_12_17,0,0,2,/trinity/home/m.romanov/benchmarking/datasets/MIST_HER2/trainA/HE/81M2100356_12_17.jpg,/trinity/home/m.romanov/benchmarking/datasets/MIST_HER2/trainB/IHC/81M2100356_12_17.jpg
19M2102438,19M2102438_27_17,0,0,2,/trinity/home/m.romanov/benchmarking/datasets/MIST_HER2/trainA/HE/19M2102438_27_17.jpg,/trinity/home/m.romanov/benchmarking/datasets/MIST_HER2/trainB/IHC/19M2102438_27_17.jpg
2M2103108,2M2103108_21_25,0,0,2,/trinity/home/m.romanov/benchmarking/datasets/MIST_HER2/trainA/HE/2M2103108_21_25.jpg,/trinity/home/m.romanov/benchmarking/datasets/MIST_HER2/trainB/IHC/2M2103108_21_25.jpg
16M2102718,16M2102718_29_28,0,0,2,/trinity/home/m.romanov/benchmarking/datasets/MIST_HER2/trainA/HE/16M2102718_29_28.jpg,/trinity/home/m.romanov/benchmarking/datasets/MIST_HER2/trainB/IHC/16M2102718_29_28.jpg
57M2101034,57M2101034_19_19,0,0,2,/trinity/home/m.romanov/benchmarking/datasets/MIST_HER2/trainA/HE/57M2101034_19_19.jpg,/trinity/home/m.romanov/benchmarking/datasets/MIST_HER2/trainB/IHC/57M2101034_19_19.jpg
19M2102438,19M2102438_34_12,0,0,2,/trinity/home/m.romanov/benchmarking/datasets/MIST_HER2/trainA/HE/19M2102438_34_12.jpg,/trinity/home/m.romanov/benchmarking/datasets/MIST_HER2/trainB/IHC/19M2102438_34_12.jpg
30M2101953,30M2101953_12_20,0,0,2,/trinity/home/m.romanov/benchmarking/datasets/MIST_HER2/trainA/HE/30M2101953_12_20.jpg,/trinity/home/m.romanov/benchmarking/datasets/MIST_HER2/trainB/IHC/30M2101953_12_20.jpg
30M2101953,30M2101953_19_18,0,0,2,/trinity/home/m.romanov/benchmarking/datasets/MIST_HER2/trainA/HE/30M2101953_19_18.jpg,/trinity/home/m.romanov/benchmarking/datasets/MIST_HER2/trainB/IHC/30M2101953_19_18.jpg
67M2100642,67M2100642_25_7,0,0,2,/trinity/home/m.romanov/benchmarking/datasets/MIST_HER2/trainA/HE/67M2100642_25_7.jpg,/trinity/home/m.romanov/benchmarking/datasets/MIST_HER2/trainB/IHC/67M2100642_25_7.jpg
46M2101353,46M2101353_22_10,0,0,2,/trinity/home/m.romanov/benchmarking/datasets/MIST_HER2/trainA/HE/46M2101353_22_10.jpg,/trinity/home/m.romanov/benchmarking/datasets/MIST_HER2/trainB/IHC/46M2101353_22_10.jpg
51M2101285,51M2101285_20_20,0,0,2,/trinity/home/m.romanov/benchmarking/datasets/MIST_HER2/trainA/HE/51M2101285_20_20.jpg,/trinity/home/m.romanov/benchmarking/datasets/MIST_HER2/trainB/IHC/51M2101285_20_20.jpg
52M2101275,52M2101275_15_14,0,0,2,/trinity/home/m.romanov/benchmarking/datasets/MIST_HER2/trainA/HE/52M2101275_15_14.jpg,/trinity/home/m.romanov/benchmarking/datasets/MIST_HER2/trainB/IHC/52M2101275_15_14.jpg
6M2103024,6M2103024_22_13,0,0,2,/trinity/home/m.romanov/benchmarking/datasets/MIST_HER2/trainA/HE/6M2103024_22_13.jpg,/trinity/home/m.romanov/benchmarking/datasets/MIST_HER2/trainB/IHC/6M2103024_22_13.jpg
46M2101353,46M2101353_26_28,0,0,2,/trinity/home/m.romanov/benchmarking/datasets/MIST_HER2/trainA/HE/46M2101353_26_28.jpg,/trinity/home/m.romanov/benchmarking/datasets/MIST_HER2/trainB/IHC/46M2101353_26_28.jpg
25M2102060,25M2102060_4_15,0,0,2,/trinity/home/m.romanov/benchmarking/datasets/MIST_HER2/trainA/HE/25M2102060_4_15.jpg,/trinity/home/m.romanov/benchmarking/datasets/MIST_HER2/trainB/IHC/25M2102060_4_15.jpg
54M2101205,54M2101205_24_18,0,0,2,/trinity/home/m.romanov/benchmarking/datasets/MIST_HER2/trainA/HE/54M2101205_24_18.jpg,/trinity/home/m.romanov/benchmarking/datasets/MIST_HER2/trainB/IHC/54M2101205_24_18.jpg
94M2100142,94M2100142_26_13,0,0,2,/trinity/home/m.romanov/benchmarking/datasets/MIST_HER2/trainA/HE/94M2100142_26_13.jpg,/trinity/home/m.romanov/benchmarking/datasets/MIST_HER2/trainB/IHC/94M2100142_26_13.jpg
93M2100147,93M2100147_15_16,0,0,2,/trinity/home/m.romanov/benchmarking/datasets/MIST_HER2/trainA/HE/93M2100147_15_16.jpg,/trinity/home/m.romanov/benchmarking/datasets/MIST_HER2/trainB/IHC/93M2100147_15_16.jpg
31M2101871,31M2101871_13_23,0,0,2,/trinity/home/m.romanov/benchmarking/datasets/MIST_HER2/trainA/HE/31M2101871_13_23.jpg,/trinity/home/m.romanov/benchmarking/datasets/MIST_HER2/trainB/IHC/31M2101871_13_23.jpg
19M2102438,19M2102438_13_24,0,0,2,/trinity/home/m.romanov/benchmarking/datasets/MIST_HER2/trainA/HE/19M2102438_13_24.jpg,/trinity/home/m.romanov/benchmarking/datasets/MIST_HER2/trainB/IHC/19M2102438_13_24.jpg
14M2102785,14M2102785_15_4,0,0,2,/trinity/home/m.romanov/benchmarking/datasets/MIST_HER2/trainA/HE/14M2102785_15_4.jpg,/trinity/home/m.romanov/benchmarking/datasets/MIST_HER2/trainB/IHC/14M2102785_15_4.jpg
81M2100356,81M2100356_21_25,0,0,2,/trinity/home/m.romanov/benchmarking/datasets/MIST_HER2/trainA/HE/81M2100356_21_25.jpg,/trinity/home/m.romanov/benchmarking/datasets/MIST_HER2/trainB/IHC/81M2100356_21_25.jpg
60M2100980,60M2100980_11_21,0,0,2,/trinity/home/m.romanov/benchmarking/datasets/MIST_HER2/trainA/HE/60M2100980_11_21.jpg,/trinity/home/m.romanov/benchmarking/datasets/MIST_HER2/trainB/IHC/60M2100980_11_21.jpg
69M2100632,69M2100632_11_24,0,0,2,/trinity/home/m.romanov/benchmarking/datasets/MIST_HER2/trainA/HE/69M2100632_11_24.jpg,/trinity/home/m.romanov/benchmarking/datasets/MIST_HER2/trainB/IHC/69M2100632_11_24.jpg
65M2100668,65M2100668_15_7,0,0,2,/trinity/home/m.romanov/benchmarking/datasets/MIST_HER2/trainA/HE/65M2100668_15_7.jpg,/trinity/home/m.romanov/benchmarking/datasets/MIST_HER2/trainB/IHC/65M2100668_15_7.jpg
51M2101285,51M2101285_13_10,0,0,2,/trinity/home/m.romanov/benchmarking/datasets/MIST_HER2/trainA/HE/51M2101285_13_10.jpg,/trinity/home/m.romanov/benchmarking/datasets/MIST_HER2/trainB/IHC/51M2101285_13_10.jpg
88M2100218,88M2100218_28_22,0,0,2,/trinity/home/m.romanov/benchmarking/datasets/MIST_HER2/trainA/HE/88M2100218_28_22.jpg,/trinity/home/m.romanov/benchmarking/datasets/MIST_HER2/trainB/IHC/88M2100218_28_22.jpg
27M2102007,27M2102007_19_19,0,0,2,/trinity/home/m.romanov/benchmarking/datasets/MIST_HER2/trainA/HE/27M2102007_19_19.jpg,/trinity/home/m.romanov/benchmarking/datasets/MIST_HER2/trainB/IHC/27M2102007_19_19.jpg
75M2100521,75M2100521_25_15,0,0,2,/trinity/home/m.romanov/benchmarking/datasets/MIST_HER2/trainA/HE/75M2100521_25_15.jpg,/trinity/home/m.romanov/benchmarking/datasets/MIST_HER2/trainB/IHC/75M2100521_25_15.jpg
57M2101034,57M2101034_17_16,0,0,2,/trinity/home/m.romanov/benchmarking/datasets/MIST_HER2/trainA/HE/57M2101034_17_16.jpg,/trinity/home/m.romanov/benchmarking/datasets/MIST_HER2/trainB/IHC/57M2101034_17_16.jpg
2M2103108,2M2103108_15_24,0,0,2,/trinity/home/m.romanov/benchmarking/datasets/MIST_HER2/trainA/HE/2M2103108_15_24.jpg,/trinity/home/m.romanov/benchmarking/datasets/MIST_HER2/trainB/IHC/2M2103108_15_24.jpg
39M2101576,39M2101576_19_5,0,0,2,/trinity/home/m.romanov/benchmarking/datasets/MIST_HER2/trainA/HE/39M2101576_19_5.jpg,/trinity/home/m.romanov/benchmarking/datasets/MIST_HER2/trainB/IHC/39M2101576_19_5.jpg
74M2100526,74M2100526_23_24,0,0,2,/trinity/home/m.romanov/benchmarking/datasets/MIST_HER2/trainA/HE/74M2100526_23_24.jpg,/trinity/home/m.romanov/benchmarking/datasets/MIST_HER2/trainB/IHC/74M2100526_23_24.jpg
68M2100640,68M2100640_24_12,0,0,2,/trinity/home/m.romanov/benchmarking/datasets/MIST_HER2/trainA/HE/68M2100640_24_12.jpg,/trinity/home/m.romanov/benchmarking/datasets/MIST_HER2/trainB/IHC/68M2100640_24_12.jpg
4M2103059,4M2103059_16_13,0,0,2,/trinity/home/m.romanov/benchmarking/datasets/MIST_HER2/trainA/HE/4M2103059_16_13.jpg,/trinity/home/m.romanov/benchmarking/datasets/MIST_HER2/trainB/IHC/4M2103059_16_13.jpg
68M2100640,68M2100640_24_26,0,0,2,/trinity/home/m.romanov/benchmarking/datasets/MIST_HER2/trainA/HE/68M2100640_24_26.jpg,/trinity/home/m.romanov/benchmarking/datasets/MIST_HER2/trainB/IHC/68M2100640_24_26.jpg
58M2100997,58M2100997_17_10,0,0,2,/trinity/home/m.romanov/benchmarking/datasets/MIST_HER2/trainA/HE/58M2100997_17_10.jpg,/trinity/home/m.romanov/benchmarking/datasets/MIST_HER2/trainB/IHC/58M2100997_17_10.jpg
19M2102438,19M2102438_32_22,0,0,2,/trinity/home/m.romanov/benchmarking/datasets/MIST_HER2/trainA/HE/19M2102438_32_22.jpg,/trinity/home/m.romanov/benchmarking/datasets/MIST_HER2/trainB/IHC/19M2102438_32_22.jpg
53M2101258,53M2101258_18_22,0,0,2,/trinity/home/m.romanov/benchmarking/datasets/MIST_HER2/trainA/HE/53M2101258_18_22.jpg,/trinity/home/m.romanov/benchmarking/datasets/MIST_HER2/trainB/IHC/53M2101258_18_22.jpg
91M2100173,91M2100173_23_26,0,0,2,/trinity/home/m.romanov/benchmarking/datasets/MIST_HER2/trainA/HE/91M2100173_23_26.jpg,/trinity/home/m.romanov/benchmarking/datasets/MIST_HER2/trainB/IHC/91M2100173_23_26.jpg
31M2101871,31M2101871_15_18,0,0,2,/trinity/home/m.romanov/benchmarking/datasets/MIST_HER2/trainA/HE/31M2101871_15_18.jpg,/trinity/home/m.romanov/benchmarking/datasets/MIST_HER2/trainB/IHC/31M2101871_15_18.jpg
28M2101987,28M2101987_17_9,0,0,2,/trinity/home/m.romanov/benchmarking/datasets/MIST_HER2/trainA/HE/28M2101987_17_9.jpg,/trinity/home/m.romanov/benchmarking/datasets/MIST_HER2/trainB/IHC/28M2101987_17_9.jpg
56M2101083,56M2101083_18_19,0,0,2,/trinity/home/m.romanov/benchmarking/datasets/MIST_HER2/trainA/HE/56M2101083_18_19.jpg,/trinity/home/m.romanov/benchmarking/datasets/MIST_HER2/trainB/IHC/56M2101083_18_19.jpg
60M2100980,60M2100980_43_24,0,0,2,/trinity/home/m.romanov/benchmarking/datasets/MIST_HER2/trainA/HE/60M2100980_43_24.jpg,/trinity/home/m.romanov/benchmarking/datasets/MIST_HER2/trainB/IHC/60M2100980_43_24.jpg
4M2103059,4M2103059_23_14,0,0,2,/trinity/home/m.romanov/benchmarking/datasets/MIST_HER2/trainA/HE/4M2103059_23_14.jpg,/trinity/home/m.romanov/benchmarking/datasets/MIST_HER2/trainB/IHC/4M2103059_23_14.jpg
44M2101492,44M2101492_9_17,0,0,2,/trinity/home/m.romanov/benchmarking/datasets/MIST_HER2/trainA/HE/44M2101492_9_17.jpg,/trinity/home/m.romanov/benchmarking/datasets/MIST_HER2/trainB/IHC/44M2101492_9_17.jpg
59M2100987,59M2100987_5_15,0,0,2,/trinity/home/m.romanov/benchmarking/datasets/MIST_HER2/trainA/HE/59M2100987_5_15.jpg,/trinity/home/m.romanov/benchmarking/datasets/MIST_HER2/trainB/IHC/59M2100987_5_15.jpg
14M2102785,14M2102785_24_5,0,0,2,/trinity/home/m.romanov/benchmarking/datasets/MIST_HER2/trainA/HE/14M2102785_24_5.jpg,/trinity/home/m.romanov/benchmarking/datasets/MIST_HER2/trainB/IHC/14M2102785_24_5.jpg
99M2004082,99M2004082_10_18,0,0,2,/trinity/home/m.romanov/benchmarking/datasets/MIST_HER2/trainA/HE/99M2004082_10_18.jpg,/trinity/home/m.romanov/benchmarking/datasets/MIST_HER2/trainB/IHC/99M2004082_10_18.jpg
97M2100034,97M2100034_5_12,0,0,2,/trinity/home/m.romanov/benchmarking/datasets/MIST_HER2/trainA/HE/97M2100034_5_12.jpg,/trinity/home/m.romanov/benchmarking/datasets/MIST_HER2/trainB/IHC/97M2100034_5_12.jpg
59M2100987,59M2100987_22_25,0,0,2,/trinity/home/m.romanov/benchmarking/datasets/MIST_HER2/trainA/HE/59M2100987_22_25.jpg,/trinity/home/m.romanov/benchmarking/datasets/MIST_HER2/trainB/IHC/59M2100987_22_25.jpg
40M2101566,40M2101566_26_36,0,0,2,/trinity/home/m.romanov/benchmarking/datasets/MIST_HER2/trainA/HE/40M2101566_26_36.jpg,/trinity/home/m.romanov/benchmarking/datasets/MIST_HER2/trainB/IHC/40M2101566_26_36.jpg
15M2102762,15M2102762_12_10,0,0,2,/trinity/home/m.romanov/benchmarking/datasets/MIST_HER2/trainA/HE/15M2102762_12_10.jpg,/trinity/home/m.romanov/benchmarking/datasets/MIST_HER2/trainB/IHC/15M2102762_12_10.jpg
80M2100377,80M2100377_26_13,0,0,2,/trinity/home/m.romanov/benchmarking/datasets/MIST_HER2/trainA/HE/80M2100377_26_13.jpg,/trinity/home/m.romanov/benchmarking/datasets/MIST_HER2/trainB/IHC/80M2100377_26_13.jpg
91M2100173,91M2100173_25_20,0,0,2,/trinity/home/m.romanov/benchmarking/datasets/MIST_HER2/trainA/HE/91M2100173_25_20.jpg,/trinity/home/m.romanov/benchmarking/datasets/MIST_HER2/trainB/IHC/91M2100173_25_20.jpg
52M2101275,52M2101275_22_6,0,0,2,/trinity/home/m.romanov/benchmarking/datasets/MIST_HER2/trainA/HE/52M2101275_22_6.jpg,/trinity/home/m.romanov/benchmarking/datasets/MIST_HER2/trainB/IHC/52M2101275_22_6.jpg
83M2100256,83M2100256_16_3,0,0,2,/trinity/home/m.romanov/benchmarking/datasets/MIST_HER2/trainA/HE/83M2100256_16_3.jpg,/trinity/home/m.romanov/benchmarking/datasets/MIST_HER2/trainB/IHC/83M2100256_16_3.jpg
23M2102136,23M2102136_23_7,0,0,2,/trinity/home/m.romanov/benchmarking/datasets/MIST_HER2/trainA/HE/23M2102136_23_7.jpg,/trinity/home/m.romanov/benchmarking/datasets/MIST_HER2/trainB/IHC/23M2102136_23_7.jpg
91M2100173,91M2100173_9_9,0,0,2,/trinity/home/m.romanov/benchmarking/datasets/MIST_HER2/trainA/HE/91M2100173_9_9.jpg,/trinity/home/m.romanov/benchmarking/datasets/MIST_HER2/trainB/IHC/91M2100173_9_9.jpg
56M2101083,56M2101083_30_18,0,0,2,/trinity/home/m.romanov/benchmarking/datasets/MIST_HER2/trainA/HE/56M2101083_30_18.jpg,/trinity/home/m.romanov/benchmarking/datasets/MIST_HER2/trainB/IHC/56M2101083_30_18.jpg
56M2101083,56M2101083_19_11,0,0,2,/trinity/home/m.romanov/benchmarking/datasets/MIST_HER2/trainA/HE/56M2101083_19_11.jpg,/trinity/home/m.romanov/benchmarking/datasets/MIST_HER2/trainB/IHC/56M2101083_19_11.jpg
31M2101871,31M2101871_15_23,0,0,2,/trinity/home/m.romanov/benchmarking/datasets/MIST_HER2/trainA/HE/31M2101871_15_23.jpg,/trinity/home/m.romanov/benchmarking/datasets/MIST_HER2/trainB/IHC/31M2101871_15_23.jpg
56M2101083,56M2101083_35_33,0,0,2,/trinity/home/m.romanov/benchmarking/datasets/MIST_HER2/trainA/HE/56M2101083_35_33.jpg,/trinity/home/m.romanov/benchmarking/datasets/MIST_HER2/trainB/IHC/56M2101083_35_33.jpg
47M2101316,47M2101316_6_25,0,0,2,/trinity/home/m.romanov/benchmarking/datasets/MIST_HER2/trainA/HE/47M2101316_6_25.jpg,/trinity/home/m.romanov/benchmarking/datasets/MIST_HER2/trainB/IHC/47M2101316_6_25.jpg
28M2101987,28M2101987_22_18,0,0,2,/trinity/home/m.romanov/benchmarking/datasets/MIST_HER2/trainA/HE/28M2101987_22_18.jpg,/trinity/home/m.romanov/benchmarking/datasets/MIST_HER2/trainB/IHC/28M2101987_22_18.jpg
67M2100642,67M2100642_19_21,0,0,2,/trinity/home/m.romanov/benchmarking/datasets/MIST_HER2/trainA/HE/67M2100642_19_21.jpg,/trinity/home/m.romanov/benchmarking/datasets/MIST_HER2/trainB/IHC/67M2100642_19_21.jpg
54M2101205,54M2101205_23_13,0,0,2,/trinity/home/m.romanov/benchmarking/datasets/MIST_HER2/trainA/HE/54M2101205_23_13.jpg,/trinity/home/m.romanov/benchmarking/datasets/MIST_HER2/trainB/IHC/54M2101205_23_13.jpg
58M2100997,58M2100997_27_22,0,0,2,/trinity/home/m.romanov/benchmarking/datasets/MIST_HER2/trainA/HE/58M2100997_27_22.jpg,/trinity/home/m.romanov/benchmarking/datasets/MIST_HER2/trainB/IHC/58M2100997_27_22.jpg
97M2100034,97M2100034_14_17,0,0,2,/trinity/home/m.romanov/benchmarking/datasets/MIST_HER2/trainA/HE/97M2100034_14_17.jpg,/trinity/home/m.romanov/benchmarking/datasets/MIST_HER2/trainB/IHC/97M2100034_14_17.jpg
25M2102060,25M2102060_35_28,0,0,2,/trinity/home/m.romanov/benchmarking/datasets/MIST_HER2/trainA/HE/25M2102060_35_28.jpg,/trinity/home/m.romanov/benchmarking/datasets/MIST_HER2/trainB/IHC/25M2102060_35_28.jpg
48M2101314,48M2101314_5_6,0,0,2,/trinity/home/m.romanov/benchmarking/datasets/MIST_HER2/trainA/HE/48M2101314_5_6.jpg,/trinity/home/m.romanov/benchmarking/datasets/MIST_HER2/trainB/IHC/48M2101314_5_6.jpg
92M2100150,92M2100150_18_24,0,0,2,/trinity/home/m.romanov/benchmarking/datasets/MIST_HER2/trainA/HE/92M2100150_18_24.jpg,/trinity/home/m.romanov/benchmarking/datasets/MIST_HER2/trainB/IHC/92M2100150_18_24.jpg
22M2102266,22M2102266_23_20,0,0,2,/trinity/home/m.romanov/benchmarking/datasets/MIST_HER2/trainA/HE/22M2102266_23_20.jpg,/trinity/home/m.romanov/benchmarking/datasets/MIST_HER2/trainB/IHC/22M2102266_23_20.jpg
40M2101566,40M2101566_29_15,0,0,2,/trinity/home/m.romanov/benchmarking/datasets/MIST_HER2/trainA/HE/40M2101566_29_15.jpg,/trinity/home/m.romanov/benchmarking/datasets/MIST_HER2/trainB/IHC/40M2101566_29_15.jpg
67M2100642,67M2100642_22_9,0,0,2,/trinity/home/m.romanov/benchmarking/datasets/MIST_HER2/trainA/HE/67M2100642_22_9.jpg,/trinity/home/m.romanov/benchmarking/datasets/MIST_HER2/trainB/IHC/67M2100642_22_9.jpg
47M2101316,47M2101316_11_22,0,0,2,/trinity/home/m.romanov/benchmarking/datasets/MIST_HER2/trainA/HE/47M2101316_11_22.jpg,/trinity/home/m.romanov/benchmarking/datasets/MIST_HER2/trainB/IHC/47M2101316_11_22.jpg
25M2102060,25M2102060_29_24,0,0,2,/trinity/home/m.romanov/benchmarking/datasets/MIST_HER2/trainA/HE/25M2102060_29_24.jpg,/trinity/home/m.romanov/benchmarking/datasets/MIST_HER2/trainB/IHC/25M2102060_29_24.jpg
27M2102007,27M2102007_10_30,0,0,2,/trinity/home/m.romanov/benchmarking/datasets/MIST_HER2/trainA/HE/27M2102007_10_30.jpg,/trinity/home/m.romanov/benchmarking/datasets/MIST_HER2/trainB/IHC/27M2102007_10_30.jpg
16M2102718,16M2102718_10_26,0,0,2,/trinity/home/m.romanov/benchmarking/datasets/MIST_HER2/trainA/HE/16M2102718_10_26.jpg,/trinity/home/m.romanov/benchmarking/datasets/MIST_HER2/trainB/IHC/16M2102718_10_26.jpg
67M2100642,67M2100642_15_14,0,0,2,/trinity/home/m.romanov/benchmarking/datasets/MIST_HER2/trainA/HE/67M2100642_15_14.jpg,/trinity/home/m.romanov/benchmarking/datasets/MIST_HER2/trainB/IHC/67M2100642_15_14.jpg
14M2102785,14M2102785_20_9,0,0,2,/trinity/home/m.romanov/benchmarking/datasets/MIST_HER2/trainA/HE/14M2102785_20_9.jpg,/trinity/home/m.romanov/benchmarking/datasets/MIST_HER2/trainB/IHC/14M2102785_20_9.jpg
54M2101205,54M2101205_8_19,0,0,2,/trinity/home/m.romanov/benchmarking/datasets/MIST_HER2/trainA/HE/54M2101205_8_19.jpg,/trinity/home/m.romanov/benchmarking/datasets/MIST_HER2/trainB/IHC/54M2101205_8_19.jpg
35M2101733,35M2101733_8_5,0,0,2,/trinity/home/m.romanov/benchmarking/datasets/MIST_HER2/trainA/HE/35M2101733_8_5.jpg,/trinity/home/m.romanov/benchmarking/datasets/MIST_HER2/trainB/IHC/35M2101733_8_5.jpg
99M2004082,99M2004082_15_8,0,0,2,/trinity/home/m.romanov/benchmarking/datasets/MIST_HER2/trainA/HE/99M2004082_15_8.jpg,/trinity/home/m.romanov/benchmarking/datasets/MIST_HER2/trainB/IHC/99M2004082_15_8.jpg
99M2004082,99M2004082_31_16,0,0,2,/trinity/home/m.romanov/benchmarking/datasets/MIST_HER2/trainA/HE/99M2004082_31_16.jpg,/trinity/home/m.romanov/benchmarking/datasets/MIST_HER2/trainB/IHC/99M2004082_31_16.jpg
47M2101316,47M2101316_14_28,0,0,2,/trinity/home/m.romanov/benchmarking/datasets/MIST_HER2/trainA/HE/47M2101316_14_28.jpg,/trinity/home/m.romanov/benchmarking/datasets/MIST_HER2/trainB/IHC/47M2101316_14_28.jpg
52M2101275,52M2101275_11_10,0,0,2,/trinity/home/m.romanov/benchmarking/datasets/MIST_HER2/trainA/HE/52M2101275_11_10.jpg,/trinity/home/m.romanov/benchmarking/datasets/MIST_HER2/trainB/IHC/52M2101275_11_10.jpg
67M2100642,67M2100642_21_12,0,0,2,/trinity/home/m.romanov/benchmarking/datasets/MIST_HER2/trainA/HE/67M2100642_21_12.jpg,/trinity/home/m.romanov/benchmarking/datasets/MIST_HER2/trainB/IHC/67M2100642_21_12.jpg
67M2100642,67M2100642_21_20,0,0,2,/trinity/home/m.romanov/benchmarking/datasets/MIST_HER2/trainA/HE/67M2100642_21_20.jpg,/trinity/home/m.romanov/benchmarking/datasets/MIST_HER2/trainB/IHC/67M2100642_21_20.jpg
74M2100526,74M2100526_20_14,0,0,2,/trinity/home/m.romanov/benchmarking/datasets/MIST_HER2/trainA/HE/74M2100526_20_14.jpg,/trinity/home/m.romanov/benchmarking/datasets/MIST_HER2/trainB/IHC/74M2100526_20_14.jpg
67M2100642,67M2100642_1_19,0,0,2,/trinity/home/m.romanov/benchmarking/datasets/MIST_HER2/trainA/HE/67M2100642_1_19.jpg,/trinity/home/m.romanov/benchmarking/datasets/MIST_HER2/trainB/IHC/67M2100642_1_19.jpg
52M2101275,52M2101275_26_11,0,0,2,/trinity/home/m.romanov/benchmarking/datasets/MIST_HER2/trainA/HE/52M2101275_26_11.jpg,/trinity/home/m.romanov/benchmarking/datasets/MIST_HER2/trainB/IHC/52M2101275_26_11.jpg
60M2100980,60M2100980_33_31,0,0,2,/trinity/home/m.romanov/benchmarking/datasets/MIST_HER2/trainA/HE/60M2100980_33_31.jpg,/trinity/home/m.romanov/benchmarking/datasets/MIST_HER2/trainB/IHC/60M2100980_33_31.jpg
56M2101083,56M2101083_40_17,0,0,2,/trinity/home/m.romanov/benchmarking/datasets/MIST_HER2/trainA/HE/56M2101083_40_17.jpg,/trinity/home/m.romanov/benchmarking/datasets/MIST_HER2/trainB/IHC/56M2101083_40_17.jpg
67M2100642,67M2100642_9_16,0,0,2,/trinity/home/m.romanov/benchmarking/datasets/MIST_HER2/trainA/HE/67M2100642_9_16.jpg,/trinity/home/m.romanov/benchmarking/datasets/MIST_HER2/trainB/IHC/67M2100642_9_16.jpg
87M2100227,87M2100227_19_9,0,0,2,/trinity/home/m.romanov/benchmarking/datasets/MIST_HER2/trainA/HE/87M2100227_19_9.jpg,/trinity/home/m.romanov/benchmarking/datasets/MIST_HER2/trainB/IHC/87M2100227_19_9.jpg
74M2100526,74M2100526_19_23,0,0,2,/trinity/home/m.romanov/benchmarking/datasets/MIST_HER2/trainA/HE/74M2100526_19_23.jpg,/trinity/home/m.romanov/benchmarking/datasets/MIST_HER2/trainB/IHC/74M2100526_19_23.jpg
39M2101576,39M2101576_10_9,0,0,2,/trinity/home/m.romanov/benchmarking/datasets/MIST_HER2/trainA/HE/39M2101576_10_9.jpg,/trinity/home/m.romanov/benchmarking/datasets/MIST_HER2/trainB/IHC/39M2101576_10_9.jpg
79M2100417,79M2100417_15_12,0,0,2,/trinity/home/m.romanov/benchmarking/datasets/MIST_HER2/trainA/HE/79M2100417_15_12.jpg,/trinity/home/m.romanov/benchmarking/datasets/MIST_HER2/trainB/IHC/79M2100417_15_12.jpg
80M2100377,80M2100377_23_15,0,0,2,/trinity/home/m.romanov/benchmarking/datasets/MIST_HER2/trainA/HE/80M2100377_23_15.jpg,/trinity/home/m.romanov/benchmarking/datasets/MIST_HER2/trainB/IHC/80M2100377_23_15.jpg
35M2101733,35M2101733_4_11,0,0,2,/trinity/home/m.romanov/benchmarking/datasets/MIST_HER2/trainA/HE/35M2101733_4_11.jpg,/trinity/home/m.romanov/benchmarking/datasets/MIST_HER2/trainB/IHC/35M2101733_4_11.jpg
76M2100485,76M2100485_27_21,0,0,2,/trinity/home/m.romanov/benchmarking/datasets/MIST_HER2/trainA/HE/76M2100485_27_21.jpg,/trinity/home/m.romanov/benchmarking/datasets/MIST_HER2/trainB/IHC/76M2100485_27_21.jpg
22M2102266,22M2102266_16_21,0,0,2,/trinity/home/m.romanov/benchmarking/datasets/MIST_HER2/trainA/HE/22M2102266_16_21.jpg,/trinity/home/m.romanov/benchmarking/datasets/MIST_HER2/trainB/IHC/22M2102266_16_21.jpg
69M2100632,69M2100632_33_20,0,0,2,/trinity/home/m.romanov/benchmarking/datasets/MIST_HER2/trainA/HE/69M2100632_33_20.jpg,/trinity/home/m.romanov/benchmarking/datasets/MIST_HER2/trainB/IHC/69M2100632_33_20.jpg
39M2101576,39M2101576_27_23,0,0,2,/trinity/home/m.romanov/benchmarking/datasets/MIST_HER2/trainA/HE/39M2101576_27_23.jpg,/trinity/home/m.romanov/benchmarking/datasets/MIST_HER2/trainB/IHC/39M2101576_27_23.jpg
23M2102136,23M2102136_25_15,0,0,2,/trinity/home/m.romanov/benchmarking/datasets/MIST_HER2/trainA/HE/23M2102136_25_15.jpg,/trinity/home/m.romanov/benchmarking/datasets/MIST_HER2/trainB/IHC/23M2102136_25_15.jpg
99M2004082,99M2004082_13_4,0,0,2,/trinity/home/m.romanov/benchmarking/datasets/MIST_HER2/trainA/HE/99M2004082_13_4.jpg,/trinity/home/m.romanov/benchmarking/datasets/MIST_HER2/trainB/IHC/99M2004082_13_4.jpg
69M2100632,69M2100632_20_18,0,0,2,/trinity/home/m.romanov/benchmarking/datasets/MIST_HER2/trainA/HE/69M2100632_20_18.jpg,/trinity/home/m.romanov/benchmarking/datasets/MIST_HER2/trainB/IHC/69M2100632_20_18.jpg
6M2103024,6M2103024_14_13,0,0,2,/trinity/home/m.romanov/benchmarking/datasets/MIST_HER2/trainA/HE/6M2103024_14_13.jpg,/trinity/home/m.romanov/benchmarking/datasets/MIST_HER2/trainB/IHC/6M2103024_14_13.jpg
68M2100640,68M2100640_16_9,0,0,2,/trinity/home/m.romanov/benchmarking/datasets/MIST_HER2/trainA/HE/68M2100640_16_9.jpg,/trinity/home/m.romanov/benchmarking/datasets/MIST_HER2/trainB/IHC/68M2100640_16_9.jpg
6M2103024,6M2103024_25_16,0,0,2,/trinity/home/m.romanov/benchmarking/datasets/MIST_HER2/trainA/HE/6M2103024_25_16.jpg,/trinity/home/m.romanov/benchmarking/datasets/MIST_HER2/trainB/IHC/6M2103024_25_16.jpg
74M2100526,74M2100526_10_15,0,0,2,/trinity/home/m.romanov/benchmarking/datasets/MIST_HER2/trainA/HE/74M2100526_10_15.jpg,/trinity/home/m.romanov/benchmarking/datasets/MIST_HER2/trainB/IHC/74M2100526_10_15.jpg
56M2101083,56M2101083_27_16,0,0,2,/trinity/home/m.romanov/benchmarking/datasets/MIST_HER2/trainA/HE/56M2101083_27_16.jpg,/trinity/home/m.romanov/benchmarking/datasets/MIST_HER2/trainB/IHC/56M2101083_27_16.jpg
74M2100526,74M2100526_17_12,0,0,2,/trinity/home/m.romanov/benchmarking/datasets/MIST_HER2/trainA/HE/74M2100526_17_12.jpg,/trinity/home/m.romanov/benchmarking/datasets/MIST_HER2/trainB/IHC/74M2100526_17_12.jpg
62M2100915,62M2100915_19_10,0,0,2,/trinity/home/m.romanov/benchmarking/datasets/MIST_HER2/trainA/HE/62M2100915_19_10.jpg,/trinity/home/m.romanov/benchmarking/datasets/MIST_HER2/trainB/IHC/62M2100915_19_10.jpg
58M2100997,58M2100997_23_17,0,0,2,/trinity/home/m.romanov/benchmarking/datasets/MIST_HER2/trainA/HE/58M2100997_23_17.jpg,/trinity/home/m.romanov/benchmarking/datasets/MIST_HER2/trainB/IHC/58M2100997_23_17.jpg
16M2102718,16M2102718_12_16,0,0,2,/trinity/home/m.romanov/benchmarking/datasets/MIST_HER2/trainA/HE/16M2102718_12_16.jpg,/trinity/home/m.romanov/benchmarking/datasets/MIST_HER2/trainB/IHC/16M2102718_12_16.jpg
15M2102762,15M2102762_16_9,0,0,2,/trinity/home/m.romanov/benchmarking/datasets/MIST_HER2/trainA/HE/15M2102762_16_9.jpg,/trinity/home/m.romanov/benchmarking/datasets/MIST_HER2/trainB/IHC/15M2102762_16_9.jpg
54M2101205,54M2101205_13_7,0,0,2,/trinity/home/m.romanov/benchmarking/datasets/MIST_HER2/trainA/HE/54M2101205_13_7.jpg,/trinity/home/m.romanov/benchmarking/datasets/MIST_HER2/trainB/IHC/54M2101205_13_7.jpg
54M2101205,54M2101205_17_18,0,0,2,/trinity/home/m.romanov/benchmarking/datasets/MIST_HER2/trainA/HE/54M2101205_17_18.jpg,/trinity/home/m.romanov/benchmarking/datasets/MIST_HER2/trainB/IHC/54M2101205_17_18.jpg
97M2100034,97M2100034_21_18,0,0,2,/trinity/home/m.romanov/benchmarking/datasets/MIST_HER2/trainA/HE/97M2100034_21_18.jpg,/trinity/home/m.romanov/benchmarking/datasets/MIST_HER2/trainB/IHC/97M2100034_21_18.jpg
81M2100356,81M2100356_28_20,0,0,2,/trinity/home/m.romanov/benchmarking/datasets/MIST_HER2/trainA/HE/81M2100356_28_20.jpg,/trinity/home/m.romanov/benchmarking/datasets/MIST_HER2/trainB/IHC/81M2100356_28_20.jpg
4M2103059,4M2103059_16_9,0,0,2,/trinity/home/m.romanov/benchmarking/datasets/MIST_HER2/trainA/HE/4M2103059_16_9.jpg,/trinity/home/m.romanov/benchmarking/datasets/MIST_HER2/trainB/IHC/4M2103059_16_9.jpg
46M2101353,46M2101353_25_17,0,0,2,/trinity/home/m.romanov/benchmarking/datasets/MIST_HER2/trainA/HE/46M2101353_25_17.jpg,/trinity/home/m.romanov/benchmarking/datasets/MIST_HER2/trainB/IHC/46M2101353_25_17.jpg
40M2101566,40M2101566_19_23,0,0,2,/trinity/home/m.romanov/benchmarking/datasets/MIST_HER2/trainA/HE/40M2101566_19_23.jpg,/trinity/home/m.romanov/benchmarking/datasets/MIST_HER2/trainB/IHC/40M2101566_19_23.jpg
28M2101987,28M2101987_29_28,0,0,2,/trinity/home/m.romanov/benchmarking/datasets/MIST_HER2/trainA/HE/28M2101987_29_28.jpg,/trinity/home/m.romanov/benchmarking/datasets/MIST_HER2/trainB/IHC/28M2101987_29_28.jpg
74M2100526,74M2100526_17_24,0,0,2,/trinity/home/m.romanov/benchmarking/datasets/MIST_HER2/trainA/HE/74M2100526_17_24.jpg,/trinity/home/m.romanov/benchmarking/datasets/MIST_HER2/trainB/IHC/74M2100526_17_24.jpg
62M2100915,62M2100915_20_34,0,0,2,/trinity/home/m.romanov/benchmarking/datasets/MIST_HER2/trainA/HE/62M2100915_20_34.jpg,/trinity/home/m.romanov/benchmarking/datasets/MIST_HER2/trainB/IHC/62M2100915_20_34.jpg
59M2100987,59M2100987_32_27,0,0,2,/trinity/home/m.romanov/benchmarking/datasets/MIST_HER2/trainA/HE/59M2100987_32_27.jpg,/trinity/home/m.romanov/benchmarking/datasets/MIST_HER2/trainB/IHC/59M2100987_32_27.jpg
39M2101576,39M2101576_28_16,0,0,2,/trinity/home/m.romanov/benchmarking/datasets/MIST_HER2/trainA/HE/39M2101576_28_16.jpg,/trinity/home/m.romanov/benchmarking/datasets/MIST_HER2/trainB/IHC/39M2101576_28_16.jpg
75M2100521,75M2100521_14_19,0,0,2,/trinity/home/m.romanov/benchmarking/datasets/MIST_HER2/trainA/HE/75M2100521_14_19.jpg,/trinity/home/m.romanov/benchmarking/datasets/MIST_HER2/trainB/IHC/75M2100521_14_19.jpg
52M2101275,52M2101275_5_6,0,0,2,/trinity/home/m.romanov/benchmarking/datasets/MIST_HER2/trainA/HE/52M2101275_5_6.jpg,/trinity/home/m.romanov/benchmarking/datasets/MIST_HER2/trainB/IHC/52M2101275_5_6.jpg
93M2100147,93M2100147_14_8,0,0,2,/trinity/home/m.romanov/benchmarking/datasets/MIST_HER2/trainA/HE/93M2100147_14_8.jpg,/trinity/home/m.romanov/benchmarking/datasets/MIST_HER2/trainB/IHC/93M2100147_14_8.jpg
74M2100526,74M2100526_25_11,0,0,2,/trinity/home/m.romanov/benchmarking/datasets/MIST_HER2/trainA/HE/74M2100526_25_11.jpg,/trinity/home/m.romanov/benchmarking/datasets/MIST_HER2/trainB/IHC/74M2100526_25_11.jpg
79M2100417,79M2100417_18_16,0,0,2,/trinity/home/m.romanov/benchmarking/datasets/MIST_HER2/trainA/HE/79M2100417_18_16.jpg,/trinity/home/m.romanov/benchmarking/datasets/MIST_HER2/trainB/IHC/79M2100417_18_16.jpg
28M2101987,28M2101987_18_14,0,0,2,/trinity/home/m.romanov/benchmarking/datasets/MIST_HER2/trainA/HE/28M2101987_18_14.jpg,/trinity/home/m.romanov/benchmarking/datasets/MIST_HER2/trainB/IHC/28M2101987_18_14.jpg
67M2100642,67M2100642_23_14,0,0,2,/trinity/home/m.romanov/benchmarking/datasets/MIST_HER2/trainA/HE/67M2100642_23_14.jpg,/trinity/home/m.romanov/benchmarking/datasets/MIST_HER2/trainB/IHC/67M2100642_23_14.jpg
39M2101576,39M2101576_8_5,0,0,2,/trinity/home/m.romanov/benchmarking/datasets/MIST_HER2/trainA/HE/39M2101576_8_5.jpg,/trinity/home/m.romanov/benchmarking/datasets/MIST_HER2/trainB/IHC/39M2101576_8_5.jpg
54M2101205,54M2101205_9_19,0,0,2,/trinity/home/m.romanov/benchmarking/datasets/MIST_HER2/trainA/HE/54M2101205_9_19.jpg,/trinity/home/m.romanov/benchmarking/datasets/MIST_HER2/trainB/IHC/54M2101205_9_19.jpg
70M2100623,70M2100623_33_12,0,0,2,/trinity/home/m.romanov/benchmarking/datasets/MIST_HER2/trainA/HE/70M2100623_33_12.jpg,/trinity/home/m.romanov/benchmarking/datasets/MIST_HER2/trainB/IHC/70M2100623_33_12.jpg
10M2102916,10M2102916_28_5,0,0,2,/trinity/home/m.romanov/benchmarking/datasets/MIST_HER2/trainA/HE/10M2102916_28_5.jpg,/trinity/home/m.romanov/benchmarking/datasets/MIST_HER2/trainB/IHC/10M2102916_28_5.jpg
50M2101298,50M2101298_7_12,0,0,2,/trinity/home/m.romanov/benchmarking/datasets/MIST_HER2/trainA/HE/50M2101298_7_12.jpg,/trinity/home/m.romanov/benchmarking/datasets/MIST_HER2/trainB/IHC/50M2101298_7_12.jpg
57M2101034,57M2101034_12_10,0,0,2,/trinity/home/m.romanov/benchmarking/datasets/MIST_HER2/trainA/HE/57M2101034_12_10.jpg,/trinity/home/m.romanov/benchmarking/datasets/MIST_HER2/trainB/IHC/57M2101034_12_10.jpg
2M2103108,2M2103108_23_12,0,0,2,/trinity/home/m.romanov/benchmarking/datasets/MIST_HER2/trainA/HE/2M2103108_23_12.jpg,/trinity/home/m.romanov/benchmarking/datasets/MIST_HER2/trainB/IHC/2M2103108_23_12.jpg
93M2100147,93M2100147_14_5,0,0,2,/trinity/home/m.romanov/benchmarking/datasets/MIST_HER2/trainA/HE/93M2100147_14_5.jpg,/trinity/home/m.romanov/benchmarking/datasets/MIST_HER2/trainB/IHC/93M2100147_14_5.jpg
74M2100526,74M2100526_15_20,0,0,2,/trinity/home/m.romanov/benchmarking/datasets/MIST_HER2/trainA/HE/74M2100526_15_20.jpg,/trinity/home/m.romanov/benchmarking/datasets/MIST_HER2/trainB/IHC/74M2100526_15_20.jpg
16M2102718,16M2102718_9_28,0,0,2,/trinity/home/m.romanov/benchmarking/datasets/MIST_HER2/trainA/HE/16M2102718_9_28.jpg,/trinity/home/m.romanov/benchmarking/datasets/MIST_HER2/trainB/IHC/16M2102718_9_28.jpg
93M2100147,93M2100147_13_21,0,0,2,/trinity/home/m.romanov/benchmarking/datasets/MIST_HER2/trainA/HE/93M2100147_13_21.jpg,/trinity/home/m.romanov/benchmarking/datasets/MIST_HER2/trainB/IHC/93M2100147_13_21.jpg
57M2101034,57M2101034_28_13,0,0,2,/trinity/home/m.romanov/benchmarking/datasets/MIST_HER2/trainA/HE/57M2101034_28_13.jpg,/trinity/home/m.romanov/benchmarking/datasets/MIST_HER2/trainB/IHC/57M2101034_28_13.jpg
76M2100485,76M2100485_25_26,0,0,2,/trinity/home/m.romanov/benchmarking/datasets/MIST_HER2/trainA/HE/76M2100485_25_26.jpg,/trinity/home/m.romanov/benchmarking/datasets/MIST_HER2/trainB/IHC/76M2100485_25_26.jpg
94M2100142,94M2100142_17_14,0,0,2,/trinity/home/m.romanov/benchmarking/datasets/MIST_HER2/trainA/HE/94M2100142_17_14.jpg,/trinity/home/m.romanov/benchmarking/datasets/MIST_HER2/trainB/IHC/94M2100142_17_14.jpg
23M2102136,23M2102136_32_9,0,0,2,/trinity/home/m.romanov/benchmarking/datasets/MIST_HER2/trainA/HE/23M2102136_32_9.jpg,/trinity/home/m.romanov/benchmarking/datasets/MIST_HER2/trainB/IHC/23M2102136_32_9.jpg
65M2100668,65M2100668_22_21,0,0,2,/trinity/home/m.romanov/benchmarking/datasets/MIST_HER2/trainA/HE/65M2100668_22_21.jpg,/trinity/home/m.romanov/benchmarking/datasets/MIST_HER2/trainB/IHC/65M2100668_22_21.jpg
97M2100034,97M2100034_12_13,0,0,2,/trinity/home/m.romanov/benchmarking/datasets/MIST_HER2/trainA/HE/97M2100034_12_13.jpg,/trinity/home/m.romanov/benchmarking/datasets/MIST_HER2/trainB/IHC/97M2100034_12_13.jpg
14M2102785,14M2102785_21_19,0,0,2,/trinity/home/m.romanov/benchmarking/datasets/MIST_HER2/trainA/HE/14M2102785_21_19.jpg,/trinity/home/m.romanov/benchmarking/datasets/MIST_HER2/trainB/IHC/14M2102785_21_19.jpg
28M2101987,28M2101987_44_10,0,0,2,/trinity/home/m.romanov/benchmarking/datasets/MIST_HER2/trainA/HE/28M2101987_44_10.jpg,/trinity/home/m.romanov/benchmarking/datasets/MIST_HER2/trainB/IHC/28M2101987_44_10.jpg
68M2100640,68M2100640_24_15,0,0,2,/trinity/home/m.romanov/benchmarking/datasets/MIST_HER2/trainA/HE/68M2100640_24_15.jpg,/trinity/home/m.romanov/benchmarking/datasets/MIST_HER2/trainB/IHC/68M2100640_24_15.jpg
6M2103024,6M2103024_23_21,0,0,2,/trinity/home/m.romanov/benchmarking/datasets/MIST_HER2/trainA/HE/6M2103024_23_21.jpg,/trinity/home/m.romanov/benchmarking/datasets/MIST_HER2/trainB/IHC/6M2103024_23_21.jpg
46M2101353,46M2101353_22_7,0,0,2,/trinity/home/m.romanov/benchmarking/datasets/MIST_HER2/trainA/HE/46M2101353_22_7.jpg,/trinity/home/m.romanov/benchmarking/datasets/MIST_HER2/trainB/IHC/46M2101353_22_7.jpg
35M2101733,35M2101733_2_12,0,0,2,/trinity/home/m.romanov/benchmarking/datasets/MIST_HER2/trainA/HE/35M2101733_2_12.jpg,/trinity/home/m.romanov/benchmarking/datasets/MIST_HER2/trainB/IHC/35M2101733_2_12.jpg
50M2101298,50M2101298_13_13,0,0,2,/trinity/home/m.romanov/benchmarking/datasets/MIST_HER2/trainA/HE/50M2101298_13_13.jpg,/trinity/home/m.romanov/benchmarking/datasets/MIST_HER2/trainB/IHC/50M2101298_13_13.jpg
14M2102785,14M2102785_21_6,0,0,2,/trinity/home/m.romanov/benchmarking/datasets/MIST_HER2/trainA/HE/14M2102785_21_6.jpg,/trinity/home/m.romanov/benchmarking/datasets/MIST_HER2/trainB/IHC/14M2102785_21_6.jpg
4M2103059,4M2103059_15_8,0,0,2,/trinity/home/m.romanov/benchmarking/datasets/MIST_HER2/trainA/HE/4M2103059_15_8.jpg,/trinity/home/m.romanov/benchmarking/datasets/MIST_HER2/trainB/IHC/4M2103059_15_8.jpg
69M2100632,69M2100632_21_5,0,0,2,/trinity/home/m.romanov/benchmarking/datasets/MIST_HER2/trainA/HE/69M2100632_21_5.jpg,/trinity/home/m.romanov/benchmarking/datasets/MIST_HER2/trainB/IHC/69M2100632_21_5.jpg
4M2103059,4M2103059_24_3,0,0,2,/trinity/home/m.romanov/benchmarking/datasets/MIST_HER2/trainA/HE/4M2103059_24_3.jpg,/trinity/home/m.romanov/benchmarking/datasets/MIST_HER2/trainB/IHC/4M2103059_24_3.jpg
45M2101377,45M2101377_21_32,0,0,2,/trinity/home/m.romanov/benchmarking/datasets/MIST_HER2/trainA/HE/45M2101377_21_32.jpg,/trinity/home/m.romanov/benchmarking/datasets/MIST_HER2/trainB/IHC/45M2101377_21_32.jpg
30M2101953,30M2101953_7_16,0,0,2,/trinity/home/m.romanov/benchmarking/datasets/MIST_HER2/trainA/HE/30M2101953_7_16.jpg,/trinity/home/m.romanov/benchmarking/datasets/MIST_HER2/trainB/IHC/30M2101953_7_16.jpg
93M2100147,93M2100147_15_12,0,0,2,/trinity/home/m.romanov/benchmarking/datasets/MIST_HER2/trainA/HE/93M2100147_15_12.jpg,/trinity/home/m.romanov/benchmarking/datasets/MIST_HER2/trainB/IHC/93M2100147_15_12.jpg
83M2100256,83M2100256_19_17,0,0,2,/trinity/home/m.romanov/benchmarking/datasets/MIST_HER2/trainA/HE/83M2100256_19_17.jpg,/trinity/home/m.romanov/benchmarking/datasets/MIST_HER2/trainB/IHC/83M2100256_19_17.jpg
59M2100987,59M2100987_11_20,0,0,2,/trinity/home/m.romanov/benchmarking/datasets/MIST_HER2/trainA/HE/59M2100987_11_20.jpg,/trinity/home/m.romanov/benchmarking/datasets/MIST_HER2/trainB/IHC/59M2100987_11_20.jpg
25M2102060,25M2102060_16_20,0,0,2,/trinity/home/m.romanov/benchmarking/datasets/MIST_HER2/trainA/HE/25M2102060_16_20.jpg,/trinity/home/m.romanov/benchmarking/datasets/MIST_HER2/trainB/IHC/25M2102060_16_20.jpg
25M2102060,25M2102060_7_12,0,0,2,/trinity/home/m.romanov/benchmarking/datasets/MIST_HER2/trainA/HE/25M2102060_7_12.jpg,/trinity/home/m.romanov/benchmarking/datasets/MIST_HER2/trainB/IHC/25M2102060_7_12.jpg
4M2103059,4M2103059_25_18,0,0,2,/trinity/home/m.romanov/benchmarking/datasets/MIST_HER2/trainA/HE/4M2103059_25_18.jpg,/trinity/home/m.romanov/benchmarking/datasets/MIST_HER2/trainB/IHC/4M2103059_25_18.jpg
69M2100632,69M2100632_22_29,0,0,2,/trinity/home/m.romanov/benchmarking/datasets/MIST_HER2/trainA/HE/69M2100632_22_29.jpg,/trinity/home/m.romanov/benchmarking/datasets/MIST_HER2/trainB/IHC/69M2100632_22_29.jpg
76M2100485,76M2100485_23_17,0,0,2,/trinity/home/m.romanov/benchmarking/datasets/MIST_HER2/trainA/HE/76M2100485_23_17.jpg,/trinity/home/m.romanov/benchmarking/datasets/MIST_HER2/trainB/IHC/76M2100485_23_17.jpg
68M2100640,68M2100640_17_15,0,0,2,/trinity/home/m.romanov/benchmarking/datasets/MIST_HER2/trainA/HE/68M2100640_17_15.jpg,/trinity/home/m.romanov/benchmarking/datasets/MIST_HER2/trainB/IHC/68M2100640_17_15.jpg
53M2101258,53M2101258_17_27,0,0,2,/trinity/home/m.romanov/benchmarking/datasets/MIST_HER2/trainA/HE/53M2101258_17_27.jpg,/trinity/home/m.romanov/benchmarking/datasets/MIST_HER2/trainB/IHC/53M2101258_17_27.jpg
22M2102266,22M2102266_11_18,0,0,2,/trinity/home/m.romanov/benchmarking/datasets/MIST_HER2/trainA/HE/22M2102266_11_18.jpg,/trinity/home/m.romanov/benchmarking/datasets/MIST_HER2/trainB/IHC/22M2102266_11_18.jpg
27M2102007,27M2102007_23_15,0,0,2,/trinity/home/m.romanov/benchmarking/datasets/MIST_HER2/trainA/HE/27M2102007_23_15.jpg,/trinity/home/m.romanov/benchmarking/datasets/MIST_HER2/trainB/IHC/27M2102007_23_15.jpg
75M2100521,75M2100521_9_20,0,0,2,/trinity/home/m.romanov/benchmarking/datasets/MIST_HER2/trainA/HE/75M2100521_9_20.jpg,/trinity/home/m.romanov/benchmarking/datasets/MIST_HER2/trainB/IHC/75M2100521_9_20.jpg
93M2100147,93M2100147_19_11,0,0,2,/trinity/home/m.romanov/benchmarking/datasets/MIST_HER2/trainA/HE/93M2100147_19_11.jpg,/trinity/home/m.romanov/benchmarking/datasets/MIST_HER2/trainB/IHC/93M2100147_19_11.jpg
97M2100034,97M2100034_30_17,0,0,2,/trinity/home/m.romanov/benchmarking/datasets/MIST_HER2/trainA/HE/97M2100034_30_17.jpg,/trinity/home/m.romanov/benchmarking/datasets/MIST_HER2/trainB/IHC/97M2100034_30_17.jpg
62M2100915,62M2100915_19_8,0,0,2,/trinity/home/m.romanov/benchmarking/datasets/MIST_HER2/trainA/HE/62M2100915_19_8.jpg,/trinity/home/m.romanov/benchmarking/datasets/MIST_HER2/trainB/IHC/62M2100915_19_8.jpg
25M2102060,25M2102060_29_18,0,0,2,/trinity/home/m.romanov/benchmarking/datasets/MIST_HER2/trainA/HE/25M2102060_29_18.jpg,/trinity/home/m.romanov/benchmarking/datasets/MIST_HER2/trainB/IHC/25M2102060_29_18.jpg
60M2100980,60M2100980_32_21,0,0,2,/trinity/home/m.romanov/benchmarking/datasets/MIST_HER2/trainA/HE/60M2100980_32_21.jpg,/trinity/home/m.romanov/benchmarking/datasets/MIST_HER2/trainB/IHC/60M2100980_32_21.jpg
80M2100377,80M2100377_18_5,0,0,2,/trinity/home/m.romanov/benchmarking/datasets/MIST_HER2/trainA/HE/80M2100377_18_5.jpg,/trinity/home/m.romanov/benchmarking/datasets/MIST_HER2/trainB/IHC/80M2100377_18_5.jpg
31M2101871,31M2101871_9_16,0,0,2,/trinity/home/m.romanov/benchmarking/datasets/MIST_HER2/trainA/HE/31M2101871_9_16.jpg,/trinity/home/m.romanov/benchmarking/datasets/MIST_HER2/trainB/IHC/31M2101871_9_16.jpg
33M2101839,33M2101839_14_8,0,0,2,/trinity/home/m.romanov/benchmarking/datasets/MIST_HER2/trainA/HE/33M2101839_14_8.jpg,/trinity/home/m.romanov/benchmarking/datasets/MIST_HER2/trainB/IHC/33M2101839_14_8.jpg
65M2100668,65M2100668_20_23,0,0,2,/trinity/home/m.romanov/benchmarking/datasets/MIST_HER2/trainA/HE/65M2100668_20_23.jpg,/trinity/home/m.romanov/benchmarking/datasets/MIST_HER2/trainB/IHC/65M2100668_20_23.jpg
22M2102266,22M2102266_18_18,0,0,2,/trinity/home/m.romanov/benchmarking/datasets/MIST_HER2/trainA/HE/22M2102266_18_18.jpg,/trinity/home/m.romanov/benchmarking/datasets/MIST_HER2/trainB/IHC/22M2102266_18_18.jpg
56M2101083,56M2101083_14_18,0,0,2,/trinity/home/m.romanov/benchmarking/datasets/MIST_HER2/trainA/HE/56M2101083_14_18.jpg,/trinity/home/m.romanov/benchmarking/datasets/MIST_HER2/trainB/IHC/56M2101083_14_18.jpg
100M2004069,100M2004069_24_31,0,0,2,/trinity/home/m.romanov/benchmarking/datasets/MIST_HER2/trainA/HE/100M2004069_24_31.jpg,/trinity/home/m.romanov/benchmarking/datasets/MIST_HER2/trainB/IHC/100M2004069_24_31.jpg
46M2101353,46M2101353_34_14,0,0,2,/trinity/home/m.romanov/benchmarking/datasets/MIST_HER2/trainA/HE/46M2101353_34_14.jpg,/trinity/home/m.romanov/benchmarking/datasets/MIST_HER2/trainB/IHC/46M2101353_34_14.jpg
74M2100526,74M2100526_20_13,0,0,2,/trinity/home/m.romanov/benchmarking/datasets/MIST_HER2/trainA/HE/74M2100526_20_13.jpg,/trinity/home/m.romanov/benchmarking/datasets/MIST_HER2/trainB/IHC/74M2100526_20_13.jpg
62M2100915,62M2100915_23_23,0,0,2,/trinity/home/m.romanov/benchmarking/datasets/MIST_HER2/trainA/HE/62M2100915_23_23.jpg,/trinity/home/m.romanov/benchmarking/datasets/MIST_HER2/trainB/IHC/62M2100915_23_23.jpg
60M2100980,60M2100980_37_21,0,0,2,/trinity/home/m.romanov/benchmarking/datasets/MIST_HER2/trainA/HE/60M2100980_37_21.jpg,/trinity/home/m.romanov/benchmarking/datasets/MIST_HER2/trainB/IHC/60M2100980_37_21.jpg
39M2101576,39M2101576_13_7,0,0,2,/trinity/home/m.romanov/benchmarking/datasets/MIST_HER2/trainA/HE/39M2101576_13_7.jpg,/trinity/home/m.romanov/benchmarking/datasets/MIST_HER2/trainB/IHC/39M2101576_13_7.jpg
30M2101953,30M2101953_14_6,0,0,2,/trinity/home/m.romanov/benchmarking/datasets/MIST_HER2/trainA/HE/30M2101953_14_6.jpg,/trinity/home/m.romanov/benchmarking/datasets/MIST_HER2/trainB/IHC/30M2101953_14_6.jpg
77M2100464,77M2100464_24_10,0,0,2,/trinity/home/m.romanov/benchmarking/datasets/MIST_HER2/trainA/HE/77M2100464_24_10.jpg,/trinity/home/m.romanov/benchmarking/datasets/MIST_HER2/trainB/IHC/77M2100464_24_10.jpg
68M2100640,68M2100640_15_11,0,0,2,/trinity/home/m.romanov/benchmarking/datasets/MIST_HER2/trainA/HE/68M2100640_15_11.jpg,/trinity/home/m.romanov/benchmarking/datasets/MIST_HER2/trainB/IHC/68M2100640_15_11.jpg
99M2004082,99M2004082_13_20,0,0,2,/trinity/home/m.romanov/benchmarking/datasets/MIST_HER2/trainA/HE/99M2004082_13_20.jpg,/trinity/home/m.romanov/benchmarking/datasets/MIST_HER2/trainB/IHC/99M2004082_13_20.jpg
46M2101353,46M2101353_28_8,0,0,2,/trinity/home/m.romanov/benchmarking/datasets/MIST_HER2/trainA/HE/46M2101353_28_8.jpg,/trinity/home/m.romanov/benchmarking/datasets/MIST_HER2/trainB/IHC/46M2101353_28_8.jpg
48M2101314,48M2101314_26_36,0,0,2,/trinity/home/m.romanov/benchmarking/datasets/MIST_HER2/trainA/HE/48M2101314_26_36.jpg,/trinity/home/m.romanov/benchmarking/datasets/MIST_HER2/trainB/IHC/48M2101314_26_36.jpg
98M2004096,98M2004096_5_3,0,0,2,/trinity/home/m.romanov/benchmarking/datasets/MIST_HER2/trainA/HE/98M2004096_5_3.jpg,/trinity/home/m.romanov/benchmarking/datasets/MIST_HER2/trainB/IHC/98M2004096_5_3.jpg
62M2100915,62M2100915_27_24,0,0,2,/trinity/home/m.romanov/benchmarking/datasets/MIST_HER2/trainA/HE/62M2100915_27_24.jpg,/trinity/home/m.romanov/benchmarking/datasets/MIST_HER2/trainB/IHC/62M2100915_27_24.jpg
100M2004069,100M2004069_29_19,0,0,2,/trinity/home/m.romanov/benchmarking/datasets/MIST_HER2/trainA/HE/100M2004069_29_19.jpg,/trinity/home/m.romanov/benchmarking/datasets/MIST_HER2/trainB/IHC/100M2004069_29_19.jpg
25M2102060,25M2102060_14_15,0,0,2,/trinity/home/m.romanov/benchmarking/datasets/MIST_HER2/trainA/HE/25M2102060_14_15.jpg,/trinity/home/m.romanov/benchmarking/datasets/MIST_HER2/trainB/IHC/25M2102060_14_15.jpg
58M2100997,58M2100997_8_18,0,0,2,/trinity/home/m.romanov/benchmarking/datasets/MIST_HER2/trainA/HE/58M2100997_8_18.jpg,/trinity/home/m.romanov/benchmarking/datasets/MIST_HER2/trainB/IHC/58M2100997_8_18.jpg
44M2101492,44M2101492_5_31,0,0,2,/trinity/home/m.romanov/benchmarking/datasets/MIST_HER2/trainA/HE/44M2101492_5_31.jpg,/trinity/home/m.romanov/benchmarking/datasets/MIST_HER2/trainB/IHC/44M2101492_5_31.jpg
44M2101492,44M2101492_24_24,0,0,2,/trinity/home/m.romanov/benchmarking/datasets/MIST_HER2/trainA/HE/44M2101492_24_24.jpg,/trinity/home/m.romanov/benchmarking/datasets/MIST_HER2/trainB/IHC/44M2101492_24_24.jpg
22M2102266,22M2102266_15_14,0,0,2,/trinity/home/m.romanov/benchmarking/datasets/MIST_HER2/trainA/HE/22M2102266_15_14.jpg,/trinity/home/m.romanov/benchmarking/datasets/MIST_HER2/trainB/IHC/22M2102266_15_14.jpg
57M2101034,57M2101034_32_12,0,0,2,/trinity/home/m.romanov/benchmarking/datasets/MIST_HER2/trainA/HE/57M2101034_32_12.jpg,/trinity/home/m.romanov/benchmarking/datasets/MIST_HER2/trainB/IHC/57M2101034_32_12.jpg
47M2101316,47M2101316_7_30,0,0,2,/trinity/home/m.romanov/benchmarking/datasets/MIST_HER2/trainA/HE/47M2101316_7_30.jpg,/trinity/home/m.romanov/benchmarking/datasets/MIST_HER2/trainB/IHC/47M2101316_7_30.jpg
88M2100218,88M2100218_6_22,0,0,2,/trinity/home/m.romanov/benchmarking/datasets/MIST_HER2/trainA/HE/88M2100218_6_22.jpg,/trinity/home/m.romanov/benchmarking/datasets/MIST_HER2/trainB/IHC/88M2100218_6_22.jpg
88M2100218,88M2100218_8_8,0,0,2,/trinity/home/m.romanov/benchmarking/datasets/MIST_HER2/trainA/HE/88M2100218_8_8.jpg,/trinity/home/m.romanov/benchmarking/datasets/MIST_HER2/trainB/IHC/88M2100218_8_8.jpg
83M2100256,83M2100256_4_7,0,0,2,/trinity/home/m.romanov/benchmarking/datasets/MIST_HER2/trainA/HE/83M2100256_4_7.jpg,/trinity/home/m.romanov/benchmarking/datasets/MIST_HER2/trainB/IHC/83M2100256_4_7.jpg
16M2102718,16M2102718_14_21,0,0,2,/trinity/home/m.romanov/benchmarking/datasets/MIST_HER2/trainA/HE/16M2102718_14_21.jpg,/trinity/home/m.romanov/benchmarking/datasets/MIST_HER2/trainB/IHC/16M2102718_14_21.jpg
27M2102007,27M2102007_18_15,0,0,2,/trinity/home/m.romanov/benchmarking/datasets/MIST_HER2/trainA/HE/27M2102007_18_15.jpg,/trinity/home/m.romanov/benchmarking/datasets/MIST_HER2/trainB/IHC/27M2102007_18_15.jpg
15M2102762,15M2102762_23_7,0,0,2,/trinity/home/m.romanov/benchmarking/datasets/MIST_HER2/trainA/HE/15M2102762_23_7.jpg,/trinity/home/m.romanov/benchmarking/datasets/MIST_HER2/trainB/IHC/15M2102762_23_7.jpg
83M2100256,83M2100256_26_17,0,0,2,/trinity/home/m.romanov/benchmarking/datasets/MIST_HER2/trainA/HE/83M2100256_26_17.jpg,/trinity/home/m.romanov/benchmarking/datasets/MIST_HER2/trainB/IHC/83M2100256_26_17.jpg
59M2100987,59M2100987_29_8,0,0,2,/trinity/home/m.romanov/benchmarking/datasets/MIST_HER2/trainA/HE/59M2100987_29_8.jpg,/trinity/home/m.romanov/benchmarking/datasets/MIST_HER2/trainB/IHC/59M2100987_29_8.jpg
52M2101275,52M2101275_10_8,0,0,2,/trinity/home/m.romanov/benchmarking/datasets/MIST_HER2/trainA/HE/52M2101275_10_8.jpg,/trinity/home/m.romanov/benchmarking/datasets/MIST_HER2/trainB/IHC/52M2101275_10_8.jpg
88M2100218,88M2100218_11_22,0,0,2,/trinity/home/m.romanov/benchmarking/datasets/MIST_HER2/trainA/HE/88M2100218_11_22.jpg,/trinity/home/m.romanov/benchmarking/datasets/MIST_HER2/trainB/IHC/88M2100218_11_22.jpg
65M2100668,65M2100668_18_12,0,0,2,/trinity/home/m.romanov/benchmarking/datasets/MIST_HER2/trainA/HE/65M2100668_18_12.jpg,/trinity/home/m.romanov/benchmarking/datasets/MIST_HER2/trainB/IHC/65M2100668_18_12.jpg
19M2102438,19M2102438_12_9,0,0,2,/trinity/home/m.romanov/benchmarking/datasets/MIST_HER2/trainA/HE/19M2102438_12_9.jpg,/trinity/home/m.romanov/benchmarking/datasets/MIST_HER2/trainB/IHC/19M2102438_12_9.jpg
57M2101034,57M2101034_16_5,0,0,2,/trinity/home/m.romanov/benchmarking/datasets/MIST_HER2/trainA/HE/57M2101034_16_5.jpg,/trinity/home/m.romanov/benchmarking/datasets/MIST_HER2/trainB/IHC/57M2101034_16_5.jpg
35M2101733,35M2101733_5_11,0,0,2,/trinity/home/m.romanov/benchmarking/datasets/MIST_HER2/trainA/HE/35M2101733_5_11.jpg,/trinity/home/m.romanov/benchmarking/datasets/MIST_HER2/trainB/IHC/35M2101733_5_11.jpg
99M2004082,99M2004082_20_4,0,0,2,/trinity/home/m.romanov/benchmarking/datasets/MIST_HER2/trainA/HE/99M2004082_20_4.jpg,/trinity/home/m.romanov/benchmarking/datasets/MIST_HER2/trainB/IHC/99M2004082_20_4.jpg
59M2100987,59M2100987_34_26,0,0,2,/trinity/home/m.romanov/benchmarking/datasets/MIST_HER2/trainA/HE/59M2100987_34_26.jpg,/trinity/home/m.romanov/benchmarking/datasets/MIST_HER2/trainB/IHC/59M2100987_34_26.jpg
27M2102007,27M2102007_19_24,0,0,2,/trinity/home/m.romanov/benchmarking/datasets/MIST_HER2/trainA/HE/27M2102007_19_24.jpg,/trinity/home/m.romanov/benchmarking/datasets/MIST_HER2/trainB/IHC/27M2102007_19_24.jpg
23M2102136,23M2102136_22_5,0,0,2,/trinity/home/m.romanov/benchmarking/datasets/MIST_HER2/trainA/HE/23M2102136_22_5.jpg,/trinity/home/m.romanov/benchmarking/datasets/MIST_HER2/trainB/IHC/23M2102136_22_5.jpg
48M2101314,48M2101314_41_30,0,0,2,/trinity/home/m.romanov/benchmarking/datasets/MIST_HER2/trainA/HE/48M2101314_41_30.jpg,/trinity/home/m.romanov/benchmarking/datasets/MIST_HER2/trainB/IHC/48M2101314_41_30.jpg
54M2101205,54M2101205_6_7,0,0,2,/trinity/home/m.romanov/benchmarking/datasets/MIST_HER2/trainA/HE/54M2101205_6_7.jpg,/trinity/home/m.romanov/benchmarking/datasets/MIST_HER2/trainB/IHC/54M2101205_6_7.jpg
99M2004082,99M2004082_17_14,0,0,2,/trinity/home/m.romanov/benchmarking/datasets/MIST_HER2/trainA/HE/99M2004082_17_14.jpg,/trinity/home/m.romanov/benchmarking/datasets/MIST_HER2/trainB/IHC/99M2004082_17_14.jpg
60M2100980,60M2100980_21_18,0,0,2,/trinity/home/m.romanov/benchmarking/datasets/MIST_HER2/trainA/HE/60M2100980_21_18.jpg,/trinity/home/m.romanov/benchmarking/datasets/MIST_HER2/trainB/IHC/60M2100980_21_18.jpg
100M2004069,100M2004069_23_6,0,0,2,/trinity/home/m.romanov/benchmarking/datasets/MIST_HER2/trainA/HE/100M2004069_23_6.jpg,/trinity/home/m.romanov/benchmarking/datasets/MIST_HER2/trainB/IHC/100M2004069_23_6.jpg
58M2100997,58M2100997_27_9,0,0,2,/trinity/home/m.romanov/benchmarking/datasets/MIST_HER2/trainA/HE/58M2100997_27_9.jpg,/trinity/home/m.romanov/benchmarking/datasets/MIST_HER2/trainB/IHC/58M2100997_27_9.jpg
52M2101275,52M2101275_15_11,0,0,2,/trinity/home/m.romanov/benchmarking/datasets/MIST_HER2/trainA/HE/52M2101275_15_11.jpg,/trinity/home/m.romanov/benchmarking/datasets/MIST_HER2/trainB/IHC/52M2101275_15_11.jpg
19M2102438,19M2102438_26_24,0,0,2,/trinity/home/m.romanov/benchmarking/datasets/MIST_HER2/trainA/HE/19M2102438_26_24.jpg,/trinity/home/m.romanov/benchmarking/datasets/MIST_HER2/trainB/IHC/19M2102438_26_24.jpg
10M2102916,10M2102916_13_16,0,0,2,/trinity/home/m.romanov/benchmarking/datasets/MIST_HER2/trainA/HE/10M2102916_13_16.jpg,/trinity/home/m.romanov/benchmarking/datasets/MIST_HER2/trainB/IHC/10M2102916_13_16.jpg
59M2100987,59M2100987_35_28,0,0,2,/trinity/home/m.romanov/benchmarking/datasets/MIST_HER2/trainA/HE/59M2100987_35_28.jpg,/trinity/home/m.romanov/benchmarking/datasets/MIST_HER2/trainB/IHC/59M2100987_35_28.jpg
57M2101034,57M2101034_21_22,0,0,2,/trinity/home/m.romanov/benchmarking/datasets/MIST_HER2/trainA/HE/57M2101034_21_22.jpg,/trinity/home/m.romanov/benchmarking/datasets/MIST_HER2/trainB/IHC/57M2101034_21_22.jpg
30M2101953,30M2101953_14_19,0,0,2,/trinity/home/m.romanov/benchmarking/datasets/MIST_HER2/trainA/HE/30M2101953_14_19.jpg,/trinity/home/m.romanov/benchmarking/datasets/MIST_HER2/trainB/IHC/30M2101953_14_19.jpg
53M2101258,53M2101258_20_15,0,0,2,/trinity/home/m.romanov/benchmarking/datasets/MIST_HER2/trainA/HE/53M2101258_20_15.jpg,/trinity/home/m.romanov/benchmarking/datasets/MIST_HER2/trainB/IHC/53M2101258_20_15.jpg
67M2100642,67M2100642_24_14,0,0,2,/trinity/home/m.romanov/benchmarking/datasets/MIST_HER2/trainA/HE/67M2100642_24_14.jpg,/trinity/home/m.romanov/benchmarking/datasets/MIST_HER2/trainB/IHC/67M2100642_24_14.jpg
51M2101285,51M2101285_23_24,0,0,2,/trinity/home/m.romanov/benchmarking/datasets/MIST_HER2/trainA/HE/51M2101285_23_24.jpg,/trinity/home/m.romanov/benchmarking/datasets/MIST_HER2/trainB/IHC/51M2101285_23_24.jpg
68M2100640,68M2100640_3_18,0,0,2,/trinity/home/m.romanov/benchmarking/datasets/MIST_HER2/trainA/HE/68M2100640_3_18.jpg,/trinity/home/m.romanov/benchmarking/datasets/MIST_HER2/trainB/IHC/68M2100640_3_18.jpg
27M2102007,27M2102007_17_21,0,0,2,/trinity/home/m.romanov/benchmarking/datasets/MIST_HER2/trainA/HE/27M2102007_17_21.jpg,/trinity/home/m.romanov/benchmarking/datasets/MIST_HER2/trainB/IHC/27M2102007_17_21.jpg
54M2101205,54M2101205_13_23,0,0,2,/trinity/home/m.romanov/benchmarking/datasets/MIST_HER2/trainA/HE/54M2101205_13_23.jpg,/trinity/home/m.romanov/benchmarking/datasets/MIST_HER2/trainB/IHC/54M2101205_13_23.jpg
28M2101987,28M2101987_21_22,0,0,2,/trinity/home/m.romanov/benchmarking/datasets/MIST_HER2/trainA/HE/28M2101987_21_22.jpg,/trinity/home/m.romanov/benchmarking/datasets/MIST_HER2/trainB/IHC/28M2101987_21_22.jpg
83M2100256,83M2100256_8_8,0,0,2,/trinity/home/m.romanov/benchmarking/datasets/MIST_HER2/trainA/HE/83M2100256_8_8.jpg,/trinity/home/m.romanov/benchmarking/datasets/MIST_HER2/trainB/IHC/83M2100256_8_8.jpg
14M2102785,14M2102785_13_5,0,0,2,/trinity/home/m.romanov/benchmarking/datasets/MIST_HER2/trainA/HE/14M2102785_13_5.jpg,/trinity/home/m.romanov/benchmarking/datasets/MIST_HER2/trainB/IHC/14M2102785_13_5.jpg
31M2101871,31M2101871_13_24,0,0,2,/trinity/home/m.romanov/benchmarking/datasets/MIST_HER2/trainA/HE/31M2101871_13_24.jpg,/trinity/home/m.romanov/benchmarking/datasets/MIST_HER2/trainB/IHC/31M2101871_13_24.jpg
51M2101285,51M2101285_26_18,0,0,2,/trinity/home/m.romanov/benchmarking/datasets/MIST_HER2/trainA/HE/51M2101285_26_18.jpg,/trinity/home/m.romanov/benchmarking/datasets/MIST_HER2/trainB/IHC/51M2101285_26_18.jpg
47M2101316,47M2101316_10_31,0,0,2,/trinity/home/m.romanov/benchmarking/datasets/MIST_HER2/trainA/HE/47M2101316_10_31.jpg,/trinity/home/m.romanov/benchmarking/datasets/MIST_HER2/trainB/IHC/47M2101316_10_31.jpg
80M2100377,80M2100377_33_16,0,0,2,/trinity/home/m.romanov/benchmarking/datasets/MIST_HER2/trainA/HE/80M2100377_33_16.jpg,/trinity/home/m.romanov/benchmarking/datasets/MIST_HER2/trainB/IHC/80M2100377_33_16.jpg
60M2100980,60M2100980_41_21,0,0,2,/trinity/home/m.romanov/benchmarking/datasets/MIST_HER2/trainA/HE/60M2100980_41_21.jpg,/trinity/home/m.romanov/benchmarking/datasets/MIST_HER2/trainB/IHC/60M2100980_41_21.jpg
47M2101316,47M2101316_8_27,0,0,2,/trinity/home/m.romanov/benchmarking/datasets/MIST_HER2/trainA/HE/47M2101316_8_27.jpg,/trinity/home/m.romanov/benchmarking/datasets/MIST_HER2/trainB/IHC/47M2101316_8_27.jpg
70M2100623,70M2100623_16_4,0,0,2,/trinity/home/m.romanov/benchmarking/datasets/MIST_HER2/trainA/HE/70M2100623_16_4.jpg,/trinity/home/m.romanov/benchmarking/datasets/MIST_HER2/trainB/IHC/70M2100623_16_4.jpg
99M2004082,99M2004082_11_10,0,0,2,/trinity/home/m.romanov/benchmarking/datasets/MIST_HER2/trainA/HE/99M2004082_11_10.jpg,/trinity/home/m.romanov/benchmarking/datasets/MIST_HER2/trainB/IHC/99M2004082_11_10.jpg
81M2100356,81M2100356_42_27,0,0,2,/trinity/home/m.romanov/benchmarking/datasets/MIST_HER2/trainA/HE/81M2100356_42_27.jpg,/trinity/home/m.romanov/benchmarking/datasets/MIST_HER2/trainB/IHC/81M2100356_42_27.jpg
6M2103024,6M2103024_5_24,0,0,2,/trinity/home/m.romanov/benchmarking/datasets/MIST_HER2/trainA/HE/6M2103024_5_24.jpg,/trinity/home/m.romanov/benchmarking/datasets/MIST_HER2/trainB/IHC/6M2103024_5_24.jpg
100M2004069,100M2004069_32_15,0,0,2,/trinity/home/m.romanov/benchmarking/datasets/MIST_HER2/trainA/HE/100M2004069_32_15.jpg,/trinity/home/m.romanov/benchmarking/datasets/MIST_HER2/trainB/IHC/100M2004069_32_15.jpg
23M2102136,23M2102136_22_19,0,0,2,/trinity/home/m.romanov/benchmarking/datasets/MIST_HER2/trainA/HE/23M2102136_22_19.jpg,/trinity/home/m.romanov/benchmarking/datasets/MIST_HER2/trainB/IHC/23M2102136_22_19.jpg
23M2102136,23M2102136_27_14,0,0,2,/trinity/home/m.romanov/benchmarking/datasets/MIST_HER2/trainA/HE/23M2102136_27_14.jpg,/trinity/home/m.romanov/benchmarking/datasets/MIST_HER2/trainB/IHC/23M2102136_27_14.jpg
62M2100915,62M2100915_16_3,0,0,2,/trinity/home/m.romanov/benchmarking/datasets/MIST_HER2/trainA/HE/62M2100915_16_3.jpg,/trinity/home/m.romanov/benchmarking/datasets/MIST_HER2/trainB/IHC/62M2100915_16_3.jpg
46M2101353,46M2101353_25_24,0,0,2,/trinity/home/m.romanov/benchmarking/datasets/MIST_HER2/trainA/HE/46M2101353_25_24.jpg,/trinity/home/m.romanov/benchmarking/datasets/MIST_HER2/trainB/IHC/46M2101353_25_24.jpg
52M2101275,52M2101275_28_11,0,0,2,/trinity/home/m.romanov/benchmarking/datasets/MIST_HER2/trainA/HE/52M2101275_28_11.jpg,/trinity/home/m.romanov/benchmarking/datasets/MIST_HER2/trainB/IHC/52M2101275_28_11.jpg
65M2100668,65M2100668_29_12,0,0,2,/trinity/home/m.romanov/benchmarking/datasets/MIST_HER2/trainA/HE/65M2100668_29_12.jpg,/trinity/home/m.romanov/benchmarking/datasets/MIST_HER2/trainB/IHC/65M2100668_29_12.jpg
70M2100623,70M2100623_21_10,0,0,2,/trinity/home/m.romanov/benchmarking/datasets/MIST_HER2/trainA/HE/70M2100623_21_10.jpg,/trinity/home/m.romanov/benchmarking/datasets/MIST_HER2/trainB/IHC/70M2100623_21_10.jpg
53M2101258,53M2101258_33_12,0,0,2,/trinity/home/m.romanov/benchmarking/datasets/MIST_HER2/trainA/HE/53M2101258_33_12.jpg,/trinity/home/m.romanov/benchmarking/datasets/MIST_HER2/trainB/IHC/53M2101258_33_12.jpg
53M2101258,53M2101258_25_11,0,0,2,/trinity/home/m.romanov/benchmarking/datasets/MIST_HER2/trainA/HE/53M2101258_25_11.jpg,/trinity/home/m.romanov/benchmarking/datasets/MIST_HER2/trainB/IHC/53M2101258_25_11.jpg
54M2101205,54M2101205_10_15,0,0,2,/trinity/home/m.romanov/benchmarking/datasets/MIST_HER2/trainA/HE/54M2101205_10_15.jpg,/trinity/home/m.romanov/benchmarking/datasets/MIST_HER2/trainB/IHC/54M2101205_10_15.jpg
33M2101839,33M2101839_10_3,0,0,2,/trinity/home/m.romanov/benchmarking/datasets/MIST_HER2/trainA/HE/33M2101839_10_3.jpg,/trinity/home/m.romanov/benchmarking/datasets/MIST_HER2/trainB/IHC/33M2101839_10_3.jpg
28M2101987,28M2101987_22_15,0,0,2,/trinity/home/m.romanov/benchmarking/datasets/MIST_HER2/trainA/HE/28M2101987_22_15.jpg,/trinity/home/m.romanov/benchmarking/datasets/MIST_HER2/trainB/IHC/28M2101987_22_15.jpg
87M2100227,87M2100227_21_11,0,0,2,/trinity/home/m.romanov/benchmarking/datasets/MIST_HER2/trainA/HE/87M2100227_21_11.jpg,/trinity/home/m.romanov/benchmarking/datasets/MIST_HER2/trainB/IHC/87M2100227_21_11.jpg
83M2100256,83M2100256_13_20,0,0,2,/trinity/home/m.romanov/benchmarking/datasets/MIST_HER2/trainA/HE/83M2100256_13_20.jpg,/trinity/home/m.romanov/benchmarking/datasets/MIST_HER2/trainB/IHC/83M2100256_13_20.jpg
14M2102785,14M2102785_12_8,0,0,2,/trinity/home/m.romanov/benchmarking/datasets/MIST_HER2/trainA/HE/14M2102785_12_8.jpg,/trinity/home/m.romanov/benchmarking/datasets/MIST_HER2/trainB/IHC/14M2102785_12_8.jpg
54M2101205,54M2101205_24_21,0,0,2,/trinity/home/m.romanov/benchmarking/datasets/MIST_HER2/trainA/HE/54M2101205_24_21.jpg,/trinity/home/m.romanov/benchmarking/datasets/MIST_HER2/trainB/IHC/54M2101205_24_21.jpg
59M2100987,59M2100987_7_7,0,0,2,/trinity/home/m.romanov/benchmarking/datasets/MIST_HER2/trainA/HE/59M2100987_7_7.jpg,/trinity/home/m.romanov/benchmarking/datasets/MIST_HER2/trainB/IHC/59M2100987_7_7.jpg
45M2101377,45M2101377_34_31,0,0,2,/trinity/home/m.romanov/benchmarking/datasets/MIST_HER2/trainA/HE/45M2101377_34_31.jpg,/trinity/home/m.romanov/benchmarking/datasets/MIST_HER2/trainB/IHC/45M2101377_34_31.jpg
53M2101258,53M2101258_30_34,0,0,2,/trinity/home/m.romanov/benchmarking/datasets/MIST_HER2/trainA/HE/53M2101258_30_34.jpg,/trinity/home/m.romanov/benchmarking/datasets/MIST_HER2/trainB/IHC/53M2101258_30_34.jpg
22M2102266,22M2102266_17_23,0,0,2,/trinity/home/m.romanov/benchmarking/datasets/MIST_HER2/trainA/HE/22M2102266_17_23.jpg,/trinity/home/m.romanov/benchmarking/datasets/MIST_HER2/trainB/IHC/22M2102266_17_23.jpg
56M2101083,56M2101083_23_5,0,0,2,/trinity/home/m.romanov/benchmarking/datasets/MIST_HER2/trainA/HE/56M2101083_23_5.jpg,/trinity/home/m.romanov/benchmarking/datasets/MIST_HER2/trainB/IHC/56M2101083_23_5.jpg
94M2100142,94M2100142_6_15,0,0,2,/trinity/home/m.romanov/benchmarking/datasets/MIST_HER2/trainA/HE/94M2100142_6_15.jpg,/trinity/home/m.romanov/benchmarking/datasets/MIST_HER2/trainB/IHC/94M2100142_6_15.jpg
60M2100980,60M2100980_34_16,0,0,2,/trinity/home/m.romanov/benchmarking/datasets/MIST_HER2/trainA/HE/60M2100980_34_16.jpg,/trinity/home/m.romanov/benchmarking/datasets/MIST_HER2/trainB/IHC/60M2100980_34_16.jpg
45M2101377,45M2101377_14_18,0,0,2,/trinity/home/m.romanov/benchmarking/datasets/MIST_HER2/trainA/HE/45M2101377_14_18.jpg,/trinity/home/m.romanov/benchmarking/datasets/MIST_HER2/trainB/IHC/45M2101377_14_18.jpg
39M2101576,39M2101576_28_12,0,0,2,/trinity/home/m.romanov/benchmarking/datasets/MIST_HER2/trainA/HE/39M2101576_28_12.jpg,/trinity/home/m.romanov/benchmarking/datasets/MIST_HER2/trainB/IHC/39M2101576_28_12.jpg
54M2101205,54M2101205_13_10,0,0,2,/trinity/home/m.romanov/benchmarking/datasets/MIST_HER2/trainA/HE/54M2101205_13_10.jpg,/trinity/home/m.romanov/benchmarking/datasets/MIST_HER2/trainB/IHC/54M2101205_13_10.jpg
79M2100417,79M2100417_20_15,0,0,2,/trinity/home/m.romanov/benchmarking/datasets/MIST_HER2/trainA/HE/79M2100417_20_15.jpg,/trinity/home/m.romanov/benchmarking/datasets/MIST_HER2/trainB/IHC/79M2100417_20_15.jpg
57M2101034,57M2101034_13_8,0,0,2,/trinity/home/m.romanov/benchmarking/datasets/MIST_HER2/trainA/HE/57M2101034_13_8.jpg,/trinity/home/m.romanov/benchmarking/datasets/MIST_HER2/trainB/IHC/57M2101034_13_8.jpg
58M2100997,58M2100997_21_16,0,0,2,/trinity/home/m.romanov/benchmarking/datasets/MIST_HER2/trainA/HE/58M2100997_21_16.jpg,/trinity/home/m.romanov/benchmarking/datasets/MIST_HER2/trainB/IHC/58M2100997_21_16.jpg
67M2100642,67M2100642_7_11,0,0,2,/trinity/home/m.romanov/benchmarking/datasets/MIST_HER2/trainA/HE/67M2100642_7_11.jpg,/trinity/home/m.romanov/benchmarking/datasets/MIST_HER2/trainB/IHC/67M2100642_7_11.jpg
39M2101576,39M2101576_18_5,0,0,2,/trinity/home/m.romanov/benchmarking/datasets/MIST_HER2/trainA/HE/39M2101576_18_5.jpg,/trinity/home/m.romanov/benchmarking/datasets/MIST_HER2/trainB/IHC/39M2101576_18_5.jpg
10M2102916,10M2102916_37_10,0,0,2,/trinity/home/m.romanov/benchmarking/datasets/MIST_HER2/trainA/HE/10M2102916_37_10.jpg,/trinity/home/m.romanov/benchmarking/datasets/MIST_HER2/trainB/IHC/10M2102916_37_10.jpg
81M2100356,81M2100356_33_19,0,0,2,/trinity/home/m.romanov/benchmarking/datasets/MIST_HER2/trainA/HE/81M2100356_33_19.jpg,/trinity/home/m.romanov/benchmarking/datasets/MIST_HER2/trainB/IHC/81M2100356_33_19.jpg
67M2100642,67M2100642_17_16,0,0,2,/trinity/home/m.romanov/benchmarking/datasets/MIST_HER2/trainA/HE/67M2100642_17_16.jpg,/trinity/home/m.romanov/benchmarking/datasets/MIST_HER2/trainB/IHC/67M2100642_17_16.jpg
47M2101316,47M2101316_6_19,0,0,2,/trinity/home/m.romanov/benchmarking/datasets/MIST_HER2/trainA/HE/47M2101316_6_19.jpg,/trinity/home/m.romanov/benchmarking/datasets/MIST_HER2/trainB/IHC/47M2101316_6_19.jpg
2M2103108,2M2103108_10_16,0,0,2,/trinity/home/m.romanov/benchmarking/datasets/MIST_HER2/trainA/HE/2M2103108_10_16.jpg,/trinity/home/m.romanov/benchmarking/datasets/MIST_HER2/trainB/IHC/2M2103108_10_16.jpg
50M2101298,50M2101298_13_9,0,0,2,/trinity/home/m.romanov/benchmarking/datasets/MIST_HER2/trainA/HE/50M2101298_13_9.jpg,/trinity/home/m.romanov/benchmarking/datasets/MIST_HER2/trainB/IHC/50M2101298_13_9.jpg
39M2101576,39M2101576_28_15,0,0,2,/trinity/home/m.romanov/benchmarking/datasets/MIST_HER2/trainA/HE/39M2101576_28_15.jpg,/trinity/home/m.romanov/benchmarking/datasets/MIST_HER2/trainB/IHC/39M2101576_28_15.jpg
77M2100464,77M2100464_9_15,0,0,2,/trinity/home/m.romanov/benchmarking/datasets/MIST_HER2/trainA/HE/77M2100464_9_15.jpg,/trinity/home/m.romanov/benchmarking/datasets/MIST_HER2/trainB/IHC/77M2100464_9_15.jpg
47M2101316,47M2101316_23_18,0,0,2,/trinity/home/m.romanov/benchmarking/datasets/MIST_HER2/trainA/HE/47M2101316_23_18.jpg,/trinity/home/m.romanov/benchmarking/datasets/MIST_HER2/trainB/IHC/47M2101316_23_18.jpg
88M2100218,88M2100218_15_29,0,0,2,/trinity/home/m.romanov/benchmarking/datasets/MIST_HER2/trainA/HE/88M2100218_15_29.jpg,/trinity/home/m.romanov/benchmarking/datasets/MIST_HER2/trainB/IHC/88M2100218_15_29.jpg
74M2100526,74M2100526_7_28,0,0,2,/trinity/home/m.romanov/benchmarking/datasets/MIST_HER2/trainA/HE/74M2100526_7_28.jpg,/trinity/home/m.romanov/benchmarking/datasets/MIST_HER2/trainB/IHC/74M2100526_7_28.jpg
54M2101205,54M2101205_3_12,0,0,2,/trinity/home/m.romanov/benchmarking/datasets/MIST_HER2/trainA/HE/54M2101205_3_12.jpg,/trinity/home/m.romanov/benchmarking/datasets/MIST_HER2/trainB/IHC/54M2101205_3_12.jpg
30M2101953,30M2101953_15_4,0,0,2,/trinity/home/m.romanov/benchmarking/datasets/MIST_HER2/trainA/HE/30M2101953_15_4.jpg,/trinity/home/m.romanov/benchmarking/datasets/MIST_HER2/trainB/IHC/30M2101953_15_4.jpg
68M2100640,68M2100640_27_16,0,0,2,/trinity/home/m.romanov/benchmarking/datasets/MIST_HER2/trainA/HE/68M2100640_27_16.jpg,/trinity/home/m.romanov/benchmarking/datasets/MIST_HER2/trainB/IHC/68M2100640_27_16.jpg
99M2004082,99M2004082_30_6,0,0,2,/trinity/home/m.romanov/benchmarking/datasets/MIST_HER2/trainA/HE/99M2004082_30_6.jpg,/trinity/home/m.romanov/benchmarking/datasets/MIST_HER2/trainB/IHC/99M2004082_30_6.jpg
25M2102060,25M2102060_26_18,0,0,2,/trinity/home/m.romanov/benchmarking/datasets/MIST_HER2/trainA/HE/25M2102060_26_18.jpg,/trinity/home/m.romanov/benchmarking/datasets/MIST_HER2/trainB/IHC/25M2102060_26_18.jpg
74M2100526,74M2100526_11_11,0,0,2,/trinity/home/m.romanov/benchmarking/datasets/MIST_HER2/trainA/HE/74M2100526_11_11.jpg,/trinity/home/m.romanov/benchmarking/datasets/MIST_HER2/trainB/IHC/74M2100526_11_11.jpg
100M2004069,100M2004069_16_13,0,0,2,/trinity/home/m.romanov/benchmarking/datasets/MIST_HER2/trainA/HE/100M2004069_16_13.jpg,/trinity/home/m.romanov/benchmarking/datasets/MIST_HER2/trainB/IHC/100M2004069_16_13.jpg
80M2100377,80M2100377_16_5,0,0,2,/trinity/home/m.romanov/benchmarking/datasets/MIST_HER2/trainA/HE/80M2100377_16_5.jpg,/trinity/home/m.romanov/benchmarking/datasets/MIST_HER2/trainB/IHC/80M2100377_16_5.jpg
69M2100632,69M2100632_7_19,0,0,2,/trinity/home/m.romanov/benchmarking/datasets/MIST_HER2/trainA/HE/69M2100632_7_19.jpg,/trinity/home/m.romanov/benchmarking/datasets/MIST_HER2/trainB/IHC/69M2100632_7_19.jpg
19M2102438,19M2102438_21_23,0,0,2,/trinity/home/m.romanov/benchmarking/datasets/MIST_HER2/trainA/HE/19M2102438_21_23.jpg,/trinity/home/m.romanov/benchmarking/datasets/MIST_HER2/trainB/IHC/19M2102438_21_23.jpg
77M2100464,77M2100464_26_18,0,0,2,/trinity/home/m.romanov/benchmarking/datasets/MIST_HER2/trainA/HE/77M2100464_26_18.jpg,/trinity/home/m.romanov/benchmarking/datasets/MIST_HER2/trainB/IHC/77M2100464_26_18.jpg
59M2100987,59M2100987_3_12,0,0,2,/trinity/home/m.romanov/benchmarking/datasets/MIST_HER2/trainA/HE/59M2100987_3_12.jpg,/trinity/home/m.romanov/benchmarking/datasets/MIST_HER2/trainB/IHC/59M2100987_3_12.jpg
58M2100997,58M2100997_15_9,0,0,2,/trinity/home/m.romanov/benchmarking/datasets/MIST_HER2/trainA/HE/58M2100997_15_9.jpg,/trinity/home/m.romanov/benchmarking/datasets/MIST_HER2/trainB/IHC/58M2100997_15_9.jpg
56M2101083,56M2101083_32_26,0,0,2,/trinity/home/m.romanov/benchmarking/datasets/MIST_HER2/trainA/HE/56M2101083_32_26.jpg,/trinity/home/m.romanov/benchmarking/datasets/MIST_HER2/trainB/IHC/56M2101083_32_26.jpg
74M2100526,74M2100526_22_30,0,0,2,/trinity/home/m.romanov/benchmarking/datasets/MIST_HER2/trainA/HE/74M2100526_22_30.jpg,/trinity/home/m.romanov/benchmarking/datasets/MIST_HER2/trainB/IHC/74M2100526_22_30.jpg
69M2100632,69M2100632_30_12,0,0,2,/trinity/home/m.romanov/benchmarking/datasets/MIST_HER2/trainA/HE/69M2100632_30_12.jpg,/trinity/home/m.romanov/benchmarking/datasets/MIST_HER2/trainB/IHC/69M2100632_30_12.jpg
50M2101298,50M2101298_16_14,0,0,2,/trinity/home/m.romanov/benchmarking/datasets/MIST_HER2/trainA/HE/50M2101298_16_14.jpg,/trinity/home/m.romanov/benchmarking/datasets/MIST_HER2/trainB/IHC/50M2101298_16_14.jpg
97M2100034,97M2100034_23_6,0,0,2,/trinity/home/m.romanov/benchmarking/datasets/MIST_HER2/trainA/HE/97M2100034_23_6.jpg,/trinity/home/m.romanov/benchmarking/datasets/MIST_HER2/trainB/IHC/97M2100034_23_6.jpg
65M2100668,65M2100668_27_9,0,0,2,/trinity/home/m.romanov/benchmarking/datasets/MIST_HER2/trainA/HE/65M2100668_27_9.jpg,/trinity/home/m.romanov/benchmarking/datasets/MIST_HER2/trainB/IHC/65M2100668_27_9.jpg
28M2101987,28M2101987_31_34,0,0,2,/trinity/home/m.romanov/benchmarking/datasets/MIST_HER2/trainA/HE/28M2101987_31_34.jpg,/trinity/home/m.romanov/benchmarking/datasets/MIST_HER2/trainB/IHC/28M2101987_31_34.jpg
67M2100642,67M2100642_17_18,0,0,2,/trinity/home/m.romanov/benchmarking/datasets/MIST_HER2/trainA/HE/67M2100642_17_18.jpg,/trinity/home/m.romanov/benchmarking/datasets/MIST_HER2/trainB/IHC/67M2100642_17_18.jpg
74M2100526,74M2100526_23_27,0,0,2,/trinity/home/m.romanov/benchmarking/datasets/MIST_HER2/trainA/HE/74M2100526_23_27.jpg,/trinity/home/m.romanov/benchmarking/datasets/MIST_HER2/trainB/IHC/74M2100526_23_27.jpg
91M2100173,91M2100173_23_27,0,0,2,/trinity/home/m.romanov/benchmarking/datasets/MIST_HER2/trainA/HE/91M2100173_23_27.jpg,/trinity/home/m.romanov/benchmarking/datasets/MIST_HER2/trainB/IHC/91M2100173_23_27.jpg
14M2102785,14M2102785_24_17,0,0,2,/trinity/home/m.romanov/benchmarking/datasets/MIST_HER2/trainA/HE/14M2102785_24_17.jpg,/trinity/home/m.romanov/benchmarking/datasets/MIST_HER2/trainB/IHC/14M2102785_24_17.jpg
76M2100485,76M2100485_25_29,0,0,2,/trinity/home/m.romanov/benchmarking/datasets/MIST_HER2/trainA/HE/76M2100485_25_29.jpg,/trinity/home/m.romanov/benchmarking/datasets/MIST_HER2/trainB/IHC/76M2100485_25_29.jpg
53M2101258,53M2101258_28_26,0,0,2,/trinity/home/m.romanov/benchmarking/datasets/MIST_HER2/trainA/HE/53M2101258_28_26.jpg,/trinity/home/m.romanov/benchmarking/datasets/MIST_HER2/trainB/IHC/53M2101258_28_26.jpg
23M2102136,23M2102136_28_6,0,0,2,/trinity/home/m.romanov/benchmarking/datasets/MIST_HER2/trainA/HE/23M2102136_28_6.jpg,/trinity/home/m.romanov/benchmarking/datasets/MIST_HER2/trainB/IHC/23M2102136_28_6.jpg
28M2101987,28M2101987_41_8,0,0,2,/trinity/home/m.romanov/benchmarking/datasets/MIST_HER2/trainA/HE/28M2101987_41_8.jpg,/trinity/home/m.romanov/benchmarking/datasets/MIST_HER2/trainB/IHC/28M2101987_41_8.jpg
59M2100987,59M2100987_30_12,0,0,2,/trinity/home/m.romanov/benchmarking/datasets/MIST_HER2/trainA/HE/59M2100987_30_12.jpg,/trinity/home/m.romanov/benchmarking/datasets/MIST_HER2/trainB/IHC/59M2100987_30_12.jpg
69M2100632,69M2100632_18_13,0,0,2,/trinity/home/m.romanov/benchmarking/datasets/MIST_HER2/trainA/HE/69M2100632_18_13.jpg,/trinity/home/m.romanov/benchmarking/datasets/MIST_HER2/trainB/IHC/69M2100632_18_13.jpg
89M2100212,89M2100212_5_22,0,0,2,/trinity/home/m.romanov/benchmarking/datasets/MIST_HER2/trainA/HE/89M2100212_5_22.jpg,/trinity/home/m.romanov/benchmarking/datasets/MIST_HER2/trainB/IHC/89M2100212_5_22.jpg
83M2100256,83M2100256_31_23,0,0,2,/trinity/home/m.romanov/benchmarking/datasets/MIST_HER2/trainA/HE/83M2100256_31_23.jpg,/trinity/home/m.romanov/benchmarking/datasets/MIST_HER2/trainB/IHC/83M2100256_31_23.jpg
51M2101285,51M2101285_19_25,0,0,2,/trinity/home/m.romanov/benchmarking/datasets/MIST_HER2/trainA/HE/51M2101285_19_25.jpg,/trinity/home/m.romanov/benchmarking/datasets/MIST_HER2/trainB/IHC/51M2101285_19_25.jpg
83M2100256,83M2100256_14_16,0,0,2,/trinity/home/m.romanov/benchmarking/datasets/MIST_HER2/trainA/HE/83M2100256_14_16.jpg,/trinity/home/m.romanov/benchmarking/datasets/MIST_HER2/trainB/IHC/83M2100256_14_16.jpg
99M2004082,99M2004082_13_21,0,0,2,/trinity/home/m.romanov/benchmarking/datasets/MIST_HER2/trainA/HE/99M2004082_13_21.jpg,/trinity/home/m.romanov/benchmarking/datasets/MIST_HER2/trainB/IHC/99M2004082_13_21.jpg
53M2101258,53M2101258_24_13,0,0,2,/trinity/home/m.romanov/benchmarking/datasets/MIST_HER2/trainA/HE/53M2101258_24_13.jpg,/trinity/home/m.romanov/benchmarking/datasets/MIST_HER2/trainB/IHC/53M2101258_24_13.jpg
68M2100640,68M2100640_25_27,0,0,2,/trinity/home/m.romanov/benchmarking/datasets/MIST_HER2/trainA/HE/68M2100640_25_27.jpg,/trinity/home/m.romanov/benchmarking/datasets/MIST_HER2/trainB/IHC/68M2100640_25_27.jpg
76M2100485,76M2100485_16_28,0,0,2,/trinity/home/m.romanov/benchmarking/datasets/MIST_HER2/trainA/HE/76M2100485_16_28.jpg,/trinity/home/m.romanov/benchmarking/datasets/MIST_HER2/trainB/IHC/76M2100485_16_28.jpg
54M2101205,54M2101205_7_7,0,0,2,/trinity/home/m.romanov/benchmarking/datasets/MIST_HER2/trainA/HE/54M2101205_7_7.jpg,/trinity/home/m.romanov/benchmarking/datasets/MIST_HER2/trainB/IHC/54M2101205_7_7.jpg
35M2101733,35M2101733_6_12,0,0,2,/trinity/home/m.romanov/benchmarking/datasets/MIST_HER2/trainA/HE/35M2101733_6_12.jpg,/trinity/home/m.romanov/benchmarking/datasets/MIST_HER2/trainB/IHC/35M2101733_6_12.jpg
48M2101314,48M2101314_40_37,0,0,2,/trinity/home/m.romanov/benchmarking/datasets/MIST_HER2/trainA/HE/48M2101314_40_37.jpg,/trinity/home/m.romanov/benchmarking/datasets/MIST_HER2/trainB/IHC/48M2101314_40_37.jpg
6M2103024,6M2103024_21_6,0,0,2,/trinity/home/m.romanov/benchmarking/datasets/MIST_HER2/trainA/HE/6M2103024_21_6.jpg,/trinity/home/m.romanov/benchmarking/datasets/MIST_HER2/trainB/IHC/6M2103024_21_6.jpg
94M2100142,94M2100142_26_14,0,0,2,/trinity/home/m.romanov/benchmarking/datasets/MIST_HER2/trainA/HE/94M2100142_26_14.jpg,/trinity/home/m.romanov/benchmarking/datasets/MIST_HER2/trainB/IHC/94M2100142_26_14.jpg
40M2101566,40M2101566_27_11,0,0,2,/trinity/home/m.romanov/benchmarking/datasets/MIST_HER2/trainA/HE/40M2101566_27_11.jpg,/trinity/home/m.romanov/benchmarking/datasets/MIST_HER2/trainB/IHC/40M2101566_27_11.jpg
2M2103108,2M2103108_12_13,0,0,2,/trinity/home/m.romanov/benchmarking/datasets/MIST_HER2/trainA/HE/2M2103108_12_13.jpg,/trinity/home/m.romanov/benchmarking/datasets/MIST_HER2/trainB/IHC/2M2103108_12_13.jpg
62M2100915,62M2100915_17_3,0,0,2,/trinity/home/m.romanov/benchmarking/datasets/MIST_HER2/trainA/HE/62M2100915_17_3.jpg,/trinity/home/m.romanov/benchmarking/datasets/MIST_HER2/trainB/IHC/62M2100915_17_3.jpg
98M2004096,98M2004096_12_8,0,0,2,/trinity/home/m.romanov/benchmarking/datasets/MIST_HER2/trainA/HE/98M2004096_12_8.jpg,/trinity/home/m.romanov/benchmarking/datasets/MIST_HER2/trainB/IHC/98M2004096_12_8.jpg
52M2101275,52M2101275_20_12,0,0,2,/trinity/home/m.romanov/benchmarking/datasets/MIST_HER2/trainA/HE/52M2101275_20_12.jpg,/trinity/home/m.romanov/benchmarking/datasets/MIST_HER2/trainB/IHC/52M2101275_20_12.jpg
25M2102060,25M2102060_4_18,0,0,2,/trinity/home/m.romanov/benchmarking/datasets/MIST_HER2/trainA/HE/25M2102060_4_18.jpg,/trinity/home/m.romanov/benchmarking/datasets/MIST_HER2/trainB/IHC/25M2102060_4_18.jpg
44M2101492,44M2101492_20_29,0,0,2,/trinity/home/m.romanov/benchmarking/datasets/MIST_HER2/trainA/HE/44M2101492_20_29.jpg,/trinity/home/m.romanov/benchmarking/datasets/MIST_HER2/trainB/IHC/44M2101492_20_29.jpg
76M2100485,76M2100485_18_13,0,0,2,/trinity/home/m.romanov/benchmarking/datasets/MIST_HER2/trainA/HE/76M2100485_18_13.jpg,/trinity/home/m.romanov/benchmarking/datasets/MIST_HER2/trainB/IHC/76M2100485_18_13.jpg
67M2100642,67M2100642_5_12,0,0,2,/trinity/home/m.romanov/benchmarking/datasets/MIST_HER2/trainA/HE/67M2100642_5_12.jpg,/trinity/home/m.romanov/benchmarking/datasets/MIST_HER2/trainB/IHC/67M2100642_5_12.jpg
2M2103108,2M2103108_23_24,0,0,2,/trinity/home/m.romanov/benchmarking/datasets/MIST_HER2/trainA/HE/2M2103108_23_24.jpg,/trinity/home/m.romanov/benchmarking/datasets/MIST_HER2/trainB/IHC/2M2103108_23_24.jpg
53M2101258,53M2101258_21_40,0,0,2,/trinity/home/m.romanov/benchmarking/datasets/MIST_HER2/trainA/HE/53M2101258_21_40.jpg,/trinity/home/m.romanov/benchmarking/datasets/MIST_HER2/trainB/IHC/53M2101258_21_40.jpg
14M2102785,14M2102785_26_16,0,0,2,/trinity/home/m.romanov/benchmarking/datasets/MIST_HER2/trainA/HE/14M2102785_26_16.jpg,/trinity/home/m.romanov/benchmarking/datasets/MIST_HER2/trainB/IHC/14M2102785_26_16.jpg
99M2004082,99M2004082_24_11,0,0,2,/trinity/home/m.romanov/benchmarking/datasets/MIST_HER2/trainA/HE/99M2004082_24_11.jpg,/trinity/home/m.romanov/benchmarking/datasets/MIST_HER2/trainB/IHC/99M2004082_24_11.jpg
69M2100632,69M2100632_33_11,0,0,2,/trinity/home/m.romanov/benchmarking/datasets/MIST_HER2/trainA/HE/69M2100632_33_11.jpg,/trinity/home/m.romanov/benchmarking/datasets/MIST_HER2/trainB/IHC/69M2100632_33_11.jpg
94M2100142,94M2100142_24_17,0,0,2,/trinity/home/m.romanov/benchmarking/datasets/MIST_HER2/trainA/HE/94M2100142_24_17.jpg,/trinity/home/m.romanov/benchmarking/datasets/MIST_HER2/trainB/IHC/94M2100142_24_17.jpg
6M2103024,6M2103024_23_11,0,0,2,/trinity/home/m.romanov/benchmarking/datasets/MIST_HER2/trainA/HE/6M2103024_23_11.jpg,/trinity/home/m.romanov/benchmarking/datasets/MIST_HER2/trainB/IHC/6M2103024_23_11.jpg
97M2100034,97M2100034_26_9,0,0,2,/trinity/home/m.romanov/benchmarking/datasets/MIST_HER2/trainA/HE/97M2100034_26_9.jpg,/trinity/home/m.romanov/benchmarking/datasets/MIST_HER2/trainB/IHC/97M2100034_26_9.jpg
33M2101839,33M2101839_10_13,0,0,2,/trinity/home/m.romanov/benchmarking/datasets/MIST_HER2/trainA/HE/33M2101839_10_13.jpg,/trinity/home/m.romanov/benchmarking/datasets/MIST_HER2/trainB/IHC/33M2101839_10_13.jpg
25M2102060,25M2102060_30_18,0,0,2,/trinity/home/m.romanov/benchmarking/datasets/MIST_HER2/trainA/HE/25M2102060_30_18.jpg,/trinity/home/m.romanov/benchmarking/datasets/MIST_HER2/trainB/IHC/25M2102060_30_18.jpg
40M2101566,40M2101566_21_23,0,0,2,/trinity/home/m.romanov/benchmarking/datasets/MIST_HER2/trainA/HE/40M2101566_21_23.jpg,/trinity/home/m.romanov/benchmarking/datasets/MIST_HER2/trainB/IHC/40M2101566_21_23.jpg
48M2101314,48M2101314_9_9,0,0,2,/trinity/home/m.romanov/benchmarking/datasets/MIST_HER2/trainA/HE/48M2101314_9_9.jpg,/trinity/home/m.romanov/benchmarking/datasets/MIST_HER2/trainB/IHC/48M2101314_9_9.jpg
74M2100526,74M2100526_14_26,0,0,2,/trinity/home/m.romanov/benchmarking/datasets/MIST_HER2/trainA/HE/74M2100526_14_26.jpg,/trinity/home/m.romanov/benchmarking/datasets/MIST_HER2/trainB/IHC/74M2100526_14_26.jpg
14M2102785,14M2102785_22_19,0,0,2,/trinity/home/m.romanov/benchmarking/datasets/MIST_HER2/trainA/HE/14M2102785_22_19.jpg,/trinity/home/m.romanov/benchmarking/datasets/MIST_HER2/trainB/IHC/14M2102785_22_19.jpg
4M2103059,4M2103059_25_11,0,0,2,/trinity/home/m.romanov/benchmarking/datasets/MIST_HER2/trainA/HE/4M2103059_25_11.jpg,/trinity/home/m.romanov/benchmarking/datasets/MIST_HER2/trainB/IHC/4M2103059_25_11.jpg
4M2103059,4M2103059_20_7,0,0,2,/trinity/home/m.romanov/benchmarking/datasets/MIST_HER2/trainA/HE/4M2103059_20_7.jpg,/trinity/home/m.romanov/benchmarking/datasets/MIST_HER2/trainB/IHC/4M2103059_20_7.jpg
80M2100377,80M2100377_11_31,0,0,2,/trinity/home/m.romanov/benchmarking/datasets/MIST_HER2/trainA/HE/80M2100377_11_31.jpg,/trinity/home/m.romanov/benchmarking/datasets/MIST_HER2/trainB/IHC/80M2100377_11_31.jpg
76M2100485,76M2100485_17_11,0,0,2,/trinity/home/m.romanov/benchmarking/datasets/MIST_HER2/trainA/HE/76M2100485_17_11.jpg,/trinity/home/m.romanov/benchmarking/datasets/MIST_HER2/trainB/IHC/76M2100485_17_11.jpg
54M2101205,54M2101205_17_14,0,0,2,/trinity/home/m.romanov/benchmarking/datasets/MIST_HER2/trainA/HE/54M2101205_17_14.jpg,/trinity/home/m.romanov/benchmarking/datasets/MIST_HER2/trainB/IHC/54M2101205_17_14.jpg
56M2101083,56M2101083_27_36,0,0,2,/trinity/home/m.romanov/benchmarking/datasets/MIST_HER2/trainA/HE/56M2101083_27_36.jpg,/trinity/home/m.romanov/benchmarking/datasets/MIST_HER2/trainB/IHC/56M2101083_27_36.jpg
44M2101492,44M2101492_12_37,0,0,2,/trinity/home/m.romanov/benchmarking/datasets/MIST_HER2/trainA/HE/44M2101492_12_37.jpg,/trinity/home/m.romanov/benchmarking/datasets/MIST_HER2/trainB/IHC/44M2101492_12_37.jpg
69M2100632,69M2100632_19_13,0,0,2,/trinity/home/m.romanov/benchmarking/datasets/MIST_HER2/trainA/HE/69M2100632_19_13.jpg,/trinity/home/m.romanov/benchmarking/datasets/MIST_HER2/trainB/IHC/69M2100632_19_13.jpg
2M2103108,2M2103108_28_19,0,0,2,/trinity/home/m.romanov/benchmarking/datasets/MIST_HER2/trainA/HE/2M2103108_28_19.jpg,/trinity/home/m.romanov/benchmarking/datasets/MIST_HER2/trainB/IHC/2M2103108_28_19.jpg
74M2100526,74M2100526_30_17,0,0,2,/trinity/home/m.romanov/benchmarking/datasets/MIST_HER2/trainA/HE/74M2100526_30_17.jpg,/trinity/home/m.romanov/benchmarking/datasets/MIST_HER2/trainB/IHC/74M2100526_30_17.jpg
93M2100147,93M2100147_13_6,0,0,2,/trinity/home/m.romanov/benchmarking/datasets/MIST_HER2/trainA/HE/93M2100147_13_6.jpg,/trinity/home/m.romanov/benchmarking/datasets/MIST_HER2/trainB/IHC/93M2100147_13_6.jpg
77M2100464,77M2100464_24_14,0,0,2,/trinity/home/m.romanov/benchmarking/datasets/MIST_HER2/trainA/HE/77M2100464_24_14.jpg,/trinity/home/m.romanov/benchmarking/datasets/MIST_HER2/trainB/IHC/77M2100464_24_14.jpg
25M2102060,25M2102060_31_19,0,0,2,/trinity/home/m.romanov/benchmarking/datasets/MIST_HER2/trainA/HE/25M2102060_31_19.jpg,/trinity/home/m.romanov/benchmarking/datasets/MIST_HER2/trainB/IHC/25M2102060_31_19.jpg
16M2102718,16M2102718_21_25,0,0,2,/trinity/home/m.romanov/benchmarking/datasets/MIST_HER2/trainA/HE/16M2102718_21_25.jpg,/trinity/home/m.romanov/benchmarking/datasets/MIST_HER2/trainB/IHC/16M2102718_21_25.jpg
19M2102438,19M2102438_18_24,0,0,2,/trinity/home/m.romanov/benchmarking/datasets/MIST_HER2/trainA/HE/19M2102438_18_24.jpg,/trinity/home/m.romanov/benchmarking/datasets/MIST_HER2/trainB/IHC/19M2102438_18_24.jpg
28M2101987,28M2101987_23_17,0,0,2,/trinity/home/m.romanov/benchmarking/datasets/MIST_HER2/trainA/HE/28M2101987_23_17.jpg,/trinity/home/m.romanov/benchmarking/datasets/MIST_HER2/trainB/IHC/28M2101987_23_17.jpg
88M2100218,88M2100218_22_14,0,0,2,/trinity/home/m.romanov/benchmarking/datasets/MIST_HER2/trainA/HE/88M2100218_22_14.jpg,/trinity/home/m.romanov/benchmarking/datasets/MIST_HER2/trainB/IHC/88M2100218_22_14.jpg
97M2100034,97M2100034_29_10,0,0,2,/trinity/home/m.romanov/benchmarking/datasets/MIST_HER2/trainA/HE/97M2100034_29_10.jpg,/trinity/home/m.romanov/benchmarking/datasets/MIST_HER2/trainB/IHC/97M2100034_29_10.jpg
89M2100212,89M2100212_18_18,0,0,2,/trinity/home/m.romanov/benchmarking/datasets/MIST_HER2/trainA/HE/89M2100212_18_18.jpg,/trinity/home/m.romanov/benchmarking/datasets/MIST_HER2/trainB/IHC/89M2100212_18_18.jpg
45M2101377,45M2101377_23_14,0,0,2,/trinity/home/m.romanov/benchmarking/datasets/MIST_HER2/trainA/HE/45M2101377_23_14.jpg,/trinity/home/m.romanov/benchmarking/datasets/MIST_HER2/trainB/IHC/45M2101377_23_14.jpg
59M2100987,59M2100987_22_27,0,0,2,/trinity/home/m.romanov/benchmarking/datasets/MIST_HER2/trainA/HE/59M2100987_22_27.jpg,/trinity/home/m.romanov/benchmarking/datasets/MIST_HER2/trainB/IHC/59M2100987_22_27.jpg
93M2100147,93M2100147_10_18,0,0,2,/trinity/home/m.romanov/benchmarking/datasets/MIST_HER2/trainA/HE/93M2100147_10_18.jpg,/trinity/home/m.romanov/benchmarking/datasets/MIST_HER2/trainB/IHC/93M2100147_10_18.jpg
39M2101576,39M2101576_25_7,0,0,2,/trinity/home/m.romanov/benchmarking/datasets/MIST_HER2/trainA/HE/39M2101576_25_7.jpg,/trinity/home/m.romanov/benchmarking/datasets/MIST_HER2/trainB/IHC/39M2101576_25_7.jpg
44M2101492,44M2101492_24_22,0,0,2,/trinity/home/m.romanov/benchmarking/datasets/MIST_HER2/trainA/HE/44M2101492_24_22.jpg,/trinity/home/m.romanov/benchmarking/datasets/MIST_HER2/trainB/IHC/44M2101492_24_22.jpg
80M2100377,80M2100377_19_20,0,0,2,/trinity/home/m.romanov/benchmarking/datasets/MIST_HER2/trainA/HE/80M2100377_19_20.jpg,/trinity/home/m.romanov/benchmarking/datasets/MIST_HER2/trainB/IHC/80M2100377_19_20.jpg
76M2100485,76M2100485_23_10,0,0,2,/trinity/home/m.romanov/benchmarking/datasets/MIST_HER2/trainA/HE/76M2100485_23_10.jpg,/trinity/home/m.romanov/benchmarking/datasets/MIST_HER2/trainB/IHC/76M2100485_23_10.jpg
25M2102060,25M2102060_6_7,0,0,2,/trinity/home/m.romanov/benchmarking/datasets/MIST_HER2/trainA/HE/25M2102060_6_7.jpg,/trinity/home/m.romanov/benchmarking/datasets/MIST_HER2/trainB/IHC/25M2102060_6_7.jpg
74M2100526,74M2100526_21_27,0,0,2,/trinity/home/m.romanov/benchmarking/datasets/MIST_HER2/trainA/HE/74M2100526_21_27.jpg,/trinity/home/m.romanov/benchmarking/datasets/MIST_HER2/trainB/IHC/74M2100526_21_27.jpg
93M2100147,93M2100147_11_5,0,0,2,/trinity/home/m.romanov/benchmarking/datasets/MIST_HER2/trainA/HE/93M2100147_11_5.jpg,/trinity/home/m.romanov/benchmarking/datasets/MIST_HER2/trainB/IHC/93M2100147_11_5.jpg
28M2101987,28M2101987_41_13,0,0,2,/trinity/home/m.romanov/benchmarking/datasets/MIST_HER2/trainA/HE/28M2101987_41_13.jpg,/trinity/home/m.romanov/benchmarking/datasets/MIST_HER2/trainB/IHC/28M2101987_41_13.jpg
69M2100632,69M2100632_10_28,0,0,2,/trinity/home/m.romanov/benchmarking/datasets/MIST_HER2/trainA/HE/69M2100632_10_28.jpg,/trinity/home/m.romanov/benchmarking/datasets/MIST_HER2/trainB/IHC/69M2100632_10_28.jpg
19M2102438,19M2102438_23_27,0,0,2,/trinity/home/m.romanov/benchmarking/datasets/MIST_HER2/trainA/HE/19M2102438_23_27.jpg,/trinity/home/m.romanov/benchmarking/datasets/MIST_HER2/trainB/IHC/19M2102438_23_27.jpg
30M2101953,30M2101953_10_13,0,0,2,/trinity/home/m.romanov/benchmarking/datasets/MIST_HER2/trainA/HE/30M2101953_10_13.jpg,/trinity/home/m.romanov/benchmarking/datasets/MIST_HER2/trainB/IHC/30M2101953_10_13.jpg
15M2102762,15M2102762_13_15,0,0,2,/trinity/home/m.romanov/benchmarking/datasets/MIST_HER2/trainA/HE/15M2102762_13_15.jpg,/trinity/home/m.romanov/benchmarking/datasets/MIST_HER2/trainB/IHC/15M2102762_13_15.jpg
68M2100640,68M2100640_25_14,0,0,2,/trinity/home/m.romanov/benchmarking/datasets/MIST_HER2/trainA/HE/68M2100640_25_14.jpg,/trinity/home/m.romanov/benchmarking/datasets/MIST_HER2/trainB/IHC/68M2100640_25_14.jpg
74M2100526,74M2100526_25_15,0,0,2,/trinity/home/m.romanov/benchmarking/datasets/MIST_HER2/trainA/HE/74M2100526_25_15.jpg,/trinity/home/m.romanov/benchmarking/datasets/MIST_HER2/trainB/IHC/74M2100526_25_15.jpg
59M2100987,59M2100987_26_18,0,0,2,/trinity/home/m.romanov/benchmarking/datasets/MIST_HER2/trainA/HE/59M2100987_26_18.jpg,/trinity/home/m.romanov/benchmarking/datasets/MIST_HER2/trainB/IHC/59M2100987_26_18.jpg
44M2101492,44M2101492_26_29,0,0,2,/trinity/home/m.romanov/benchmarking/datasets/MIST_HER2/trainA/HE/44M2101492_26_29.jpg,/trinity/home/m.romanov/benchmarking/datasets/MIST_HER2/trainB/IHC/44M2101492_26_29.jpg
88M2100218,88M2100218_21_6,0,0,2,/trinity/home/m.romanov/benchmarking/datasets/MIST_HER2/trainA/HE/88M2100218_21_6.jpg,/trinity/home/m.romanov/benchmarking/datasets/MIST_HER2/trainB/IHC/88M2100218_21_6.jpg
4M2103059,4M2103059_16_6,0,0,2,/trinity/home/m.romanov/benchmarking/datasets/MIST_HER2/trainA/HE/4M2103059_16_6.jpg,/trinity/home/m.romanov/benchmarking/datasets/MIST_HER2/trainB/IHC/4M2103059_16_6.jpg
65M2100668,65M2100668_12_14,0,0,2,/trinity/home/m.romanov/benchmarking/datasets/MIST_HER2/trainA/HE/65M2100668_12_14.jpg,/trinity/home/m.romanov/benchmarking/datasets/MIST_HER2/trainB/IHC/65M2100668_12_14.jpg
22M2102266,22M2102266_15_21,0,0,2,/trinity/home/m.romanov/benchmarking/datasets/MIST_HER2/trainA/HE/22M2102266_15_21.jpg,/trinity/home/m.romanov/benchmarking/datasets/MIST_HER2/trainB/IHC/22M2102266_15_21.jpg
25M2102060,25M2102060_36_25,0,0,2,/trinity/home/m.romanov/benchmarking/datasets/MIST_HER2/trainA/HE/25M2102060_36_25.jpg,/trinity/home/m.romanov/benchmarking/datasets/MIST_HER2/trainB/IHC/25M2102060_36_25.jpg
16M2102718,16M2102718_11_8,0,0,2,/trinity/home/m.romanov/benchmarking/datasets/MIST_HER2/trainA/HE/16M2102718_11_8.jpg,/trinity/home/m.romanov/benchmarking/datasets/MIST_HER2/trainB/IHC/16M2102718_11_8.jpg
46M2101353,46M2101353_32_8,0,0,2,/trinity/home/m.romanov/benchmarking/datasets/MIST_HER2/trainA/HE/46M2101353_32_8.jpg,/trinity/home/m.romanov/benchmarking/datasets/MIST_HER2/trainB/IHC/46M2101353_32_8.jpg
97M2100034,97M2100034_16_18,0,0,2,/trinity/home/m.romanov/benchmarking/datasets/MIST_HER2/trainA/HE/97M2100034_16_18.jpg,/trinity/home/m.romanov/benchmarking/datasets/MIST_HER2/trainB/IHC/97M2100034_16_18.jpg
76M2100485,76M2100485_27_19,0,0,2,/trinity/home/m.romanov/benchmarking/datasets/MIST_HER2/trainA/HE/76M2100485_27_19.jpg,/trinity/home/m.romanov/benchmarking/datasets/MIST_HER2/trainB/IHC/76M2100485_27_19.jpg
60M2100980,60M2100980_16_21,0,0,2,/trinity/home/m.romanov/benchmarking/datasets/MIST_HER2/trainA/HE/60M2100980_16_21.jpg,/trinity/home/m.romanov/benchmarking/datasets/MIST_HER2/trainB/IHC/60M2100980_16_21.jpg
57M2101034,57M2101034_31_27,0,0,2,/trinity/home/m.romanov/benchmarking/datasets/MIST_HER2/trainA/HE/57M2101034_31_27.jpg,/trinity/home/m.romanov/benchmarking/datasets/MIST_HER2/trainB/IHC/57M2101034_31_27.jpg
48M2101314,48M2101314_7_23,0,0,2,/trinity/home/m.romanov/benchmarking/datasets/MIST_HER2/trainA/HE/48M2101314_7_23.jpg,/trinity/home/m.romanov/benchmarking/datasets/MIST_HER2/trainB/IHC/48M2101314_7_23.jpg
94M2100142,94M2100142_29_8,0,0,2,/trinity/home/m.romanov/benchmarking/datasets/MIST_HER2/trainA/HE/94M2100142_29_8.jpg,/trinity/home/m.romanov/benchmarking/datasets/MIST_HER2/trainB/IHC/94M2100142_29_8.jpg
28M2101987,28M2101987_19_10,0,0,2,/trinity/home/m.romanov/benchmarking/datasets/MIST_HER2/trainA/HE/28M2101987_19_10.jpg,/trinity/home/m.romanov/benchmarking/datasets/MIST_HER2/trainB/IHC/28M2101987_19_10.jpg
28M2101987,28M2101987_20_8,0,0,2,/trinity/home/m.romanov/benchmarking/datasets/MIST_HER2/trainA/HE/28M2101987_20_8.jpg,/trinity/home/m.romanov/benchmarking/datasets/MIST_HER2/trainB/IHC/28M2101987_20_8.jpg
52M2101275,52M2101275_7_10,0,0,2,/trinity/home/m.romanov/benchmarking/datasets/MIST_HER2/trainA/HE/52M2101275_7_10.jpg,/trinity/home/m.romanov/benchmarking/datasets/MIST_HER2/trainB/IHC/52M2101275_7_10.jpg
31M2101871,31M2101871_35_18,0,0,2,/trinity/home/m.romanov/benchmarking/datasets/MIST_HER2/trainA/HE/31M2101871_35_18.jpg,/trinity/home/m.romanov/benchmarking/datasets/MIST_HER2/trainB/IHC/31M2101871_35_18.jpg
77M2100464,77M2100464_10_20,0,0,2,/trinity/home/m.romanov/benchmarking/datasets/MIST_HER2/trainA/HE/77M2100464_10_20.jpg,/trinity/home/m.romanov/benchmarking/datasets/MIST_HER2/trainB/IHC/77M2100464_10_20.jpg
31M2101871,31M2101871_36_18,0,0,2,/trinity/home/m.romanov/benchmarking/datasets/MIST_HER2/trainA/HE/31M2101871_36_18.jpg,/trinity/home/m.romanov/benchmarking/datasets/MIST_HER2/trainB/IHC/31M2101871_36_18.jpg
31M2101871,31M2101871_16_24,0,0,2,/trinity/home/m.romanov/benchmarking/datasets/MIST_HER2/trainA/HE/31M2101871_16_24.jpg,/trinity/home/m.romanov/benchmarking/datasets/MIST_HER2/trainB/IHC/31M2101871_16_24.jpg
79M2100417,79M2100417_14_11,0,0,2,/trinity/home/m.romanov/benchmarking/datasets/MIST_HER2/trainA/HE/79M2100417_14_11.jpg,/trinity/home/m.romanov/benchmarking/datasets/MIST_HER2/trainB/IHC/79M2100417_14_11.jpg
23M2102136,23M2102136_21_7,0,0,2,/trinity/home/m.romanov/benchmarking/datasets/MIST_HER2/trainA/HE/23M2102136_21_7.jpg,/trinity/home/m.romanov/benchmarking/datasets/MIST_HER2/trainB/IHC/23M2102136_21_7.jpg
51M2101285,51M2101285_3_14,0,0,2,/trinity/home/m.romanov/benchmarking/datasets/MIST_HER2/trainA/HE/51M2101285_3_14.jpg,/trinity/home/m.romanov/benchmarking/datasets/MIST_HER2/trainB/IHC/51M2101285_3_14.jpg
65M2100668,65M2100668_20_7,0,0,2,/trinity/home/m.romanov/benchmarking/datasets/MIST_HER2/trainA/HE/65M2100668_20_7.jpg,/trinity/home/m.romanov/benchmarking/datasets/MIST_HER2/trainB/IHC/65M2100668_20_7.jpg
98M2004096,98M2004096_9_3,0,0,2,/trinity/home/m.romanov/benchmarking/datasets/MIST_HER2/trainA/HE/98M2004096_9_3.jpg,/trinity/home/m.romanov/benchmarking/datasets/MIST_HER2/trainB/IHC/98M2004096_9_3.jpg
52M2101275,52M2101275_14_8,0,0,2,/trinity/home/m.romanov/benchmarking/datasets/MIST_HER2/trainA/HE/52M2101275_14_8.jpg,/trinity/home/m.romanov/benchmarking/datasets/MIST_HER2/trainB/IHC/52M2101275_14_8.jpg
88M2100218,88M2100218_23_20,0,0,2,/trinity/home/m.romanov/benchmarking/datasets/MIST_HER2/trainA/HE/88M2100218_23_20.jpg,/trinity/home/m.romanov/benchmarking/datasets/MIST_HER2/trainB/IHC/88M2100218_23_20.jpg
39M2101576,39M2101576_19_6,0,0,2,/trinity/home/m.romanov/benchmarking/datasets/MIST_HER2/trainA/HE/39M2101576_19_6.jpg,/trinity/home/m.romanov/benchmarking/datasets/MIST_HER2/trainB/IHC/39M2101576_19_6.jpg
31M2101871,31M2101871_18_21,0,0,2,/trinity/home/m.romanov/benchmarking/datasets/MIST_HER2/trainA/HE/31M2101871_18_21.jpg,/trinity/home/m.romanov/benchmarking/datasets/MIST_HER2/trainB/IHC/31M2101871_18_21.jpg
91M2100173,91M2100173_7_16,0,0,2,/trinity/home/m.romanov/benchmarking/datasets/MIST_HER2/trainA/HE/91M2100173_7_16.jpg,/trinity/home/m.romanov/benchmarking/datasets/MIST_HER2/trainB/IHC/91M2100173_7_16.jpg
94M2100142,94M2100142_15_19,0,0,2,/trinity/home/m.romanov/benchmarking/datasets/MIST_HER2/trainA/HE/94M2100142_15_19.jpg,/trinity/home/m.romanov/benchmarking/datasets/MIST_HER2/trainB/IHC/94M2100142_15_19.jpg
65M2100668,65M2100668_22_6,0,0,2,/trinity/home/m.romanov/benchmarking/datasets/MIST_HER2/trainA/HE/65M2100668_22_6.jpg,/trinity/home/m.romanov/benchmarking/datasets/MIST_HER2/trainB/IHC/65M2100668_22_6.jpg
45M2101377,45M2101377_20_3,0,0,2,/trinity/home/m.romanov/benchmarking/datasets/MIST_HER2/trainA/HE/45M2101377_20_3.jpg,/trinity/home/m.romanov/benchmarking/datasets/MIST_HER2/trainB/IHC/45M2101377_20_3.jpg
25M2102060,25M2102060_12_19,0,0,2,/trinity/home/m.romanov/benchmarking/datasets/MIST_HER2/trainA/HE/25M2102060_12_19.jpg,/trinity/home/m.romanov/benchmarking/datasets/MIST_HER2/trainB/IHC/25M2102060_12_19.jpg
81M2100356,81M2100356_19_11,0,0,2,/trinity/home/m.romanov/benchmarking/datasets/MIST_HER2/trainA/HE/81M2100356_19_11.jpg,/trinity/home/m.romanov/benchmarking/datasets/MIST_HER2/trainB/IHC/81M2100356_19_11.jpg
75M2100521,75M2100521_16_14,0,0,2,/trinity/home/m.romanov/benchmarking/datasets/MIST_HER2/trainA/HE/75M2100521_16_14.jpg,/trinity/home/m.romanov/benchmarking/datasets/MIST_HER2/trainB/IHC/75M2100521_16_14.jpg
70M2100623,70M2100623_44_12,0,0,2,/trinity/home/m.romanov/benchmarking/datasets/MIST_HER2/trainA/HE/70M2100623_44_12.jpg,/trinity/home/m.romanov/benchmarking/datasets/MIST_HER2/trainB/IHC/70M2100623_44_12.jpg
79M2100417,79M2100417_20_10,0,0,2,/trinity/home/m.romanov/benchmarking/datasets/MIST_HER2/trainA/HE/79M2100417_20_10.jpg,/trinity/home/m.romanov/benchmarking/datasets/MIST_HER2/trainB/IHC/79M2100417_20_10.jpg
16M2102718,16M2102718_15_19,0,0,2,/trinity/home/m.romanov/benchmarking/datasets/MIST_HER2/trainA/HE/16M2102718_15_19.jpg,/trinity/home/m.romanov/benchmarking/datasets/MIST_HER2/trainB/IHC/16M2102718_15_19.jpg
69M2100632,69M2100632_14_17,0,0,2,/trinity/home/m.romanov/benchmarking/datasets/MIST_HER2/trainA/HE/69M2100632_14_17.jpg,/trinity/home/m.romanov/benchmarking/datasets/MIST_HER2/trainB/IHC/69M2100632_14_17.jpg
40M2101566,40M2101566_13_30,0,0,2,/trinity/home/m.romanov/benchmarking/datasets/MIST_HER2/trainA/HE/40M2101566_13_30.jpg,/trinity/home/m.romanov/benchmarking/datasets/MIST_HER2/trainB/IHC/40M2101566_13_30.jpg
51M2101285,51M2101285_29_8,0,0,2,/trinity/home/m.romanov/benchmarking/datasets/MIST_HER2/trainA/HE/51M2101285_29_8.jpg,/trinity/home/m.romanov/benchmarking/datasets/MIST_HER2/trainB/IHC/51M2101285_29_8.jpg
88M2100218,88M2100218_8_24,0,0,2,/trinity/home/m.romanov/benchmarking/datasets/MIST_HER2/trainA/HE/88M2100218_8_24.jpg,/trinity/home/m.romanov/benchmarking/datasets/MIST_HER2/trainB/IHC/88M2100218_8_24.jpg
16M2102718,16M2102718_16_20,0,0,2,/trinity/home/m.romanov/benchmarking/datasets/MIST_HER2/trainA/HE/16M2102718_16_20.jpg,/trinity/home/m.romanov/benchmarking/datasets/MIST_HER2/trainB/IHC/16M2102718_16_20.jpg
77M2100464,77M2100464_19_25,0,0,2,/trinity/home/m.romanov/benchmarking/datasets/MIST_HER2/trainA/HE/77M2100464_19_25.jpg,/trinity/home/m.romanov/benchmarking/datasets/MIST_HER2/trainB/IHC/77M2100464_19_25.jpg
60M2100980,60M2100980_33_22,0,0,2,/trinity/home/m.romanov/benchmarking/datasets/MIST_HER2/trainA/HE/60M2100980_33_22.jpg,/trinity/home/m.romanov/benchmarking/datasets/MIST_HER2/trainB/IHC/60M2100980_33_22.jpg
4M2103059,4M2103059_24_19,0,0,2,/trinity/home/m.romanov/benchmarking/datasets/MIST_HER2/trainA/HE/4M2103059_24_19.jpg,/trinity/home/m.romanov/benchmarking/datasets/MIST_HER2/trainB/IHC/4M2103059_24_19.jpg
60M2100980,60M2100980_35_22,0,0,2,/trinity/home/m.romanov/benchmarking/datasets/MIST_HER2/trainA/HE/60M2100980_35_22.jpg,/trinity/home/m.romanov/benchmarking/datasets/MIST_HER2/trainB/IHC/60M2100980_35_22.jpg
88M2100218,88M2100218_11_13,0,0,2,/trinity/home/m.romanov/benchmarking/datasets/MIST_HER2/trainA/HE/88M2100218_11_13.jpg,/trinity/home/m.romanov/benchmarking/datasets/MIST_HER2/trainB/IHC/88M2100218_11_13.jpg
39M2101576,39M2101576_21_16,0,0,2,/trinity/home/m.romanov/benchmarking/datasets/MIST_HER2/trainA/HE/39M2101576_21_16.jpg,/trinity/home/m.romanov/benchmarking/datasets/MIST_HER2/trainB/IHC/39M2101576_21_16.jpg
77M2100464,77M2100464_16_4,0,0,2,/trinity/home/m.romanov/benchmarking/datasets/MIST_HER2/trainA/HE/77M2100464_16_4.jpg,/trinity/home/m.romanov/benchmarking/datasets/MIST_HER2/trainB/IHC/77M2100464_16_4.jpg
58M2100997,58M2100997_13_18,0,0,2,/trinity/home/m.romanov/benchmarking/datasets/MIST_HER2/trainA/HE/58M2100997_13_18.jpg,/trinity/home/m.romanov/benchmarking/datasets/MIST_HER2/trainB/IHC/58M2100997_13_18.jpg
4M2103059,4M2103059_19_10,0,0,2,/trinity/home/m.romanov/benchmarking/datasets/MIST_HER2/trainA/HE/4M2103059_19_10.jpg,/trinity/home/m.romanov/benchmarking/datasets/MIST_HER2/trainB/IHC/4M2103059_19_10.jpg
62M2100915,62M2100915_34_19,0,0,2,/trinity/home/m.romanov/benchmarking/datasets/MIST_HER2/trainA/HE/62M2100915_34_19.jpg,/trinity/home/m.romanov/benchmarking/datasets/MIST_HER2/trainB/IHC/62M2100915_34_19.jpg
97M2100034,97M2100034_21_5,0,0,2,/trinity/home/m.romanov/benchmarking/datasets/MIST_HER2/trainA/HE/97M2100034_21_5.jpg,/trinity/home/m.romanov/benchmarking/datasets/MIST_HER2/trainB/IHC/97M2100034_21_5.jpg
62M2100915,62M2100915_13_37,0,0,2,/trinity/home/m.romanov/benchmarking/datasets/MIST_HER2/trainA/HE/62M2100915_13_37.jpg,/trinity/home/m.romanov/benchmarking/datasets/MIST_HER2/trainB/IHC/62M2100915_13_37.jpg
83M2100256,83M2100256_26_18,0,0,2,/trinity/home/m.romanov/benchmarking/datasets/MIST_HER2/trainA/HE/83M2100256_26_18.jpg,/trinity/home/m.romanov/benchmarking/datasets/MIST_HER2/trainB/IHC/83M2100256_26_18.jpg
44M2101492,44M2101492_16_37,0,0,2,/trinity/home/m.romanov/benchmarking/datasets/MIST_HER2/trainA/HE/44M2101492_16_37.jpg,/trinity/home/m.romanov/benchmarking/datasets/MIST_HER2/trainB/IHC/44M2101492_16_37.jpg
23M2102136,23M2102136_20_9,0,0,2,/trinity/home/m.romanov/benchmarking/datasets/MIST_HER2/trainA/HE/23M2102136_20_9.jpg,/trinity/home/m.romanov/benchmarking/datasets/MIST_HER2/trainB/IHC/23M2102136_20_9.jpg
88M2100218,88M2100218_25_21,0,0,2,/trinity/home/m.romanov/benchmarking/datasets/MIST_HER2/trainA/HE/88M2100218_25_21.jpg,/trinity/home/m.romanov/benchmarking/datasets/MIST_HER2/trainB/IHC/88M2100218_25_21.jpg
98M2004096,98M2004096_10_5,0,0,2,/trinity/home/m.romanov/benchmarking/datasets/MIST_HER2/trainA/HE/98M2004096_10_5.jpg,/trinity/home/m.romanov/benchmarking/datasets/MIST_HER2/trainB/IHC/98M2004096_10_5.jpg
69M2100632,69M2100632_35_15,0,0,2,/trinity/home/m.romanov/benchmarking/datasets/MIST_HER2/trainA/HE/69M2100632_35_15.jpg,/trinity/home/m.romanov/benchmarking/datasets/MIST_HER2/trainB/IHC/69M2100632_35_15.jpg
19M2102438,19M2102438_32_20,0,0,2,/trinity/home/m.romanov/benchmarking/datasets/MIST_HER2/trainA/HE/19M2102438_32_20.jpg,/trinity/home/m.romanov/benchmarking/datasets/MIST_HER2/trainB/IHC/19M2102438_32_20.jpg
22M2102266,22M2102266_17_24,0,0,2,/trinity/home/m.romanov/benchmarking/datasets/MIST_HER2/trainA/HE/22M2102266_17_24.jpg,/trinity/home/m.romanov/benchmarking/datasets/MIST_HER2/trainB/IHC/22M2102266_17_24.jpg
6M2103024,6M2103024_23_14,0,0,2,/trinity/home/m.romanov/benchmarking/datasets/MIST_HER2/trainA/HE/6M2103024_23_14.jpg,/trinity/home/m.romanov/benchmarking/datasets/MIST_HER2/trainB/IHC/6M2103024_23_14.jpg
46M2101353,46M2101353_16_9,0,0,2,/trinity/home/m.romanov/benchmarking/datasets/MIST_HER2/trainA/HE/46M2101353_16_9.jpg,/trinity/home/m.romanov/benchmarking/datasets/MIST_HER2/trainB/IHC/46M2101353_16_9.jpg
76M2100485,76M2100485_23_11,0,0,2,/trinity/home/m.romanov/benchmarking/datasets/MIST_HER2/trainA/HE/76M2100485_23_11.jpg,/trinity/home/m.romanov/benchmarking/datasets/MIST_HER2/trainB/IHC/76M2100485_23_11.jpg
31M2101871,31M2101871_15_21,0,0,2,/trinity/home/m.romanov/benchmarking/datasets/MIST_HER2/trainA/HE/31M2101871_15_21.jpg,/trinity/home/m.romanov/benchmarking/datasets/MIST_HER2/trainB/IHC/31M2101871_15_21.jpg
25M2102060,25M2102060_15_14,0,0,2,/trinity/home/m.romanov/benchmarking/datasets/MIST_HER2/trainA/HE/25M2102060_15_14.jpg,/trinity/home/m.romanov/benchmarking/datasets/MIST_HER2/trainB/IHC/25M2102060_15_14.jpg
4M2103059,4M2103059_18_18,0,0,2,/trinity/home/m.romanov/benchmarking/datasets/MIST_HER2/trainA/HE/4M2103059_18_18.jpg,/trinity/home/m.romanov/benchmarking/datasets/MIST_HER2/trainB/IHC/4M2103059_18_18.jpg
80M2100377,80M2100377_16_14,0,0,2,/trinity/home/m.romanov/benchmarking/datasets/MIST_HER2/trainA/HE/80M2100377_16_14.jpg,/trinity/home/m.romanov/benchmarking/datasets/MIST_HER2/trainB/IHC/80M2100377_16_14.jpg
40M2101566,40M2101566_19_38,0,0,2,/trinity/home/m.romanov/benchmarking/datasets/MIST_HER2/trainA/HE/40M2101566_19_38.jpg,/trinity/home/m.romanov/benchmarking/datasets/MIST_HER2/trainB/IHC/40M2101566_19_38.jpg
69M2100632,69M2100632_24_17,0,0,2,/trinity/home/m.romanov/benchmarking/datasets/MIST_HER2/trainA/HE/69M2100632_24_17.jpg,/trinity/home/m.romanov/benchmarking/datasets/MIST_HER2/trainB/IHC/69M2100632_24_17.jpg
33M2101839,33M2101839_16_15,0,0,2,/trinity/home/m.romanov/benchmarking/datasets/MIST_HER2/trainA/HE/33M2101839_16_15.jpg,/trinity/home/m.romanov/benchmarking/datasets/MIST_HER2/trainB/IHC/33M2101839_16_15.jpg
69M2100632,69M2100632_35_18,0,0,2,/trinity/home/m.romanov/benchmarking/datasets/MIST_HER2/trainA/HE/69M2100632_35_18.jpg,/trinity/home/m.romanov/benchmarking/datasets/MIST_HER2/trainB/IHC/69M2100632_35_18.jpg
54M2101205,54M2101205_18_16,0,0,2,/trinity/home/m.romanov/benchmarking/datasets/MIST_HER2/trainA/HE/54M2101205_18_16.jpg,/trinity/home/m.romanov/benchmarking/datasets/MIST_HER2/trainB/IHC/54M2101205_18_16.jpg
27M2102007,27M2102007_8_12,0,0,2,/trinity/home/m.romanov/benchmarking/datasets/MIST_HER2/trainA/HE/27M2102007_8_12.jpg,/trinity/home/m.romanov/benchmarking/datasets/MIST_HER2/trainB/IHC/27M2102007_8_12.jpg
31M2101871,31M2101871_5_26,0,0,2,/trinity/home/m.romanov/benchmarking/datasets/MIST_HER2/trainA/HE/31M2101871_5_26.jpg,/trinity/home/m.romanov/benchmarking/datasets/MIST_HER2/trainB/IHC/31M2101871_5_26.jpg
48M2101314,48M2101314_41_27,0,0,2,/trinity/home/m.romanov/benchmarking/datasets/MIST_HER2/trainA/HE/48M2101314_41_27.jpg,/trinity/home/m.romanov/benchmarking/datasets/MIST_HER2/trainB/IHC/48M2101314_41_27.jpg
22M2102266,22M2102266_18_17,0,0,2,/trinity/home/m.romanov/benchmarking/datasets/MIST_HER2/trainA/HE/22M2102266_18_17.jpg,/trinity/home/m.romanov/benchmarking/datasets/MIST_HER2/trainB/IHC/22M2102266_18_17.jpg
94M2100142,94M2100142_29_9,0,0,2,/trinity/home/m.romanov/benchmarking/datasets/MIST_HER2/trainA/HE/94M2100142_29_9.jpg,/trinity/home/m.romanov/benchmarking/datasets/MIST_HER2/trainB/IHC/94M2100142_29_9.jpg
97M2100034,97M2100034_23_12,0,0,2,/trinity/home/m.romanov/benchmarking/datasets/MIST_HER2/trainA/HE/97M2100034_23_12.jpg,/trinity/home/m.romanov/benchmarking/datasets/MIST_HER2/trainB/IHC/97M2100034_23_12.jpg
19M2102438,19M2102438_23_11,0,0,2,/trinity/home/m.romanov/benchmarking/datasets/MIST_HER2/trainA/HE/19M2102438_23_11.jpg,/trinity/home/m.romanov/benchmarking/datasets/MIST_HER2/trainB/IHC/19M2102438_23_11.jpg
67M2100642,67M2100642_13_10,0,0,2,/trinity/home/m.romanov/benchmarking/datasets/MIST_HER2/trainA/HE/67M2100642_13_10.jpg,/trinity/home/m.romanov/benchmarking/datasets/MIST_HER2/trainB/IHC/67M2100642_13_10.jpg
92M2100150,92M2100150_11_12,0,0,2,/trinity/home/m.romanov/benchmarking/datasets/MIST_HER2/trainA/HE/92M2100150_11_12.jpg,/trinity/home/m.romanov/benchmarking/datasets/MIST_HER2/trainB/IHC/92M2100150_11_12.jpg
69M2100632,69M2100632_4_15,0,0,2,/trinity/home/m.romanov/benchmarking/datasets/MIST_HER2/trainA/HE/69M2100632_4_15.jpg,/trinity/home/m.romanov/benchmarking/datasets/MIST_HER2/trainB/IHC/69M2100632_4_15.jpg
75M2100521,75M2100521_26_10,0,0,2,/trinity/home/m.romanov/benchmarking/datasets/MIST_HER2/trainA/HE/75M2100521_26_10.jpg,/trinity/home/m.romanov/benchmarking/datasets/MIST_HER2/trainB/IHC/75M2100521_26_10.jpg
100M2004069,100M2004069_14_14,0,0,2,/trinity/home/m.romanov/benchmarking/datasets/MIST_HER2/trainA/HE/100M2004069_14_14.jpg,/trinity/home/m.romanov/benchmarking/datasets/MIST_HER2/trainB/IHC/100M2004069_14_14.jpg
50M2101298,50M2101298_25_13,0,0,2,/trinity/home/m.romanov/benchmarking/datasets/MIST_HER2/trainA/HE/50M2101298_25_13.jpg,/trinity/home/m.romanov/benchmarking/datasets/MIST_HER2/trainB/IHC/50M2101298_25_13.jpg
54M2101205,54M2101205_14_8,0,0,2,/trinity/home/m.romanov/benchmarking/datasets/MIST_HER2/trainA/HE/54M2101205_14_8.jpg,/trinity/home/m.romanov/benchmarking/datasets/MIST_HER2/trainB/IHC/54M2101205_14_8.jpg
56M2101083,56M2101083_30_19,0,0,2,/trinity/home/m.romanov/benchmarking/datasets/MIST_HER2/trainA/HE/56M2101083_30_19.jpg,/trinity/home/m.romanov/benchmarking/datasets/MIST_HER2/trainB/IHC/56M2101083_30_19.jpg
30M2101953,30M2101953_16_18,0,0,2,/trinity/home/m.romanov/benchmarking/datasets/MIST_HER2/trainA/HE/30M2101953_16_18.jpg,/trinity/home/m.romanov/benchmarking/datasets/MIST_HER2/trainB/IHC/30M2101953_16_18.jpg
60M2100980,60M2100980_30_18,0,0,2,/trinity/home/m.romanov/benchmarking/datasets/MIST_HER2/trainA/HE/60M2100980_30_18.jpg,/trinity/home/m.romanov/benchmarking/datasets/MIST_HER2/trainB/IHC/60M2100980_30_18.jpg
67M2100642,67M2100642_24_15,0,0,2,/trinity/home/m.romanov/benchmarking/datasets/MIST_HER2/trainA/HE/67M2100642_24_15.jpg,/trinity/home/m.romanov/benchmarking/datasets/MIST_HER2/trainB/IHC/67M2100642_24_15.jpg
46M2101353,46M2101353_17_15,0,0,2,/trinity/home/m.romanov/benchmarking/datasets/MIST_HER2/trainA/HE/46M2101353_17_15.jpg,/trinity/home/m.romanov/benchmarking/datasets/MIST_HER2/trainB/IHC/46M2101353_17_15.jpg
14M2102785,14M2102785_16_9,0,0,2,/trinity/home/m.romanov/benchmarking/datasets/MIST_HER2/trainA/HE/14M2102785_16_9.jpg,/trinity/home/m.romanov/benchmarking/datasets/MIST_HER2/trainB/IHC/14M2102785_16_9.jpg
77M2100464,77M2100464_14_14,0,0,2,/trinity/home/m.romanov/benchmarking/datasets/MIST_HER2/trainA/HE/77M2100464_14_14.jpg,/trinity/home/m.romanov/benchmarking/datasets/MIST_HER2/trainB/IHC/77M2100464_14_14.jpg
92M2100150,92M2100150_14_14,0,0,2,/trinity/home/m.romanov/benchmarking/datasets/MIST_HER2/trainA/HE/92M2100150_14_14.jpg,/trinity/home/m.romanov/benchmarking/datasets/MIST_HER2/trainB/IHC/92M2100150_14_14.jpg
2M2103108,2M2103108_31_14,0,0,2,/trinity/home/m.romanov/benchmarking/datasets/MIST_HER2/trainA/HE/2M2103108_31_14.jpg,/trinity/home/m.romanov/benchmarking/datasets/MIST_HER2/trainB/IHC/2M2103108_31_14.jpg
65M2100668,65M2100668_20_24,0,0,2,/trinity/home/m.romanov/benchmarking/datasets/MIST_HER2/trainA/HE/65M2100668_20_24.jpg,/trinity/home/m.romanov/benchmarking/datasets/MIST_HER2/trainB/IHC/65M2100668_20_24.jpg
74M2100526,74M2100526_11_29,0,0,2,/trinity/home/m.romanov/benchmarking/datasets/MIST_HER2/trainA/HE/74M2100526_11_29.jpg,/trinity/home/m.romanov/benchmarking/datasets/MIST_HER2/trainB/IHC/74M2100526_11_29.jpg
57M2101034,57M2101034_30_24,0,0,2,/trinity/home/m.romanov/benchmarking/datasets/MIST_HER2/trainA/HE/57M2101034_30_24.jpg,/trinity/home/m.romanov/benchmarking/datasets/MIST_HER2/trainB/IHC/57M2101034_30_24.jpg
56M2101083,56M2101083_30_26,0,0,2,/trinity/home/m.romanov/benchmarking/datasets/MIST_HER2/trainA/HE/56M2101083_30_26.jpg,/trinity/home/m.romanov/benchmarking/datasets/MIST_HER2/trainB/IHC/56M2101083_30_26.jpg
99M2004082,99M2004082_29_10,0,0,2,/trinity/home/m.romanov/benchmarking/datasets/MIST_HER2/trainA/HE/99M2004082_29_10.jpg,/trinity/home/m.romanov/benchmarking/datasets/MIST_HER2/trainB/IHC/99M2004082_29_10.jpg
83M2100256,83M2100256_32_9,0,0,2,/trinity/home/m.romanov/benchmarking/datasets/MIST_HER2/trainA/HE/83M2100256_32_9.jpg,/trinity/home/m.romanov/benchmarking/datasets/MIST_HER2/trainB/IHC/83M2100256_32_9.jpg
46M2101353,46M2101353_20_4,0,0,2,/trinity/home/m.romanov/benchmarking/datasets/MIST_HER2/trainA/HE/46M2101353_20_4.jpg,/trinity/home/m.romanov/benchmarking/datasets/MIST_HER2/trainB/IHC/46M2101353_20_4.jpg
92M2100150,92M2100150_13_13,0,0,2,/trinity/home/m.romanov/benchmarking/datasets/MIST_HER2/trainA/HE/92M2100150_13_13.jpg,/trinity/home/m.romanov/benchmarking/datasets/MIST_HER2/trainB/IHC/92M2100150_13_13.jpg
46M2101353,46M2101353_20_8,0,0,2,/trinity/home/m.romanov/benchmarking/datasets/MIST_HER2/trainA/HE/46M2101353_20_8.jpg,/trinity/home/m.romanov/benchmarking/datasets/MIST_HER2/trainB/IHC/46M2101353_20_8.jpg
33M2101839,33M2101839_8_5,0,0,2,/trinity/home/m.romanov/benchmarking/datasets/MIST_HER2/trainA/HE/33M2101839_8_5.jpg,/trinity/home/m.romanov/benchmarking/datasets/MIST_HER2/trainB/IHC/33M2101839_8_5.jpg
97M2100034,97M2100034_18_19,0,0,2,/trinity/home/m.romanov/benchmarking/datasets/MIST_HER2/trainA/HE/97M2100034_18_19.jpg,/trinity/home/m.romanov/benchmarking/datasets/MIST_HER2/trainB/IHC/97M2100034_18_19.jpg
33M2101839,33M2101839_9_6,0,0,2,/trinity/home/m.romanov/benchmarking/datasets/MIST_HER2/trainA/HE/33M2101839_9_6.jpg,/trinity/home/m.romanov/benchmarking/datasets/MIST_HER2/trainB/IHC/33M2101839_9_6.jpg
89M2100212,89M2100212_7_20,0,0,2,/trinity/home/m.romanov/benchmarking/datasets/MIST_HER2/trainA/HE/89M2100212_7_20.jpg,/trinity/home/m.romanov/benchmarking/datasets/MIST_HER2/trainB/IHC/89M2100212_7_20.jpg
94M2100142,94M2100142_28_11,0,0,2,/trinity/home/m.romanov/benchmarking/datasets/MIST_HER2/trainA/HE/94M2100142_28_11.jpg,/trinity/home/m.romanov/benchmarking/datasets/MIST_HER2/trainB/IHC/94M2100142_28_11.jpg
76M2100485,76M2100485_20_11,0,0,2,/trinity/home/m.romanov/benchmarking/datasets/MIST_HER2/trainA/HE/76M2100485_20_11.jpg,/trinity/home/m.romanov/benchmarking/datasets/MIST_HER2/trainB/IHC/76M2100485_20_11.jpg
81M2100356,81M2100356_21_22,0,0,2,/trinity/home/m.romanov/benchmarking/datasets/MIST_HER2/trainA/HE/81M2100356_21_22.jpg,/trinity/home/m.romanov/benchmarking/datasets/MIST_HER2/trainB/IHC/81M2100356_21_22.jpg
99M2004082,99M2004082_13_22,0,0,2,/trinity/home/m.romanov/benchmarking/datasets/MIST_HER2/trainA/HE/99M2004082_13_22.jpg,/trinity/home/m.romanov/benchmarking/datasets/MIST_HER2/trainB/IHC/99M2004082_13_22.jpg
74M2100526,74M2100526_24_15,0,0,2,/trinity/home/m.romanov/benchmarking/datasets/MIST_HER2/trainA/HE/74M2100526_24_15.jpg,/trinity/home/m.romanov/benchmarking/datasets/MIST_HER2/trainB/IHC/74M2100526_24_15.jpg
65M2100668,65M2100668_14_9,0,0,2,/trinity/home/m.romanov/benchmarking/datasets/MIST_HER2/trainA/HE/65M2100668_14_9.jpg,/trinity/home/m.romanov/benchmarking/datasets/MIST_HER2/trainB/IHC/65M2100668_14_9.jpg
54M2101205,54M2101205_16_15,0,0,2,/trinity/home/m.romanov/benchmarking/datasets/MIST_HER2/trainA/HE/54M2101205_16_15.jpg,/trinity/home/m.romanov/benchmarking/datasets/MIST_HER2/trainB/IHC/54M2101205_16_15.jpg
81M2100356,81M2100356_17_16,0,0,2,/trinity/home/m.romanov/benchmarking/datasets/MIST_HER2/trainA/HE/81M2100356_17_16.jpg,/trinity/home/m.romanov/benchmarking/datasets/MIST_HER2/trainB/IHC/81M2100356_17_16.jpg
77M2100464,77M2100464_22_5,0,0,2,/trinity/home/m.romanov/benchmarking/datasets/MIST_HER2/trainA/HE/77M2100464_22_5.jpg,/trinity/home/m.romanov/benchmarking/datasets/MIST_HER2/trainB/IHC/77M2100464_22_5.jpg
25M2102060,25M2102060_13_10,0,0,2,/trinity/home/m.romanov/benchmarking/datasets/MIST_HER2/trainA/HE/25M2102060_13_10.jpg,/trinity/home/m.romanov/benchmarking/datasets/MIST_HER2/trainB/IHC/25M2102060_13_10.jpg
98M2004096,98M2004096_22_14,0,0,2,/trinity/home/m.romanov/benchmarking/datasets/MIST_HER2/trainA/HE/98M2004096_22_14.jpg,/trinity/home/m.romanov/benchmarking/datasets/MIST_HER2/trainB/IHC/98M2004096_22_14.jpg
62M2100915,62M2100915_21_29,0,0,2,/trinity/home/m.romanov/benchmarking/datasets/MIST_HER2/trainA/HE/62M2100915_21_29.jpg,/trinity/home/m.romanov/benchmarking/datasets/MIST_HER2/trainB/IHC/62M2100915_21_29.jpg
45M2101377,45M2101377_30_28,0,0,2,/trinity/home/m.romanov/benchmarking/datasets/MIST_HER2/trainA/HE/45M2101377_30_28.jpg,/trinity/home/m.romanov/benchmarking/datasets/MIST_HER2/trainB/IHC/45M2101377_30_28.jpg
81M2100356,81M2100356_28_28,0,0,2,/trinity/home/m.romanov/benchmarking/datasets/MIST_HER2/trainA/HE/81M2100356_28_28.jpg,/trinity/home/m.romanov/benchmarking/datasets/MIST_HER2/trainB/IHC/81M2100356_28_28.jpg
15M2102762,15M2102762_22_9,0,0,2,/trinity/home/m.romanov/benchmarking/datasets/MIST_HER2/trainA/HE/15M2102762_22_9.jpg,/trinity/home/m.romanov/benchmarking/datasets/MIST_HER2/trainB/IHC/15M2102762_22_9.jpg
22M2102266,22M2102266_19_20,0,0,2,/trinity/home/m.romanov/benchmarking/datasets/MIST_HER2/trainA/HE/22M2102266_19_20.jpg,/trinity/home/m.romanov/benchmarking/datasets/MIST_HER2/trainB/IHC/22M2102266_19_20.jpg
10M2102916,10M2102916_17_15,0,0,2,/trinity/home/m.romanov/benchmarking/datasets/MIST_HER2/trainA/HE/10M2102916_17_15.jpg,/trinity/home/m.romanov/benchmarking/datasets/MIST_HER2/trainB/IHC/10M2102916_17_15.jpg
94M2100142,94M2100142_23_16,0,0,2,/trinity/home/m.romanov/benchmarking/datasets/MIST_HER2/trainA/HE/94M2100142_23_16.jpg,/trinity/home/m.romanov/benchmarking/datasets/MIST_HER2/trainB/IHC/94M2100142_23_16.jpg
83M2100256,83M2100256_23_19,0,0,2,/trinity/home/m.romanov/benchmarking/datasets/MIST_HER2/trainA/HE/83M2100256_23_19.jpg,/trinity/home/m.romanov/benchmarking/datasets/MIST_HER2/trainB/IHC/83M2100256_23_19.jpg
88M2100218,88M2100218_22_7,0,0,2,/trinity/home/m.romanov/benchmarking/datasets/MIST_HER2/trainA/HE/88M2100218_22_7.jpg,/trinity/home/m.romanov/benchmarking/datasets/MIST_HER2/trainB/IHC/88M2100218_22_7.jpg
77M2100464,77M2100464_13_18,0,0,2,/trinity/home/m.romanov/benchmarking/datasets/MIST_HER2/trainA/HE/77M2100464_13_18.jpg,/trinity/home/m.romanov/benchmarking/datasets/MIST_HER2/trainB/IHC/77M2100464_13_18.jpg
91M2100173,91M2100173_10_14,0,0,2,/trinity/home/m.romanov/benchmarking/datasets/MIST_HER2/trainA/HE/91M2100173_10_14.jpg,/trinity/home/m.romanov/benchmarking/datasets/MIST_HER2/trainB/IHC/91M2100173_10_14.jpg
25M2102060,25M2102060_7_20,0,0,2,/trinity/home/m.romanov/benchmarking/datasets/MIST_HER2/trainA/HE/25M2102060_7_20.jpg,/trinity/home/m.romanov/benchmarking/datasets/MIST_HER2/trainB/IHC/25M2102060_7_20.jpg
44M2101492,44M2101492_14_35,0,0,2,/trinity/home/m.romanov/benchmarking/datasets/MIST_HER2/trainA/HE/44M2101492_14_35.jpg,/trinity/home/m.romanov/benchmarking/datasets/MIST_HER2/trainB/IHC/44M2101492_14_35.jpg
48M2101314,48M2101314_35_40,0,0,2,/trinity/home/m.romanov/benchmarking/datasets/MIST_HER2/trainA/HE/48M2101314_35_40.jpg,/trinity/home/m.romanov/benchmarking/datasets/MIST_HER2/trainB/IHC/48M2101314_35_40.jpg
16M2102718,16M2102718_13_18,0,0,2,/trinity/home/m.romanov/benchmarking/datasets/MIST_HER2/trainA/HE/16M2102718_13_18.jpg,/trinity/home/m.romanov/benchmarking/datasets/MIST_HER2/trainB/IHC/16M2102718_13_18.jpg
76M2100485,76M2100485_32_18,0,0,2,/trinity/home/m.romanov/benchmarking/datasets/MIST_HER2/trainA/HE/76M2100485_32_18.jpg,/trinity/home/m.romanov/benchmarking/datasets/MIST_HER2/trainB/IHC/76M2100485_32_18.jpg
33M2101839,33M2101839_12_7,0,0,2,/trinity/home/m.romanov/benchmarking/datasets/MIST_HER2/trainA/HE/33M2101839_12_7.jpg,/trinity/home/m.romanov/benchmarking/datasets/MIST_HER2/trainB/IHC/33M2101839_12_7.jpg
2M2103108,2M2103108_32_3,0,0,2,/trinity/home/m.romanov/benchmarking/datasets/MIST_HER2/trainA/HE/2M2103108_32_3.jpg,/trinity/home/m.romanov/benchmarking/datasets/MIST_HER2/trainB/IHC/2M2103108_32_3.jpg
4M2103059,4M2103059_19_17,0,0,2,/trinity/home/m.romanov/benchmarking/datasets/MIST_HER2/trainA/HE/4M2103059_19_17.jpg,/trinity/home/m.romanov/benchmarking/datasets/MIST_HER2/trainB/IHC/4M2103059_19_17.jpg
16M2102718,16M2102718_21_18,0,0,2,/trinity/home/m.romanov/benchmarking/datasets/MIST_HER2/trainA/HE/16M2102718_21_18.jpg,/trinity/home/m.romanov/benchmarking/datasets/MIST_HER2/trainB/IHC/16M2102718_21_18.jpg
68M2100640,68M2100640_8_28,0,0,2,/trinity/home/m.romanov/benchmarking/datasets/MIST_HER2/trainA/HE/68M2100640_8_28.jpg,/trinity/home/m.romanov/benchmarking/datasets/MIST_HER2/trainB/IHC/68M2100640_8_28.jpg
100M2004069,100M2004069_10_14,0,0,2,/trinity/home/m.romanov/benchmarking/datasets/MIST_HER2/trainA/HE/100M2004069_10_14.jpg,/trinity/home/m.romanov/benchmarking/datasets/MIST_HER2/trainB/IHC/100M2004069_10_14.jpg
27M2102007,27M2102007_14_16,0,0,2,/trinity/home/m.romanov/benchmarking/datasets/MIST_HER2/trainA/HE/27M2102007_14_16.jpg,/trinity/home/m.romanov/benchmarking/datasets/MIST_HER2/trainB/IHC/27M2102007_14_16.jpg
77M2100464,77M2100464_8_7,0,0,2,/trinity/home/m.romanov/benchmarking/datasets/MIST_HER2/trainA/HE/77M2100464_8_7.jpg,/trinity/home/m.romanov/benchmarking/datasets/MIST_HER2/trainB/IHC/77M2100464_8_7.jpg
97M2100034,97M2100034_24_19,0,0,2,/trinity/home/m.romanov/benchmarking/datasets/MIST_HER2/trainA/HE/97M2100034_24_19.jpg,/trinity/home/m.romanov/benchmarking/datasets/MIST_HER2/trainB/IHC/97M2100034_24_19.jpg
79M2100417,79M2100417_21_21,0,0,2,/trinity/home/m.romanov/benchmarking/datasets/MIST_HER2/trainA/HE/79M2100417_21_21.jpg,/trinity/home/m.romanov/benchmarking/datasets/MIST_HER2/trainB/IHC/79M2100417_21_21.jpg
79M2100417,79M2100417_19_11,0,0,2,/trinity/home/m.romanov/benchmarking/datasets/MIST_HER2/trainA/HE/79M2100417_19_11.jpg,/trinity/home/m.romanov/benchmarking/datasets/MIST_HER2/trainB/IHC/79M2100417_19_11.jpg
27M2102007,27M2102007_20_13,0,0,2,/trinity/home/m.romanov/benchmarking/datasets/MIST_HER2/trainA/HE/27M2102007_20_13.jpg,/trinity/home/m.romanov/benchmarking/datasets/MIST_HER2/trainB/IHC/27M2102007_20_13.jpg
67M2100642,67M2100642_16_11,0,0,2,/trinity/home/m.romanov/benchmarking/datasets/MIST_HER2/trainA/HE/67M2100642_16_11.jpg,/trinity/home/m.romanov/benchmarking/datasets/MIST_HER2/trainB/IHC/67M2100642_16_11.jpg
79M2100417,79M2100417_21_20,0,0,2,/trinity/home/m.romanov/benchmarking/datasets/MIST_HER2/trainA/HE/79M2100417_21_20.jpg,/trinity/home/m.romanov/benchmarking/datasets/MIST_HER2/trainB/IHC/79M2100417_21_20.jpg
25M2102060,25M2102060_21_25,0,0,2,/trinity/home/m.romanov/benchmarking/datasets/MIST_HER2/trainA/HE/25M2102060_21_25.jpg,/trinity/home/m.romanov/benchmarking/datasets/MIST_HER2/trainB/IHC/25M2102060_21_25.jpg
54M2101205,54M2101205_19_11,0,0,2,/trinity/home/m.romanov/benchmarking/datasets/MIST_HER2/trainA/HE/54M2101205_19_11.jpg,/trinity/home/m.romanov/benchmarking/datasets/MIST_HER2/trainB/IHC/54M2101205_19_11.jpg
35M2101733,35M2101733_6_3,0,0,2,/trinity/home/m.romanov/benchmarking/datasets/MIST_HER2/trainA/HE/35M2101733_6_3.jpg,/trinity/home/m.romanov/benchmarking/datasets/MIST_HER2/trainB/IHC/35M2101733_6_3.jpg
75M2100521,75M2100521_10_16,0,0,2,/trinity/home/m.romanov/benchmarking/datasets/MIST_HER2/trainA/HE/75M2100521_10_16.jpg,/trinity/home/m.romanov/benchmarking/datasets/MIST_HER2/trainB/IHC/75M2100521_10_16.jpg
81M2100356,81M2100356_17_19,0,0,2,/trinity/home/m.romanov/benchmarking/datasets/MIST_HER2/trainA/HE/81M2100356_17_19.jpg,/trinity/home/m.romanov/benchmarking/datasets/MIST_HER2/trainB/IHC/81M2100356_17_19.jpg
65M2100668,65M2100668_15_14,0,0,2,/trinity/home/m.romanov/benchmarking/datasets/MIST_HER2/trainA/HE/65M2100668_15_14.jpg,/trinity/home/m.romanov/benchmarking/datasets/MIST_HER2/trainB/IHC/65M2100668_15_14.jpg
15M2102762,15M2102762_5_18,0,0,2,/trinity/home/m.romanov/benchmarking/datasets/MIST_HER2/trainA/HE/15M2102762_5_18.jpg,/trinity/home/m.romanov/benchmarking/datasets/MIST_HER2/trainB/IHC/15M2102762_5_18.jpg
33M2101839,33M2101839_7_4,0,0,2,/trinity/home/m.romanov/benchmarking/datasets/MIST_HER2/trainA/HE/33M2101839_7_4.jpg,/trinity/home/m.romanov/benchmarking/datasets/MIST_HER2/trainB/IHC/33M2101839_7_4.jpg
69M2100632,69M2100632_10_27,0,0,2,/trinity/home/m.romanov/benchmarking/datasets/MIST_HER2/trainA/HE/69M2100632_10_27.jpg,/trinity/home/m.romanov/benchmarking/datasets/MIST_HER2/trainB/IHC/69M2100632_10_27.jpg
40M2101566,40M2101566_14_21,0,0,2,/trinity/home/m.romanov/benchmarking/datasets/MIST_HER2/trainA/HE/40M2101566_14_21.jpg,/trinity/home/m.romanov/benchmarking/datasets/MIST_HER2/trainB/IHC/40M2101566_14_21.jpg
74M2100526,74M2100526_30_14,0,0,2,/trinity/home/m.romanov/benchmarking/datasets/MIST_HER2/trainA/HE/74M2100526_30_14.jpg,/trinity/home/m.romanov/benchmarking/datasets/MIST_HER2/trainB/IHC/74M2100526_30_14.jpg
54M2101205,54M2101205_8_4,0,0,2,/trinity/home/m.romanov/benchmarking/datasets/MIST_HER2/trainA/HE/54M2101205_8_4.jpg,/trinity/home/m.romanov/benchmarking/datasets/MIST_HER2/trainB/IHC/54M2101205_8_4.jpg
83M2100256,83M2100256_10_16,0,0,2,/trinity/home/m.romanov/benchmarking/datasets/MIST_HER2/trainA/HE/83M2100256_10_16.jpg,/trinity/home/m.romanov/benchmarking/datasets/MIST_HER2/trainB/IHC/83M2100256_10_16.jpg
54M2101205,54M2101205_21_13,0,0,2,/trinity/home/m.romanov/benchmarking/datasets/MIST_HER2/trainA/HE/54M2101205_21_13.jpg,/trinity/home/m.romanov/benchmarking/datasets/MIST_HER2/trainB/IHC/54M2101205_21_13.jpg
30M2101953,30M2101953_13_17,0,0,2,/trinity/home/m.romanov/benchmarking/datasets/MIST_HER2/trainA/HE/30M2101953_13_17.jpg,/trinity/home/m.romanov/benchmarking/datasets/MIST_HER2/trainB/IHC/30M2101953_13_17.jpg
98M2004096,98M2004096_13_7,0,0,2,/trinity/home/m.romanov/benchmarking/datasets/MIST_HER2/trainA/HE/98M2004096_13_7.jpg,/trinity/home/m.romanov/benchmarking/datasets/MIST_HER2/trainB/IHC/98M2004096_13_7.jpg
19M2102438,19M2102438_29_15,0,0,2,/trinity/home/m.romanov/benchmarking/datasets/MIST_HER2/trainA/HE/19M2102438_29_15.jpg,/trinity/home/m.romanov/benchmarking/datasets/MIST_HER2/trainB/IHC/19M2102438_29_15.jpg
50M2101298,50M2101298_13_11,0,0,2,/trinity/home/m.romanov/benchmarking/datasets/MIST_HER2/trainA/HE/50M2101298_13_11.jpg,/trinity/home/m.romanov/benchmarking/datasets/MIST_HER2/trainB/IHC/50M2101298_13_11.jpg
44M2101492,44M2101492_27_25,0,0,2,/trinity/home/m.romanov/benchmarking/datasets/MIST_HER2/trainA/HE/44M2101492_27_25.jpg,/trinity/home/m.romanov/benchmarking/datasets/MIST_HER2/trainB/IHC/44M2101492_27_25.jpg
10M2102916,10M2102916_29_32,0,0,2,/trinity/home/m.romanov/benchmarking/datasets/MIST_HER2/trainA/HE/10M2102916_29_32.jpg,/trinity/home/m.romanov/benchmarking/datasets/MIST_HER2/trainB/IHC/10M2102916_29_32.jpg
58M2100997,58M2100997_21_7,0,0,2,/trinity/home/m.romanov/benchmarking/datasets/MIST_HER2/trainA/HE/58M2100997_21_7.jpg,/trinity/home/m.romanov/benchmarking/datasets/MIST_HER2/trainB/IHC/58M2100997_21_7.jpg
74M2100526,74M2100526_7_20,0,0,2,/trinity/home/m.romanov/benchmarking/datasets/MIST_HER2/trainA/HE/74M2100526_7_20.jpg,/trinity/home/m.romanov/benchmarking/datasets/MIST_HER2/trainB/IHC/74M2100526_7_20.jpg
6M2103024,6M2103024_27_11,0,0,2,/trinity/home/m.romanov/benchmarking/datasets/MIST_HER2/trainA/HE/6M2103024_27_11.jpg,/trinity/home/m.romanov/benchmarking/datasets/MIST_HER2/trainB/IHC/6M2103024_27_11.jpg
69M2100632,69M2100632_14_26,0,0,2,/trinity/home/m.romanov/benchmarking/datasets/MIST_HER2/trainA/HE/69M2100632_14_26.jpg,/trinity/home/m.romanov/benchmarking/datasets/MIST_HER2/trainB/IHC/69M2100632_14_26.jpg
16M2102718,16M2102718_25_15,0,0,2,/trinity/home/m.romanov/benchmarking/datasets/MIST_HER2/trainA/HE/16M2102718_25_15.jpg,/trinity/home/m.romanov/benchmarking/datasets/MIST_HER2/trainB/IHC/16M2102718_25_15.jpg
51M2101285,51M2101285_20_19,0,0,2,/trinity/home/m.romanov/benchmarking/datasets/MIST_HER2/trainA/HE/51M2101285_20_19.jpg,/trinity/home/m.romanov/benchmarking/datasets/MIST_HER2/trainB/IHC/51M2101285_20_19.jpg
22M2102266,22M2102266_13_17,0,0,2,/trinity/home/m.romanov/benchmarking/datasets/MIST_HER2/trainA/HE/22M2102266_13_17.jpg,/trinity/home/m.romanov/benchmarking/datasets/MIST_HER2/trainB/IHC/22M2102266_13_17.jpg
97M2100034,97M2100034_32_16,0,0,2,/trinity/home/m.romanov/benchmarking/datasets/MIST_HER2/trainA/HE/97M2100034_32_16.jpg,/trinity/home/m.romanov/benchmarking/datasets/MIST_HER2/trainB/IHC/97M2100034_32_16.jpg
97M2100034,97M2100034_20_14,0,0,2,/trinity/home/m.romanov/benchmarking/datasets/MIST_HER2/trainA/HE/97M2100034_20_14.jpg,/trinity/home/m.romanov/benchmarking/datasets/MIST_HER2/trainB/IHC/97M2100034_20_14.jpg
19M2102438,19M2102438_31_22,0,0,2,/trinity/home/m.romanov/benchmarking/datasets/MIST_HER2/trainA/HE/19M2102438_31_22.jpg,/trinity/home/m.romanov/benchmarking/datasets/MIST_HER2/trainB/IHC/19M2102438_31_22.jpg
53M2101258,53M2101258_26_13,0,0,2,/trinity/home/m.romanov/benchmarking/datasets/MIST_HER2/trainA/HE/53M2101258_26_13.jpg,/trinity/home/m.romanov/benchmarking/datasets/MIST_HER2/trainB/IHC/53M2101258_26_13.jpg
35M2101733,35M2101733_2_11,0,0,2,/trinity/home/m.romanov/benchmarking/datasets/MIST_HER2/trainA/HE/35M2101733_2_11.jpg,/trinity/home/m.romanov/benchmarking/datasets/MIST_HER2/trainB/IHC/35M2101733_2_11.jpg
88M2100218,88M2100218_14_28,0,0,2,/trinity/home/m.romanov/benchmarking/datasets/MIST_HER2/trainA/HE/88M2100218_14_28.jpg,/trinity/home/m.romanov/benchmarking/datasets/MIST_HER2/trainB/IHC/88M2100218_14_28.jpg
27M2102007,27M2102007_17_27,0,0,2,/trinity/home/m.romanov/benchmarking/datasets/MIST_HER2/trainA/HE/27M2102007_17_27.jpg,/trinity/home/m.romanov/benchmarking/datasets/MIST_HER2/trainB/IHC/27M2102007_17_27.jpg
19M2102438,19M2102438_32_19,0,0,2,/trinity/home/m.romanov/benchmarking/datasets/MIST_HER2/trainA/HE/19M2102438_32_19.jpg,/trinity/home/m.romanov/benchmarking/datasets/MIST_HER2/trainB/IHC/19M2102438_32_19.jpg
80M2100377,80M2100377_20_22,0,0,2,/trinity/home/m.romanov/benchmarking/datasets/MIST_HER2/trainA/HE/80M2100377_20_22.jpg,/trinity/home/m.romanov/benchmarking/datasets/MIST_HER2/trainB/IHC/80M2100377_20_22.jpg
76M2100485,76M2100485_22_15,0,0,2,/trinity/home/m.romanov/benchmarking/datasets/MIST_HER2/trainA/HE/76M2100485_22_15.jpg,/trinity/home/m.romanov/benchmarking/datasets/MIST_HER2/trainB/IHC/76M2100485_22_15.jpg
93M2100147,93M2100147_16_12,0,0,2,/trinity/home/m.romanov/benchmarking/datasets/MIST_HER2/trainA/HE/93M2100147_16_12.jpg,/trinity/home/m.romanov/benchmarking/datasets/MIST_HER2/trainB/IHC/93M2100147_16_12.jpg
92M2100150,92M2100150_14_19,0,0,2,/trinity/home/m.romanov/benchmarking/datasets/MIST_HER2/trainA/HE/92M2100150_14_19.jpg,/trinity/home/m.romanov/benchmarking/datasets/MIST_HER2/trainB/IHC/92M2100150_14_19.jpg
56M2101083,56M2101083_16_22,0,0,2,/trinity/home/m.romanov/benchmarking/datasets/MIST_HER2/trainA/HE/56M2101083_16_22.jpg,/trinity/home/m.romanov/benchmarking/datasets/MIST_HER2/trainB/IHC/56M2101083_16_22.jpg
54M2101205,54M2101205_13_13,0,0,2,/trinity/home/m.romanov/benchmarking/datasets/MIST_HER2/trainA/HE/54M2101205_13_13.jpg,/trinity/home/m.romanov/benchmarking/datasets/MIST_HER2/trainB/IHC/54M2101205_13_13.jpg
51M2101285,51M2101285_16_15,0,0,2,/trinity/home/m.romanov/benchmarking/datasets/MIST_HER2/trainA/HE/51M2101285_16_15.jpg,/trinity/home/m.romanov/benchmarking/datasets/MIST_HER2/trainB/IHC/51M2101285_16_15.jpg
56M2101083,56M2101083_26_9,0,0,2,/trinity/home/m.romanov/benchmarking/datasets/MIST_HER2/trainA/HE/56M2101083_26_9.jpg,/trinity/home/m.romanov/benchmarking/datasets/MIST_HER2/trainB/IHC/56M2101083_26_9.jpg
81M2100356,81M2100356_27_32,0,0,2,/trinity/home/m.romanov/benchmarking/datasets/MIST_HER2/trainA/HE/81M2100356_27_32.jpg,/trinity/home/m.romanov/benchmarking/datasets/MIST_HER2/trainB/IHC/81M2100356_27_32.jpg
53M2101258,53M2101258_30_11,0,0,2,/trinity/home/m.romanov/benchmarking/datasets/MIST_HER2/trainA/HE/53M2101258_30_11.jpg,/trinity/home/m.romanov/benchmarking/datasets/MIST_HER2/trainB/IHC/53M2101258_30_11.jpg
25M2102060,25M2102060_5_20,0,0,2,/trinity/home/m.romanov/benchmarking/datasets/MIST_HER2/trainA/HE/25M2102060_5_20.jpg,/trinity/home/m.romanov/benchmarking/datasets/MIST_HER2/trainB/IHC/25M2102060_5_20.jpg
39M2101576,39M2101576_13_12,0,0,2,/trinity/home/m.romanov/benchmarking/datasets/MIST_HER2/trainA/HE/39M2101576_13_12.jpg,/trinity/home/m.romanov/benchmarking/datasets/MIST_HER2/trainB/IHC/39M2101576_13_12.jpg
27M2102007,27M2102007_21_10,0,0,2,/trinity/home/m.romanov/benchmarking/datasets/MIST_HER2/trainA/HE/27M2102007_21_10.jpg,/trinity/home/m.romanov/benchmarking/datasets/MIST_HER2/trainB/IHC/27M2102007_21_10.jpg
45M2101377,45M2101377_15_7,0,0,2,/trinity/home/m.romanov/benchmarking/datasets/MIST_HER2/trainA/HE/45M2101377_15_7.jpg,/trinity/home/m.romanov/benchmarking/datasets/MIST_HER2/trainB/IHC/45M2101377_15_7.jpg
88M2100218,88M2100218_13_17,0,0,2,/trinity/home/m.romanov/benchmarking/datasets/MIST_HER2/trainA/HE/88M2100218_13_17.jpg,/trinity/home/m.romanov/benchmarking/datasets/MIST_HER2/trainB/IHC/88M2100218_13_17.jpg
62M2100915,62M2100915_7_34,0,0,2,/trinity/home/m.romanov/benchmarking/datasets/MIST_HER2/trainA/HE/62M2100915_7_34.jpg,/trinity/home/m.romanov/benchmarking/datasets/MIST_HER2/trainB/IHC/62M2100915_7_34.jpg
99M2004082,99M2004082_8_17,0,0,2,/trinity/home/m.romanov/benchmarking/datasets/MIST_HER2/trainA/HE/99M2004082_8_17.jpg,/trinity/home/m.romanov/benchmarking/datasets/MIST_HER2/trainB/IHC/99M2004082_8_17.jpg
48M2101314,48M2101314_42_24,0,0,2,/trinity/home/m.romanov/benchmarking/datasets/MIST_HER2/trainA/HE/48M2101314_42_24.jpg,/trinity/home/m.romanov/benchmarking/datasets/MIST_HER2/trainB/IHC/48M2101314_42_24.jpg
62M2100915,62M2100915_29_14,0,0,2,/trinity/home/m.romanov/benchmarking/datasets/MIST_HER2/trainA/HE/62M2100915_29_14.jpg,/trinity/home/m.romanov/benchmarking/datasets/MIST_HER2/trainB/IHC/62M2100915_29_14.jpg
14M2102785,14M2102785_19_11,0,0,2,/trinity/home/m.romanov/benchmarking/datasets/MIST_HER2/trainA/HE/14M2102785_19_11.jpg,/trinity/home/m.romanov/benchmarking/datasets/MIST_HER2/trainB/IHC/14M2102785_19_11.jpg
2M2103108,2M2103108_26_13,0,0,2,/trinity/home/m.romanov/benchmarking/datasets/MIST_HER2/trainA/HE/2M2103108_26_13.jpg,/trinity/home/m.romanov/benchmarking/datasets/MIST_HER2/trainB/IHC/2M2103108_26_13.jpg
23M2102136,23M2102136_24_18,0,0,2,/trinity/home/m.romanov/benchmarking/datasets/MIST_HER2/trainA/HE/23M2102136_24_18.jpg,/trinity/home/m.romanov/benchmarking/datasets/MIST_HER2/trainB/IHC/23M2102136_24_18.jpg
52M2101275,52M2101275_14_6,0,0,2,/trinity/home/m.romanov/benchmarking/datasets/MIST_HER2/trainA/HE/52M2101275_14_6.jpg,/trinity/home/m.romanov/benchmarking/datasets/MIST_HER2/trainB/IHC/52M2101275_14_6.jpg
81M2100356,81M2100356_45_37,0,0,2,/trinity/home/m.romanov/benchmarking/datasets/MIST_HER2/trainA/HE/81M2100356_45_37.jpg,/trinity/home/m.romanov/benchmarking/datasets/MIST_HER2/trainB/IHC/81M2100356_45_37.jpg
81M2100356,81M2100356_32_29,0,0,2,/trinity/home/m.romanov/benchmarking/datasets/MIST_HER2/trainA/HE/81M2100356_32_29.jpg,/trinity/home/m.romanov/benchmarking/datasets/MIST_HER2/trainB/IHC/81M2100356_32_29.jpg
48M2101314,48M2101314_37_33,0,0,2,/trinity/home/m.romanov/benchmarking/datasets/MIST_HER2/trainA/HE/48M2101314_37_33.jpg,/trinity/home/m.romanov/benchmarking/datasets/MIST_HER2/trainB/IHC/48M2101314_37_33.jpg
83M2100256,83M2100256_21_18,0,0,2,/trinity/home/m.romanov/benchmarking/datasets/MIST_HER2/trainA/HE/83M2100256_21_18.jpg,/trinity/home/m.romanov/benchmarking/datasets/MIST_HER2/trainB/IHC/83M2100256_21_18.jpg
53M2101258,53M2101258_17_45,0,0,2,/trinity/home/m.romanov/benchmarking/datasets/MIST_HER2/trainA/HE/53M2101258_17_45.jpg,/trinity/home/m.romanov/benchmarking/datasets/MIST_HER2/trainB/IHC/53M2101258_17_45.jpg
98M2004096,98M2004096_27_8,0,0,2,/trinity/home/m.romanov/benchmarking/datasets/MIST_HER2/trainA/HE/98M2004096_27_8.jpg,/trinity/home/m.romanov/benchmarking/datasets/MIST_HER2/trainB/IHC/98M2004096_27_8.jpg
79M2100417,79M2100417_26_12,0,0,2,/trinity/home/m.romanov/benchmarking/datasets/MIST_HER2/trainA/HE/79M2100417_26_12.jpg,/trinity/home/m.romanov/benchmarking/datasets/MIST_HER2/trainB/IHC/79M2100417_26_12.jpg
31M2101871,31M2101871_14_20,0,0,2,/trinity/home/m.romanov/benchmarking/datasets/MIST_HER2/trainA/HE/31M2101871_14_20.jpg,/trinity/home/m.romanov/benchmarking/datasets/MIST_HER2/trainB/IHC/31M2101871_14_20.jpg
44M2101492,44M2101492_20_28,0,0,2,/trinity/home/m.romanov/benchmarking/datasets/MIST_HER2/trainA/HE/44M2101492_20_28.jpg,/trinity/home/m.romanov/benchmarking/datasets/MIST_HER2/trainB/IHC/44M2101492_20_28.jpg
79M2100417,79M2100417_15_18,0,0,2,/trinity/home/m.romanov/benchmarking/datasets/MIST_HER2/trainA/HE/79M2100417_15_18.jpg,/trinity/home/m.romanov/benchmarking/datasets/MIST_HER2/trainB/IHC/79M2100417_15_18.jpg
67M2100642,67M2100642_20_12,0,0,2,/trinity/home/m.romanov/benchmarking/datasets/MIST_HER2/trainA/HE/67M2100642_20_12.jpg,/trinity/home/m.romanov/benchmarking/datasets/MIST_HER2/trainB/IHC/67M2100642_20_12.jpg
74M2100526,74M2100526_9_28,0,0,2,/trinity/home/m.romanov/benchmarking/datasets/MIST_HER2/trainA/HE/74M2100526_9_28.jpg,/trinity/home/m.romanov/benchmarking/datasets/MIST_HER2/trainB/IHC/74M2100526_9_28.jpg
83M2100256,83M2100256_17_17,0,0,2,/trinity/home/m.romanov/benchmarking/datasets/MIST_HER2/trainA/HE/83M2100256_17_17.jpg,/trinity/home/m.romanov/benchmarking/datasets/MIST_HER2/trainB/IHC/83M2100256_17_17.jpg
97M2100034,97M2100034_25_6,0,0,2,/trinity/home/m.romanov/benchmarking/datasets/MIST_HER2/trainA/HE/97M2100034_25_6.jpg,/trinity/home/m.romanov/benchmarking/datasets/MIST_HER2/trainB/IHC/97M2100034_25_6.jpg
79M2100417,79M2100417_13_18,0,0,2,/trinity/home/m.romanov/benchmarking/datasets/MIST_HER2/trainA/HE/79M2100417_13_18.jpg,/trinity/home/m.romanov/benchmarking/datasets/MIST_HER2/trainB/IHC/79M2100417_13_18.jpg
80M2100377,80M2100377_23_7,0,0,2,/trinity/home/m.romanov/benchmarking/datasets/MIST_HER2/trainA/HE/80M2100377_23_7.jpg,/trinity/home/m.romanov/benchmarking/datasets/MIST_HER2/trainB/IHC/80M2100377_23_7.jpg
77M2100464,77M2100464_13_3,0,0,2,/trinity/home/m.romanov/benchmarking/datasets/MIST_HER2/trainA/HE/77M2100464_13_3.jpg,/trinity/home/m.romanov/benchmarking/datasets/MIST_HER2/trainB/IHC/77M2100464_13_3.jpg
60M2100980,60M2100980_9_17,0,0,2,/trinity/home/m.romanov/benchmarking/datasets/MIST_HER2/trainA/HE/60M2100980_9_17.jpg,/trinity/home/m.romanov/benchmarking/datasets/MIST_HER2/trainB/IHC/60M2100980_9_17.jpg
25M2102060,25M2102060_11_17,0,0,2,/trinity/home/m.romanov/benchmarking/datasets/MIST_HER2/trainA/HE/25M2102060_11_17.jpg,/trinity/home/m.romanov/benchmarking/datasets/MIST_HER2/trainB/IHC/25M2102060_11_17.jpg
92M2100150,92M2100150_10_32,0,0,2,/trinity/home/m.romanov/benchmarking/datasets/MIST_HER2/trainA/HE/92M2100150_10_32.jpg,/trinity/home/m.romanov/benchmarking/datasets/MIST_HER2/trainB/IHC/92M2100150_10_32.jpg
53M2101258,53M2101258_28_20,0,0,2,/trinity/home/m.romanov/benchmarking/datasets/MIST_HER2/trainA/HE/53M2101258_28_20.jpg,/trinity/home/m.romanov/benchmarking/datasets/MIST_HER2/trainB/IHC/53M2101258_28_20.jpg
2M2103108,2M2103108_30_15,0,0,2,/trinity/home/m.romanov/benchmarking/datasets/MIST_HER2/trainA/HE/2M2103108_30_15.jpg,/trinity/home/m.romanov/benchmarking/datasets/MIST_HER2/trainB/IHC/2M2103108_30_15.jpg
39M2101576,39M2101576_31_6,0,0,2,/trinity/home/m.romanov/benchmarking/datasets/MIST_HER2/trainA/HE/39M2101576_31_6.jpg,/trinity/home/m.romanov/benchmarking/datasets/MIST_HER2/trainB/IHC/39M2101576_31_6.jpg
68M2100640,68M2100640_6_22,0,0,2,/trinity/home/m.romanov/benchmarking/datasets/MIST_HER2/trainA/HE/68M2100640_6_22.jpg,/trinity/home/m.romanov/benchmarking/datasets/MIST_HER2/trainB/IHC/68M2100640_6_22.jpg
25M2102060,25M2102060_8_22,0,0,2,/trinity/home/m.romanov/benchmarking/datasets/MIST_HER2/trainA/HE/25M2102060_8_22.jpg,/trinity/home/m.romanov/benchmarking/datasets/MIST_HER2/trainB/IHC/25M2102060_8_22.jpg
45M2101377,45M2101377_36_29,0,0,2,/trinity/home/m.romanov/benchmarking/datasets/MIST_HER2/trainA/HE/45M2101377_36_29.jpg,/trinity/home/m.romanov/benchmarking/datasets/MIST_HER2/trainB/IHC/45M2101377_36_29.jpg
46M2101353,46M2101353_17_26,0,0,2,/trinity/home/m.romanov/benchmarking/datasets/MIST_HER2/trainA/HE/46M2101353_17_26.jpg,/trinity/home/m.romanov/benchmarking/datasets/MIST_HER2/trainB/IHC/46M2101353_17_26.jpg
100M2004069,100M2004069_21_14,0,0,2,/trinity/home/m.romanov/benchmarking/datasets/MIST_HER2/trainA/HE/100M2004069_21_14.jpg,/trinity/home/m.romanov/benchmarking/datasets/MIST_HER2/trainB/IHC/100M2004069_21_14.jpg
89M2100212,89M2100212_6_12,0,0,2,/trinity/home/m.romanov/benchmarking/datasets/MIST_HER2/trainA/HE/89M2100212_6_12.jpg,/trinity/home/m.romanov/benchmarking/datasets/MIST_HER2/trainB/IHC/89M2100212_6_12.jpg
10M2102916,10M2102916_13_25,0,0,2,/trinity/home/m.romanov/benchmarking/datasets/MIST_HER2/trainA/HE/10M2102916_13_25.jpg,/trinity/home/m.romanov/benchmarking/datasets/MIST_HER2/trainB/IHC/10M2102916_13_25.jpg
47M2101316,47M2101316_16_24,0,0,2,/trinity/home/m.romanov/benchmarking/datasets/MIST_HER2/trainA/HE/47M2101316_16_24.jpg,/trinity/home/m.romanov/benchmarking/datasets/MIST_HER2/trainB/IHC/47M2101316_16_24.jpg
92M2100150,92M2100150_7_11,0,0,2,/trinity/home/m.romanov/benchmarking/datasets/MIST_HER2/trainA/HE/92M2100150_7_11.jpg,/trinity/home/m.romanov/benchmarking/datasets/MIST_HER2/trainB/IHC/92M2100150_7_11.jpg
2M2103108,2M2103108_14_10,0,0,2,/trinity/home/m.romanov/benchmarking/datasets/MIST_HER2/trainA/HE/2M2103108_14_10.jpg,/trinity/home/m.romanov/benchmarking/datasets/MIST_HER2/trainB/IHC/2M2103108_14_10.jpg
93M2100147,93M2100147_7_20,0,0,2,/trinity/home/m.romanov/benchmarking/datasets/MIST_HER2/trainA/HE/93M2100147_7_20.jpg,/trinity/home/m.romanov/benchmarking/datasets/MIST_HER2/trainB/IHC/93M2100147_7_20.jpg
88M2100218,88M2100218_15_18,0,0,2,/trinity/home/m.romanov/benchmarking/datasets/MIST_HER2/trainA/HE/88M2100218_15_18.jpg,/trinity/home/m.romanov/benchmarking/datasets/MIST_HER2/trainB/IHC/88M2100218_15_18.jpg
67M2100642,67M2100642_5_16,0,0,2,/trinity/home/m.romanov/benchmarking/datasets/MIST_HER2/trainA/HE/67M2100642_5_16.jpg,/trinity/home/m.romanov/benchmarking/datasets/MIST_HER2/trainB/IHC/67M2100642_5_16.jpg
16M2102718,16M2102718_12_9,0,0,2,/trinity/home/m.romanov/benchmarking/datasets/MIST_HER2/trainA/HE/16M2102718_12_9.jpg,/trinity/home/m.romanov/benchmarking/datasets/MIST_HER2/trainB/IHC/16M2102718_12_9.jpg
68M2100640,68M2100640_15_9,0,0,2,/trinity/home/m.romanov/benchmarking/datasets/MIST_HER2/trainA/HE/68M2100640_15_9.jpg,/trinity/home/m.romanov/benchmarking/datasets/MIST_HER2/trainB/IHC/68M2100640_15_9.jpg
91M2100173,91M2100173_24_24,0,0,2,/trinity/home/m.romanov/benchmarking/datasets/MIST_HER2/trainA/HE/91M2100173_24_24.jpg,/trinity/home/m.romanov/benchmarking/datasets/MIST_HER2/trainB/IHC/91M2100173_24_24.jpg
80M2100377,80M2100377_23_27,0,0,2,/trinity/home/m.romanov/benchmarking/datasets/MIST_HER2/trainA/HE/80M2100377_23_27.jpg,/trinity/home/m.romanov/benchmarking/datasets/MIST_HER2/trainB/IHC/80M2100377_23_27.jpg
23M2102136,23M2102136_13_17,0,0,2,/trinity/home/m.romanov/benchmarking/datasets/MIST_HER2/trainA/HE/23M2102136_13_17.jpg,/trinity/home/m.romanov/benchmarking/datasets/MIST_HER2/trainB/IHC/23M2102136_13_17.jpg
47M2101316,47M2101316_10_29,0,0,2,/trinity/home/m.romanov/benchmarking/datasets/MIST_HER2/trainA/HE/47M2101316_10_29.jpg,/trinity/home/m.romanov/benchmarking/datasets/MIST_HER2/trainB/IHC/47M2101316_10_29.jpg
70M2100623,70M2100623_25_19,0,0,2,/trinity/home/m.romanov/benchmarking/datasets/MIST_HER2/trainA/HE/70M2100623_25_19.jpg,/trinity/home/m.romanov/benchmarking/datasets/MIST_HER2/trainB/IHC/70M2100623_25_19.jpg
60M2100980,60M2100980_7_9,0,0,2,/trinity/home/m.romanov/benchmarking/datasets/MIST_HER2/trainA/HE/60M2100980_7_9.jpg,/trinity/home/m.romanov/benchmarking/datasets/MIST_HER2/trainB/IHC/60M2100980_7_9.jpg
77M2100464,77M2100464_35_24,0,0,2,/trinity/home/m.romanov/benchmarking/datasets/MIST_HER2/trainA/HE/77M2100464_35_24.jpg,/trinity/home/m.romanov/benchmarking/datasets/MIST_HER2/trainB/IHC/77M2100464_35_24.jpg
10M2102916,10M2102916_24_25,0,0,2,/trinity/home/m.romanov/benchmarking/datasets/MIST_HER2/trainA/HE/10M2102916_24_25.jpg,/trinity/home/m.romanov/benchmarking/datasets/MIST_HER2/trainB/IHC/10M2102916_24_25.jpg
83M2100256,83M2100256_33_13,0,0,2,/trinity/home/m.romanov/benchmarking/datasets/MIST_HER2/trainA/HE/83M2100256_33_13.jpg,/trinity/home/m.romanov/benchmarking/datasets/MIST_HER2/trainB/IHC/83M2100256_33_13.jpg
100M2004069,100M2004069_35_20,0,0,2,/trinity/home/m.romanov/benchmarking/datasets/MIST_HER2/trainA/HE/100M2004069_35_20.jpg,/trinity/home/m.romanov/benchmarking/datasets/MIST_HER2/trainB/IHC/100M2004069_35_20.jpg
75M2100521,75M2100521_17_11,0,0,2,/trinity/home/m.romanov/benchmarking/datasets/MIST_HER2/trainA/HE/75M2100521_17_11.jpg,/trinity/home/m.romanov/benchmarking/datasets/MIST_HER2/trainB/IHC/75M2100521_17_11.jpg
74M2100526,74M2100526_23_22,0,0,2,/trinity/home/m.romanov/benchmarking/datasets/MIST_HER2/trainA/HE/74M2100526_23_22.jpg,/trinity/home/m.romanov/benchmarking/datasets/MIST_HER2/trainB/IHC/74M2100526_23_22.jpg
76M2100485,76M2100485_21_24,0,0,2,/trinity/home/m.romanov/benchmarking/datasets/MIST_HER2/trainA/HE/76M2100485_21_24.jpg,/trinity/home/m.romanov/benchmarking/datasets/MIST_HER2/trainB/IHC/76M2100485_21_24.jpg
28M2101987,28M2101987_16_33,0,0,2,/trinity/home/m.romanov/benchmarking/datasets/MIST_HER2/trainA/HE/28M2101987_16_33.jpg,/trinity/home/m.romanov/benchmarking/datasets/MIST_HER2/trainB/IHC/28M2101987_16_33.jpg
53M2101258,53M2101258_22_17,0,0,2,/trinity/home/m.romanov/benchmarking/datasets/MIST_HER2/trainA/HE/53M2101258_22_17.jpg,/trinity/home/m.romanov/benchmarking/datasets/MIST_HER2/trainB/IHC/53M2101258_22_17.jpg
60M2100980,60M2100980_10_4,0,0,2,/trinity/home/m.romanov/benchmarking/datasets/MIST_HER2/trainA/HE/60M2100980_10_4.jpg,/trinity/home/m.romanov/benchmarking/datasets/MIST_HER2/trainB/IHC/60M2100980_10_4.jpg
59M2100987,59M2100987_14_11,0,0,2,/trinity/home/m.romanov/benchmarking/datasets/MIST_HER2/trainA/HE/59M2100987_14_11.jpg,/trinity/home/m.romanov/benchmarking/datasets/MIST_HER2/trainB/IHC/59M2100987_14_11.jpg
19M2102438,19M2102438_33_19,0,0,2,/trinity/home/m.romanov/benchmarking/datasets/MIST_HER2/trainA/HE/19M2102438_33_19.jpg,/trinity/home/m.romanov/benchmarking/datasets/MIST_HER2/trainB/IHC/19M2102438_33_19.jpg
23M2102136,23M2102136_24_15,0,0,2,/trinity/home/m.romanov/benchmarking/datasets/MIST_HER2/trainA/HE/23M2102136_24_15.jpg,/trinity/home/m.romanov/benchmarking/datasets/MIST_HER2/trainB/IHC/23M2102136_24_15.jpg
97M2100034,97M2100034_27_7,0,0,2,/trinity/home/m.romanov/benchmarking/datasets/MIST_HER2/trainA/HE/97M2100034_27_7.jpg,/trinity/home/m.romanov/benchmarking/datasets/MIST_HER2/trainB/IHC/97M2100034_27_7.jpg
35M2101733,35M2101733_6_4,0,0,2,/trinity/home/m.romanov/benchmarking/datasets/MIST_HER2/trainA/HE/35M2101733_6_4.jpg,/trinity/home/m.romanov/benchmarking/datasets/MIST_HER2/trainB/IHC/35M2101733_6_4.jpg
33M2101839,33M2101839_8_6,0,0,2,/trinity/home/m.romanov/benchmarking/datasets/MIST_HER2/trainA/HE/33M2101839_8_6.jpg,/trinity/home/m.romanov/benchmarking/datasets/MIST_HER2/trainB/IHC/33M2101839_8_6.jpg
56M2101083,56M2101083_26_8,0,0,2,/trinity/home/m.romanov/benchmarking/datasets/MIST_HER2/trainA/HE/56M2101083_26_8.jpg,/trinity/home/m.romanov/benchmarking/datasets/MIST_HER2/trainB/IHC/56M2101083_26_8.jpg
94M2100142,94M2100142_24_18,0,0,2,/trinity/home/m.romanov/benchmarking/datasets/MIST_HER2/trainA/HE/94M2100142_24_18.jpg,/trinity/home/m.romanov/benchmarking/datasets/MIST_HER2/trainB/IHC/94M2100142_24_18.jpg
15M2102762,15M2102762_14_22,0,0,2,/trinity/home/m.romanov/benchmarking/datasets/MIST_HER2/trainA/HE/15M2102762_14_22.jpg,/trinity/home/m.romanov/benchmarking/datasets/MIST_HER2/trainB/IHC/15M2102762_14_22.jpg
75M2100521,75M2100521_17_13,0,0,2,/trinity/home/m.romanov/benchmarking/datasets/MIST_HER2/trainA/HE/75M2100521_17_13.jpg,/trinity/home/m.romanov/benchmarking/datasets/MIST_HER2/trainB/IHC/75M2100521_17_13.jpg
39M2101576,39M2101576_25_8,0,0,2,/trinity/home/m.romanov/benchmarking/datasets/MIST_HER2/trainA/HE/39M2101576_25_8.jpg,/trinity/home/m.romanov/benchmarking/datasets/MIST_HER2/trainB/IHC/39M2101576_25_8.jpg
2M2103108,2M2103108_28_10,0,0,2,/trinity/home/m.romanov/benchmarking/datasets/MIST_HER2/trainA/HE/2M2103108_28_10.jpg,/trinity/home/m.romanov/benchmarking/datasets/MIST_HER2/trainB/IHC/2M2103108_28_10.jpg
54M2101205,54M2101205_16_21,0,0,2,/trinity/home/m.romanov/benchmarking/datasets/MIST_HER2/trainA/HE/54M2101205_16_21.jpg,/trinity/home/m.romanov/benchmarking/datasets/MIST_HER2/trainB/IHC/54M2101205_16_21.jpg
30M2101953,30M2101953_8_13,0,0,2,/trinity/home/m.romanov/benchmarking/datasets/MIST_HER2/trainA/HE/30M2101953_8_13.jpg,/trinity/home/m.romanov/benchmarking/datasets/MIST_HER2/trainB/IHC/30M2101953_8_13.jpg
76M2100485,76M2100485_31_19,0,0,2,/trinity/home/m.romanov/benchmarking/datasets/MIST_HER2/trainA/HE/76M2100485_31_19.jpg,/trinity/home/m.romanov/benchmarking/datasets/MIST_HER2/trainB/IHC/76M2100485_31_19.jpg
81M2100356,81M2100356_8_28,0,0,2,/trinity/home/m.romanov/benchmarking/datasets/MIST_HER2/trainA/HE/81M2100356_8_28.jpg,/trinity/home/m.romanov/benchmarking/datasets/MIST_HER2/trainB/IHC/81M2100356_8_28.jpg
47M2101316,47M2101316_5_30,0,0,2,/trinity/home/m.romanov/benchmarking/datasets/MIST_HER2/trainA/HE/47M2101316_5_30.jpg,/trinity/home/m.romanov/benchmarking/datasets/MIST_HER2/trainB/IHC/47M2101316_5_30.jpg
75M2100521,75M2100521_20_11,0,0,2,/trinity/home/m.romanov/benchmarking/datasets/MIST_HER2/trainA/HE/75M2100521_20_11.jpg,/trinity/home/m.romanov/benchmarking/datasets/MIST_HER2/trainB/IHC/75M2100521_20_11.jpg
39M2101576,39M2101576_9_8,0,0,2,/trinity/home/m.romanov/benchmarking/datasets/MIST_HER2/trainA/HE/39M2101576_9_8.jpg,/trinity/home/m.romanov/benchmarking/datasets/MIST_HER2/trainB/IHC/39M2101576_9_8.jpg
80M2100377,80M2100377_23_18,0,0,2,/trinity/home/m.romanov/benchmarking/datasets/MIST_HER2/trainA/HE/80M2100377_23_18.jpg,/trinity/home/m.romanov/benchmarking/datasets/MIST_HER2/trainB/IHC/80M2100377_23_18.jpg
31M2101871,31M2101871_6_19,0,0,2,/trinity/home/m.romanov/benchmarking/datasets/MIST_HER2/trainA/HE/31M2101871_6_19.jpg,/trinity/home/m.romanov/benchmarking/datasets/MIST_HER2/trainB/IHC/31M2101871_6_19.jpg
33M2101839,33M2101839_12_14,0,0,2,/trinity/home/m.romanov/benchmarking/datasets/MIST_HER2/trainA/HE/33M2101839_12_14.jpg,/trinity/home/m.romanov/benchmarking/datasets/MIST_HER2/trainB/IHC/33M2101839_12_14.jpg
31M2101871,31M2101871_15_28,0,0,2,/trinity/home/m.romanov/benchmarking/datasets/MIST_HER2/trainA/HE/31M2101871_15_28.jpg,/trinity/home/m.romanov/benchmarking/datasets/MIST_HER2/trainB/IHC/31M2101871_15_28.jpg
33M2101839,33M2101839_16_9,0,0,2,/trinity/home/m.romanov/benchmarking/datasets/MIST_HER2/trainA/HE/33M2101839_16_9.jpg,/trinity/home/m.romanov/benchmarking/datasets/MIST_HER2/trainB/IHC/33M2101839_16_9.jpg
69M2100632,69M2100632_22_6,0,0,2,/trinity/home/m.romanov/benchmarking/datasets/MIST_HER2/trainA/HE/69M2100632_22_6.jpg,/trinity/home/m.romanov/benchmarking/datasets/MIST_HER2/trainB/IHC/69M2100632_22_6.jpg
91M2100173,91M2100173_11_10,0,0,2,/trinity/home/m.romanov/benchmarking/datasets/MIST_HER2/trainA/HE/91M2100173_11_10.jpg,/trinity/home/m.romanov/benchmarking/datasets/MIST_HER2/trainB/IHC/91M2100173_11_10.jpg
4M2103059,4M2103059_20_11,0,0,2,/trinity/home/m.romanov/benchmarking/datasets/MIST_HER2/trainA/HE/4M2103059_20_11.jpg,/trinity/home/m.romanov/benchmarking/datasets/MIST_HER2/trainB/IHC/4M2103059_20_11.jpg
74M2100526,74M2100526_21_29,0,0,2,/trinity/home/m.romanov/benchmarking/datasets/MIST_HER2/trainA/HE/74M2100526_21_29.jpg,/trinity/home/m.romanov/benchmarking/datasets/MIST_HER2/trainB/IHC/74M2100526_21_29.jpg
98M2004096,98M2004096_26_5,0,0,2,/trinity/home/m.romanov/benchmarking/datasets/MIST_HER2/trainA/HE/98M2004096_26_5.jpg,/trinity/home/m.romanov/benchmarking/datasets/MIST_HER2/trainB/IHC/98M2004096_26_5.jpg
91M2100173,91M2100173_5_11,0,0,2,/trinity/home/m.romanov/benchmarking/datasets/MIST_HER2/trainA/HE/91M2100173_5_11.jpg,/trinity/home/m.romanov/benchmarking/datasets/MIST_HER2/trainB/IHC/91M2100173_5_11.jpg
19M2102438,19M2102438_31_18,0,0,2,/trinity/home/m.romanov/benchmarking/datasets/MIST_HER2/trainA/HE/19M2102438_31_18.jpg,/trinity/home/m.romanov/benchmarking/datasets/MIST_HER2/trainB/IHC/19M2102438_31_18.jpg
54M2101205,54M2101205_16_10,0,0,2,/trinity/home/m.romanov/benchmarking/datasets/MIST_HER2/trainA/HE/54M2101205_16_10.jpg,/trinity/home/m.romanov/benchmarking/datasets/MIST_HER2/trainB/IHC/54M2101205_16_10.jpg
28M2101987,28M2101987_20_23,0,0,2,/trinity/home/m.romanov/benchmarking/datasets/MIST_HER2/trainA/HE/28M2101987_20_23.jpg,/trinity/home/m.romanov/benchmarking/datasets/MIST_HER2/trainB/IHC/28M2101987_20_23.jpg
19M2102438,19M2102438_28_19,0,0,2,/trinity/home/m.romanov/benchmarking/datasets/MIST_HER2/trainA/HE/19M2102438_28_19.jpg,/trinity/home/m.romanov/benchmarking/datasets/MIST_HER2/trainB/IHC/19M2102438_28_19.jpg
27M2102007,27M2102007_16_14,0,0,2,/trinity/home/m.romanov/benchmarking/datasets/MIST_HER2/trainA/HE/27M2102007_16_14.jpg,/trinity/home/m.romanov/benchmarking/datasets/MIST_HER2/trainB/IHC/27M2102007_16_14.jpg
16M2102718,16M2102718_20_18,0,0,2,/trinity/home/m.romanov/benchmarking/datasets/MIST_HER2/trainA/HE/16M2102718_20_18.jpg,/trinity/home/m.romanov/benchmarking/datasets/MIST_HER2/trainB/IHC/16M2102718_20_18.jpg
80M2100377,80M2100377_13_27,0,0,2,/trinity/home/m.romanov/benchmarking/datasets/MIST_HER2/trainA/HE/80M2100377_13_27.jpg,/trinity/home/m.romanov/benchmarking/datasets/MIST_HER2/trainB/IHC/80M2100377_13_27.jpg
33M2101839,33M2101839_6_5,0,0,2,/trinity/home/m.romanov/benchmarking/datasets/MIST_HER2/trainA/HE/33M2101839_6_5.jpg,/trinity/home/m.romanov/benchmarking/datasets/MIST_HER2/trainB/IHC/33M2101839_6_5.jpg
65M2100668,65M2100668_19_19,0,0,2,/trinity/home/m.romanov/benchmarking/datasets/MIST_HER2/trainA/HE/65M2100668_19_19.jpg,/trinity/home/m.romanov/benchmarking/datasets/MIST_HER2/trainB/IHC/65M2100668_19_19.jpg
60M2100980,60M2100980_37_24,0,0,2,/trinity/home/m.romanov/benchmarking/datasets/MIST_HER2/trainA/HE/60M2100980_37_24.jpg,/trinity/home/m.romanov/benchmarking/datasets/MIST_HER2/trainB/IHC/60M2100980_37_24.jpg
25M2102060,25M2102060_32_21,0,0,2,/trinity/home/m.romanov/benchmarking/datasets/MIST_HER2/trainA/HE/25M2102060_32_21.jpg,/trinity/home/m.romanov/benchmarking/datasets/MIST_HER2/trainB/IHC/25M2102060_32_21.jpg
22M2102266,22M2102266_23_18,0,0,2,/trinity/home/m.romanov/benchmarking/datasets/MIST_HER2/trainA/HE/22M2102266_23_18.jpg,/trinity/home/m.romanov/benchmarking/datasets/MIST_HER2/trainB/IHC/22M2102266_23_18.jpg
16M2102718,16M2102718_9_22,0,0,2,/trinity/home/m.romanov/benchmarking/datasets/MIST_HER2/trainA/HE/16M2102718_9_22.jpg,/trinity/home/m.romanov/benchmarking/datasets/MIST_HER2/trainB/IHC/16M2102718_9_22.jpg
99M2004082,99M2004082_29_17,0,0,2,/trinity/home/m.romanov/benchmarking/datasets/MIST_HER2/trainA/HE/99M2004082_29_17.jpg,/trinity/home/m.romanov/benchmarking/datasets/MIST_HER2/trainB/IHC/99M2004082_29_17.jpg
53M2101258,53M2101258_26_16,0,0,2,/trinity/home/m.romanov/benchmarking/datasets/MIST_HER2/trainA/HE/53M2101258_26_16.jpg,/trinity/home/m.romanov/benchmarking/datasets/MIST_HER2/trainB/IHC/53M2101258_26_16.jpg
67M2100642,67M2100642_14_22,0,0,2,/trinity/home/m.romanov/benchmarking/datasets/MIST_HER2/trainA/HE/67M2100642_14_22.jpg,/trinity/home/m.romanov/benchmarking/datasets/MIST_HER2/trainB/IHC/67M2100642_14_22.jpg
98M2004096,98M2004096_21_4,0,0,2,/trinity/home/m.romanov/benchmarking/datasets/MIST_HER2/trainA/HE/98M2004096_21_4.jpg,/trinity/home/m.romanov/benchmarking/datasets/MIST_HER2/trainB/IHC/98M2004096_21_4.jpg
53M2101258,53M2101258_28_39,0,0,2,/trinity/home/m.romanov/benchmarking/datasets/MIST_HER2/trainA/HE/53M2101258_28_39.jpg,/trinity/home/m.romanov/benchmarking/datasets/MIST_HER2/trainB/IHC/53M2101258_28_39.jpg
4M2103059,4M2103059_20_6,0,0,2,/trinity/home/m.romanov/benchmarking/datasets/MIST_HER2/trainA/HE/4M2103059_20_6.jpg,/trinity/home/m.romanov/benchmarking/datasets/MIST_HER2/trainB/IHC/4M2103059_20_6.jpg
46M2101353,46M2101353_34_11,0,0,2,/trinity/home/m.romanov/benchmarking/datasets/MIST_HER2/trainA/HE/46M2101353_34_11.jpg,/trinity/home/m.romanov/benchmarking/datasets/MIST_HER2/trainB/IHC/46M2101353_34_11.jpg
79M2100417,79M2100417_14_21,0,0,2,/trinity/home/m.romanov/benchmarking/datasets/MIST_HER2/trainA/HE/79M2100417_14_21.jpg,/trinity/home/m.romanov/benchmarking/datasets/MIST_HER2/trainB/IHC/79M2100417_14_21.jpg
80M2100377,80M2100377_22_17,0,0,2,/trinity/home/m.romanov/benchmarking/datasets/MIST_HER2/trainA/HE/80M2100377_22_17.jpg,/trinity/home/m.romanov/benchmarking/datasets/MIST_HER2/trainB/IHC/80M2100377_22_17.jpg
59M2100987,59M2100987_25_12,0,0,2,/trinity/home/m.romanov/benchmarking/datasets/MIST_HER2/trainA/HE/59M2100987_25_12.jpg,/trinity/home/m.romanov/benchmarking/datasets/MIST_HER2/trainB/IHC/59M2100987_25_12.jpg
48M2101314,48M2101314_26_25,0,0,2,/trinity/home/m.romanov/benchmarking/datasets/MIST_HER2/trainA/HE/48M2101314_26_25.jpg,/trinity/home/m.romanov/benchmarking/datasets/MIST_HER2/trainB/IHC/48M2101314_26_25.jpg
48M2101314,48M2101314_17_22,0,0,2,/trinity/home/m.romanov/benchmarking/datasets/MIST_HER2/trainA/HE/48M2101314_17_22.jpg,/trinity/home/m.romanov/benchmarking/datasets/MIST_HER2/trainB/IHC/48M2101314_17_22.jpg
56M2101083,56M2101083_31_15,0,0,2,/trinity/home/m.romanov/benchmarking/datasets/MIST_HER2/trainA/HE/56M2101083_31_15.jpg,/trinity/home/m.romanov/benchmarking/datasets/MIST_HER2/trainB/IHC/56M2101083_31_15.jpg
79M2100417,79M2100417_15_11,0,0,2,/trinity/home/m.romanov/benchmarking/datasets/MIST_HER2/trainA/HE/79M2100417_15_11.jpg,/trinity/home/m.romanov/benchmarking/datasets/MIST_HER2/trainB/IHC/79M2100417_15_11.jpg
70M2100623,70M2100623_7_7,0,0,2,/trinity/home/m.romanov/benchmarking/datasets/MIST_HER2/trainA/HE/70M2100623_7_7.jpg,/trinity/home/m.romanov/benchmarking/datasets/MIST_HER2/trainB/IHC/70M2100623_7_7.jpg
14M2102785,14M2102785_16_8,0,0,2,/trinity/home/m.romanov/benchmarking/datasets/MIST_HER2/trainA/HE/14M2102785_16_8.jpg,/trinity/home/m.romanov/benchmarking/datasets/MIST_HER2/trainB/IHC/14M2102785_16_8.jpg
80M2100377,80M2100377_23_33,0,0,2,/trinity/home/m.romanov/benchmarking/datasets/MIST_HER2/trainA/HE/80M2100377_23_33.jpg,/trinity/home/m.romanov/benchmarking/datasets/MIST_HER2/trainB/IHC/80M2100377_23_33.jpg
10M2102916,10M2102916_21_13,0,0,2,/trinity/home/m.romanov/benchmarking/datasets/MIST_HER2/trainA/HE/10M2102916_21_13.jpg,/trinity/home/m.romanov/benchmarking/datasets/MIST_HER2/trainB/IHC/10M2102916_21_13.jpg
46M2101353,46M2101353_12_17,0,0,2,/trinity/home/m.romanov/benchmarking/datasets/MIST_HER2/trainA/HE/46M2101353_12_17.jpg,/trinity/home/m.romanov/benchmarking/datasets/MIST_HER2/trainB/IHC/46M2101353_12_17.jpg
46M2101353,46M2101353_12_26,0,0,2,/trinity/home/m.romanov/benchmarking/datasets/MIST_HER2/trainA/HE/46M2101353_12_26.jpg,/trinity/home/m.romanov/benchmarking/datasets/MIST_HER2/trainB/IHC/46M2101353_12_26.jpg
94M2100142,94M2100142_24_8,0,0,2,/trinity/home/m.romanov/benchmarking/datasets/MIST_HER2/trainA/HE/94M2100142_24_8.jpg,/trinity/home/m.romanov/benchmarking/datasets/MIST_HER2/trainB/IHC/94M2100142_24_8.jpg
75M2100521,75M2100521_14_16,0,0,2,/trinity/home/m.romanov/benchmarking/datasets/MIST_HER2/trainA/HE/75M2100521_14_16.jpg,/trinity/home/m.romanov/benchmarking/datasets/MIST_HER2/trainB/IHC/75M2100521_14_16.jpg
91M2100173,91M2100173_7_10,0,0,2,/trinity/home/m.romanov/benchmarking/datasets/MIST_HER2/trainA/HE/91M2100173_7_10.jpg,/trinity/home/m.romanov/benchmarking/datasets/MIST_HER2/trainB/IHC/91M2100173_7_10.jpg
69M2100632,69M2100632_30_23,0,0,2,/trinity/home/m.romanov/benchmarking/datasets/MIST_HER2/trainA/HE/69M2100632_30_23.jpg,/trinity/home/m.romanov/benchmarking/datasets/MIST_HER2/trainB/IHC/69M2100632_30_23.jpg
91M2100173,91M2100173_10_12,0,0,2,/trinity/home/m.romanov/benchmarking/datasets/MIST_HER2/trainA/HE/91M2100173_10_12.jpg,/trinity/home/m.romanov/benchmarking/datasets/MIST_HER2/trainB/IHC/91M2100173_10_12.jpg
25M2102060,25M2102060_9_13,0,0,2,/trinity/home/m.romanov/benchmarking/datasets/MIST_HER2/trainA/HE/25M2102060_9_13.jpg,/trinity/home/m.romanov/benchmarking/datasets/MIST_HER2/trainB/IHC/25M2102060_9_13.jpg
4M2103059,4M2103059_9_14,0,0,2,/trinity/home/m.romanov/benchmarking/datasets/MIST_HER2/trainA/HE/4M2103059_9_14.jpg,/trinity/home/m.romanov/benchmarking/datasets/MIST_HER2/trainB/IHC/4M2103059_9_14.jpg
48M2101314,48M2101314_40_18,0,0,2,/trinity/home/m.romanov/benchmarking/datasets/MIST_HER2/trainA/HE/48M2101314_40_18.jpg,/trinity/home/m.romanov/benchmarking/datasets/MIST_HER2/trainB/IHC/48M2101314_40_18.jpg
83M2100256,83M2100256_14_9,0,0,2,/trinity/home/m.romanov/benchmarking/datasets/MIST_HER2/trainA/HE/83M2100256_14_9.jpg,/trinity/home/m.romanov/benchmarking/datasets/MIST_HER2/trainB/IHC/83M2100256_14_9.jpg
25M2102060,25M2102060_14_14,0,0,2,/trinity/home/m.romanov/benchmarking/datasets/MIST_HER2/trainA/HE/25M2102060_14_14.jpg,/trinity/home/m.romanov/benchmarking/datasets/MIST_HER2/trainB/IHC/25M2102060_14_14.jpg
44M2101492,44M2101492_10_31,0,0,2,/trinity/home/m.romanov/benchmarking/datasets/MIST_HER2/trainA/HE/44M2101492_10_31.jpg,/trinity/home/m.romanov/benchmarking/datasets/MIST_HER2/trainB/IHC/44M2101492_10_31.jpg
10M2102916,10M2102916_17_27,0,0,2,/trinity/home/m.romanov/benchmarking/datasets/MIST_HER2/trainA/HE/10M2102916_17_27.jpg,/trinity/home/m.romanov/benchmarking/datasets/MIST_HER2/trainB/IHC/10M2102916_17_27.jpg
99M2004082,99M2004082_28_9,0,0,2,/trinity/home/m.romanov/benchmarking/datasets/MIST_HER2/trainA/HE/99M2004082_28_9.jpg,/trinity/home/m.romanov/benchmarking/datasets/MIST_HER2/trainB/IHC/99M2004082_28_9.jpg
100M2004069,100M2004069_26_7,0,0,2,/trinity/home/m.romanov/benchmarking/datasets/MIST_HER2/trainA/HE/100M2004069_26_7.jpg,/trinity/home/m.romanov/benchmarking/datasets/MIST_HER2/trainB/IHC/100M2004069_26_7.jpg
44M2101492,44M2101492_21_24,0,0,2,/trinity/home/m.romanov/benchmarking/datasets/MIST_HER2/trainA/HE/44M2101492_21_24.jpg,/trinity/home/m.romanov/benchmarking/datasets/MIST_HER2/trainB/IHC/44M2101492_21_24.jpg
94M2100142,94M2100142_16_15,0,0,2,/trinity/home/m.romanov/benchmarking/datasets/MIST_HER2/trainA/HE/94M2100142_16_15.jpg,/trinity/home/m.romanov/benchmarking/datasets/MIST_HER2/trainB/IHC/94M2100142_16_15.jpg
80M2100377,80M2100377_17_15,0,0,2,/trinity/home/m.romanov/benchmarking/datasets/MIST_HER2/trainA/HE/80M2100377_17_15.jpg,/trinity/home/m.romanov/benchmarking/datasets/MIST_HER2/trainB/IHC/80M2100377_17_15.jpg
53M2101258,53M2101258_23_19,0,0,2,/trinity/home/m.romanov/benchmarking/datasets/MIST_HER2/trainA/HE/53M2101258_23_19.jpg,/trinity/home/m.romanov/benchmarking/datasets/MIST_HER2/trainB/IHC/53M2101258_23_19.jpg
25M2102060,25M2102060_27_19,0,0,2,/trinity/home/m.romanov/benchmarking/datasets/MIST_HER2/trainA/HE/25M2102060_27_19.jpg,/trinity/home/m.romanov/benchmarking/datasets/MIST_HER2/trainB/IHC/25M2102060_27_19.jpg
67M2100642,67M2100642_17_19,0,0,2,/trinity/home/m.romanov/benchmarking/datasets/MIST_HER2/trainA/HE/67M2100642_17_19.jpg,/trinity/home/m.romanov/benchmarking/datasets/MIST_HER2/trainB/IHC/67M2100642_17_19.jpg
54M2101205,54M2101205_5_10,0,0,2,/trinity/home/m.romanov/benchmarking/datasets/MIST_HER2/trainA/HE/54M2101205_5_10.jpg,/trinity/home/m.romanov/benchmarking/datasets/MIST_HER2/trainB/IHC/54M2101205_5_10.jpg
81M2100356,81M2100356_13_19,0,0,2,/trinity/home/m.romanov/benchmarking/datasets/MIST_HER2/trainA/HE/81M2100356_13_19.jpg,/trinity/home/m.romanov/benchmarking/datasets/MIST_HER2/trainB/IHC/81M2100356_13_19.jpg
54M2101205,54M2101205_13_8,0,0,2,/trinity/home/m.romanov/benchmarking/datasets/MIST_HER2/trainA/HE/54M2101205_13_8.jpg,/trinity/home/m.romanov/benchmarking/datasets/MIST_HER2/trainB/IHC/54M2101205_13_8.jpg
77M2100464,77M2100464_27_10,0,0,2,/trinity/home/m.romanov/benchmarking/datasets/MIST_HER2/trainA/HE/77M2100464_27_10.jpg,/trinity/home/m.romanov/benchmarking/datasets/MIST_HER2/trainB/IHC/77M2100464_27_10.jpg
89M2100212,89M2100212_22_15,0,0,2,/trinity/home/m.romanov/benchmarking/datasets/MIST_HER2/trainA/HE/89M2100212_22_15.jpg,/trinity/home/m.romanov/benchmarking/datasets/MIST_HER2/trainB/IHC/89M2100212_22_15.jpg
91M2100173,91M2100173_10_10,0,0,2,/trinity/home/m.romanov/benchmarking/datasets/MIST_HER2/trainA/HE/91M2100173_10_10.jpg,/trinity/home/m.romanov/benchmarking/datasets/MIST_HER2/trainB/IHC/91M2100173_10_10.jpg
62M2100915,62M2100915_8_21,0,0,2,/trinity/home/m.romanov/benchmarking/datasets/MIST_HER2/trainA/HE/62M2100915_8_21.jpg,/trinity/home/m.romanov/benchmarking/datasets/MIST_HER2/trainB/IHC/62M2100915_8_21.jpg
99M2004082,99M2004082_5_3,0,0,2,/trinity/home/m.romanov/benchmarking/datasets/MIST_HER2/trainA/HE/99M2004082_5_3.jpg,/trinity/home/m.romanov/benchmarking/datasets/MIST_HER2/trainB/IHC/99M2004082_5_3.jpg
10M2102916,10M2102916_22_20,0,0,2,/trinity/home/m.romanov/benchmarking/datasets/MIST_HER2/trainA/HE/10M2102916_22_20.jpg,/trinity/home/m.romanov/benchmarking/datasets/MIST_HER2/trainB/IHC/10M2102916_22_20.jpg
25M2102060,25M2102060_10_13,0,0,2,/trinity/home/m.romanov/benchmarking/datasets/MIST_HER2/trainA/HE/25M2102060_10_13.jpg,/trinity/home/m.romanov/benchmarking/datasets/MIST_HER2/trainB/IHC/25M2102060_10_13.jpg
40M2101566,40M2101566_17_28,0,0,2,/trinity/home/m.romanov/benchmarking/datasets/MIST_HER2/trainA/HE/40M2101566_17_28.jpg,/trinity/home/m.romanov/benchmarking/datasets/MIST_HER2/trainB/IHC/40M2101566_17_28.jpg
14M2102785,14M2102785_21_16,0,0,2,/trinity/home/m.romanov/benchmarking/datasets/MIST_HER2/trainA/HE/14M2102785_21_16.jpg,/trinity/home/m.romanov/benchmarking/datasets/MIST_HER2/trainB/IHC/14M2102785_21_16.jpg
44M2101492,44M2101492_29_28,0,0,2,/trinity/home/m.romanov/benchmarking/datasets/MIST_HER2/trainA/HE/44M2101492_29_28.jpg,/trinity/home/m.romanov/benchmarking/datasets/MIST_HER2/trainB/IHC/44M2101492_29_28.jpg
54M2101205,54M2101205_9_13,0,0,2,/trinity/home/m.romanov/benchmarking/datasets/MIST_HER2/trainA/HE/54M2101205_9_13.jpg,/trinity/home/m.romanov/benchmarking/datasets/MIST_HER2/trainB/IHC/54M2101205_9_13.jpg
62M2100915,62M2100915_5_29,0,0,2,/trinity/home/m.romanov/benchmarking/datasets/MIST_HER2/trainA/HE/62M2100915_5_29.jpg,/trinity/home/m.romanov/benchmarking/datasets/MIST_HER2/trainB/IHC/62M2100915_5_29.jpg
48M2101314,48M2101314_4_23,0,0,2,/trinity/home/m.romanov/benchmarking/datasets/MIST_HER2/trainA/HE/48M2101314_4_23.jpg,/trinity/home/m.romanov/benchmarking/datasets/MIST_HER2/trainB/IHC/48M2101314_4_23.jpg
47M2101316,47M2101316_12_25,0,0,2,/trinity/home/m.romanov/benchmarking/datasets/MIST_HER2/trainA/HE/47M2101316_12_25.jpg,/trinity/home/m.romanov/benchmarking/datasets/MIST_HER2/trainB/IHC/47M2101316_12_25.jpg
46M2101353,46M2101353_20_19,0,0,2,/trinity/home/m.romanov/benchmarking/datasets/MIST_HER2/trainA/HE/46M2101353_20_19.jpg,/trinity/home/m.romanov/benchmarking/datasets/MIST_HER2/trainB/IHC/46M2101353_20_19.jpg
97M2100034,97M2100034_25_8,0,0,2,/trinity/home/m.romanov/benchmarking/datasets/MIST_HER2/trainA/HE/97M2100034_25_8.jpg,/trinity/home/m.romanov/benchmarking/datasets/MIST_HER2/trainB/IHC/97M2100034_25_8.jpg
70M2100623,70M2100623_32_7,0,0,2,/trinity/home/m.romanov/benchmarking/datasets/MIST_HER2/trainA/HE/70M2100623_32_7.jpg,/trinity/home/m.romanov/benchmarking/datasets/MIST_HER2/trainB/IHC/70M2100623_32_7.jpg
50M2101298,50M2101298_18_9,0,0,2,/trinity/home/m.romanov/benchmarking/datasets/MIST_HER2/trainA/HE/50M2101298_18_9.jpg,/trinity/home/m.romanov/benchmarking/datasets/MIST_HER2/trainB/IHC/50M2101298_18_9.jpg
76M2100485,76M2100485_34_22,0,0,2,/trinity/home/m.romanov/benchmarking/datasets/MIST_HER2/trainA/HE/76M2100485_34_22.jpg,/trinity/home/m.romanov/benchmarking/datasets/MIST_HER2/trainB/IHC/76M2100485_34_22.jpg
67M2100642,67M2100642_24_17,0,0,2,/trinity/home/m.romanov/benchmarking/datasets/MIST_HER2/trainA/HE/67M2100642_24_17.jpg,/trinity/home/m.romanov/benchmarking/datasets/MIST_HER2/trainB/IHC/67M2100642_24_17.jpg
10M2102916,10M2102916_14_24,0,0,2,/trinity/home/m.romanov/benchmarking/datasets/MIST_HER2/trainA/HE/10M2102916_14_24.jpg,/trinity/home/m.romanov/benchmarking/datasets/MIST_HER2/trainB/IHC/10M2102916_14_24.jpg
79M2100417,79M2100417_26_13,0,0,2,/trinity/home/m.romanov/benchmarking/datasets/MIST_HER2/trainA/HE/79M2100417_26_13.jpg,/trinity/home/m.romanov/benchmarking/datasets/MIST_HER2/trainB/IHC/79M2100417_26_13.jpg
19M2102438,19M2102438_15_10,0,0,2,/trinity/home/m.romanov/benchmarking/datasets/MIST_HER2/trainA/HE/19M2102438_15_10.jpg,/trinity/home/m.romanov/benchmarking/datasets/MIST_HER2/trainB/IHC/19M2102438_15_10.jpg
51M2101285,51M2101285_19_28,0,0,2,/trinity/home/m.romanov/benchmarking/datasets/MIST_HER2/trainA/HE/51M2101285_19_28.jpg,/trinity/home/m.romanov/benchmarking/datasets/MIST_HER2/trainB/IHC/51M2101285_19_28.jpg
65M2100668,65M2100668_16_22,0,0,2,/trinity/home/m.romanov/benchmarking/datasets/MIST_HER2/trainA/HE/65M2100668_16_22.jpg,/trinity/home/m.romanov/benchmarking/datasets/MIST_HER2/trainB/IHC/65M2100668_16_22.jpg
14M2102785,14M2102785_23_15,0,0,2,/trinity/home/m.romanov/benchmarking/datasets/MIST_HER2/trainA/HE/14M2102785_23_15.jpg,/trinity/home/m.romanov/benchmarking/datasets/MIST_HER2/trainB/IHC/14M2102785_23_15.jpg
76M2100485,76M2100485_29_17,0,0,2,/trinity/home/m.romanov/benchmarking/datasets/MIST_HER2/trainA/HE/76M2100485_29_17.jpg,/trinity/home/m.romanov/benchmarking/datasets/MIST_HER2/trainB/IHC/76M2100485_29_17.jpg
46M2101353,46M2101353_24_22,0,0,2,/trinity/home/m.romanov/benchmarking/datasets/MIST_HER2/trainA/HE/46M2101353_24_22.jpg,/trinity/home/m.romanov/benchmarking/datasets/MIST_HER2/trainB/IHC/46M2101353_24_22.jpg
19M2102438,19M2102438_30_7,0,0,2,/trinity/home/m.romanov/benchmarking/datasets/MIST_HER2/trainA/HE/19M2102438_30_7.jpg,/trinity/home/m.romanov/benchmarking/datasets/MIST_HER2/trainB/IHC/19M2102438_30_7.jpg
75M2100521,75M2100521_19_11,0,0,2,/trinity/home/m.romanov/benchmarking/datasets/MIST_HER2/trainA/HE/75M2100521_19_11.jpg,/trinity/home/m.romanov/benchmarking/datasets/MIST_HER2/trainB/IHC/75M2100521_19_11.jpg
100M2004069,100M2004069_16_22,0,0,2,/trinity/home/m.romanov/benchmarking/datasets/MIST_HER2/trainA/HE/100M2004069_16_22.jpg,/trinity/home/m.romanov/benchmarking/datasets/MIST_HER2/trainB/IHC/100M2004069_16_22.jpg
98M2004096,98M2004096_23_2,0,0,2,/trinity/home/m.romanov/benchmarking/datasets/MIST_HER2/trainA/HE/98M2004096_23_2.jpg,/trinity/home/m.romanov/benchmarking/datasets/MIST_HER2/trainB/IHC/98M2004096_23_2.jpg
97M2100034,97M2100034_5_13,0,0,2,/trinity/home/m.romanov/benchmarking/datasets/MIST_HER2/trainA/HE/97M2100034_5_13.jpg,/trinity/home/m.romanov/benchmarking/datasets/MIST_HER2/trainB/IHC/97M2100034_5_13.jpg
70M2100623,70M2100623_34_15,0,0,2,/trinity/home/m.romanov/benchmarking/datasets/MIST_HER2/trainA/HE/70M2100623_34_15.jpg,/trinity/home/m.romanov/benchmarking/datasets/MIST_HER2/trainB/IHC/70M2100623_34_15.jpg
4M2103059,4M2103059_24_7,0,0,2,/trinity/home/m.romanov/benchmarking/datasets/MIST_HER2/trainA/HE/4M2103059_24_7.jpg,/trinity/home/m.romanov/benchmarking/datasets/MIST_HER2/trainB/IHC/4M2103059_24_7.jpg
25M2102060,25M2102060_26_27,0,0,2,/trinity/home/m.romanov/benchmarking/datasets/MIST_HER2/trainA/HE/25M2102060_26_27.jpg,/trinity/home/m.romanov/benchmarking/datasets/MIST_HER2/trainB/IHC/25M2102060_26_27.jpg
93M2100147,93M2100147_8_5,0,0,2,/trinity/home/m.romanov/benchmarking/datasets/MIST_HER2/trainA/HE/93M2100147_8_5.jpg,/trinity/home/m.romanov/benchmarking/datasets/MIST_HER2/trainB/IHC/93M2100147_8_5.jpg
69M2100632,69M2100632_6_27,0,0,2,/trinity/home/m.romanov/benchmarking/datasets/MIST_HER2/trainA/HE/69M2100632_6_27.jpg,/trinity/home/m.romanov/benchmarking/datasets/MIST_HER2/trainB/IHC/69M2100632_6_27.jpg
74M2100526,74M2100526_14_29,0,0,2,/trinity/home/m.romanov/benchmarking/datasets/MIST_HER2/trainA/HE/74M2100526_14_29.jpg,/trinity/home/m.romanov/benchmarking/datasets/MIST_HER2/trainB/IHC/74M2100526_14_29.jpg
16M2102718,16M2102718_21_20,0,0,2,/trinity/home/m.romanov/benchmarking/datasets/MIST_HER2/trainA/HE/16M2102718_21_20.jpg,/trinity/home/m.romanov/benchmarking/datasets/MIST_HER2/trainB/IHC/16M2102718_21_20.jpg
97M2100034,97M2100034_27_15,0,0,2,/trinity/home/m.romanov/benchmarking/datasets/MIST_HER2/trainA/HE/97M2100034_27_15.jpg,/trinity/home/m.romanov/benchmarking/datasets/MIST_HER2/trainB/IHC/97M2100034_27_15.jpg
80M2100377,80M2100377_20_3,0,0,2,/trinity/home/m.romanov/benchmarking/datasets/MIST_HER2/trainA/HE/80M2100377_20_3.jpg,/trinity/home/m.romanov/benchmarking/datasets/MIST_HER2/trainB/IHC/80M2100377_20_3.jpg
30M2101953,30M2101953_10_14,0,0,2,/trinity/home/m.romanov/benchmarking/datasets/MIST_HER2/trainA/HE/30M2101953_10_14.jpg,/trinity/home/m.romanov/benchmarking/datasets/MIST_HER2/trainB/IHC/30M2101953_10_14.jpg
69M2100632,69M2100632_30_10,0,0,2,/trinity/home/m.romanov/benchmarking/datasets/MIST_HER2/trainA/HE/69M2100632_30_10.jpg,/trinity/home/m.romanov/benchmarking/datasets/MIST_HER2/trainB/IHC/69M2100632_30_10.jpg
70M2100623,70M2100623_18_19,0,0,2,/trinity/home/m.romanov/benchmarking/datasets/MIST_HER2/trainA/HE/70M2100623_18_19.jpg,/trinity/home/m.romanov/benchmarking/datasets/MIST_HER2/trainB/IHC/70M2100623_18_19.jpg
93M2100147,93M2100147_13_9,0,0,2,/trinity/home/m.romanov/benchmarking/datasets/MIST_HER2/trainA/HE/93M2100147_13_9.jpg,/trinity/home/m.romanov/benchmarking/datasets/MIST_HER2/trainB/IHC/93M2100147_13_9.jpg
81M2100356,81M2100356_18_29,0,0,2,/trinity/home/m.romanov/benchmarking/datasets/MIST_HER2/trainA/HE/81M2100356_18_29.jpg,/trinity/home/m.romanov/benchmarking/datasets/MIST_HER2/trainB/IHC/81M2100356_18_29.jpg
28M2101987,28M2101987_39_12,0,0,2,/trinity/home/m.romanov/benchmarking/datasets/MIST_HER2/trainA/HE/28M2101987_39_12.jpg,/trinity/home/m.romanov/benchmarking/datasets/MIST_HER2/trainB/IHC/28M2101987_39_12.jpg
83M2100256,83M2100256_33_20,0,0,2,/trinity/home/m.romanov/benchmarking/datasets/MIST_HER2/trainA/HE/83M2100256_33_20.jpg,/trinity/home/m.romanov/benchmarking/datasets/MIST_HER2/trainB/IHC/83M2100256_33_20.jpg
59M2100987,59M2100987_20_14,0,0,2,/trinity/home/m.romanov/benchmarking/datasets/MIST_HER2/trainA/HE/59M2100987_20_14.jpg,/trinity/home/m.romanov/benchmarking/datasets/MIST_HER2/trainB/IHC/59M2100987_20_14.jpg
60M2100980,60M2100980_32_19,0,0,2,/trinity/home/m.romanov/benchmarking/datasets/MIST_HER2/trainA/HE/60M2100980_32_19.jpg,/trinity/home/m.romanov/benchmarking/datasets/MIST_HER2/trainB/IHC/60M2100980_32_19.jpg
28M2101987,28M2101987_18_28,0,0,2,/trinity/home/m.romanov/benchmarking/datasets/MIST_HER2/trainA/HE/28M2101987_18_28.jpg,/trinity/home/m.romanov/benchmarking/datasets/MIST_HER2/trainB/IHC/28M2101987_18_28.jpg
54M2101205,54M2101205_24_17,0,0,2,/trinity/home/m.romanov/benchmarking/datasets/MIST_HER2/trainA/HE/54M2101205_24_17.jpg,/trinity/home/m.romanov/benchmarking/datasets/MIST_HER2/trainB/IHC/54M2101205_24_17.jpg
14M2102785,14M2102785_3_11,0,0,2,/trinity/home/m.romanov/benchmarking/datasets/MIST_HER2/trainA/HE/14M2102785_3_11.jpg,/trinity/home/m.romanov/benchmarking/datasets/MIST_HER2/trainB/IHC/14M2102785_3_11.jpg
75M2100521,75M2100521_9_15,0,0,2,/trinity/home/m.romanov/benchmarking/datasets/MIST_HER2/trainA/HE/75M2100521_9_15.jpg,/trinity/home/m.romanov/benchmarking/datasets/MIST_HER2/trainB/IHC/75M2100521_9_15.jpg
53M2101258,53M2101258_30_17,0,0,2,/trinity/home/m.romanov/benchmarking/datasets/MIST_HER2/trainA/HE/53M2101258_30_17.jpg,/trinity/home/m.romanov/benchmarking/datasets/MIST_HER2/trainB/IHC/53M2101258_30_17.jpg
75M2100521,75M2100521_18_16,0,0,2,/trinity/home/m.romanov/benchmarking/datasets/MIST_HER2/trainA/HE/75M2100521_18_16.jpg,/trinity/home/m.romanov/benchmarking/datasets/MIST_HER2/trainB/IHC/75M2100521_18_16.jpg
54M2101205,54M2101205_16_8,0,0,2,/trinity/home/m.romanov/benchmarking/datasets/MIST_HER2/trainA/HE/54M2101205_16_8.jpg,/trinity/home/m.romanov/benchmarking/datasets/MIST_HER2/trainB/IHC/54M2101205_16_8.jpg
10M2102916,10M2102916_26_27,0,0,2,/trinity/home/m.romanov/benchmarking/datasets/MIST_HER2/trainA/HE/10M2102916_26_27.jpg,/trinity/home/m.romanov/benchmarking/datasets/MIST_HER2/trainB/IHC/10M2102916_26_27.jpg
99M2004082,99M2004082_15_22,0,0,2,/trinity/home/m.romanov/benchmarking/datasets/MIST_HER2/trainA/HE/99M2004082_15_22.jpg,/trinity/home/m.romanov/benchmarking/datasets/MIST_HER2/trainB/IHC/99M2004082_15_22.jpg
80M2100377,80M2100377_25_22,0,0,2,/trinity/home/m.romanov/benchmarking/datasets/MIST_HER2/trainA/HE/80M2100377_25_22.jpg,/trinity/home/m.romanov/benchmarking/datasets/MIST_HER2/trainB/IHC/80M2100377_25_22.jpg
6M2103024,6M2103024_25_15,0,0,2,/trinity/home/m.romanov/benchmarking/datasets/MIST_HER2/trainA/HE/6M2103024_25_15.jpg,/trinity/home/m.romanov/benchmarking/datasets/MIST_HER2/trainB/IHC/6M2103024_25_15.jpg
83M2100256,83M2100256_33_16,0,0,2,/trinity/home/m.romanov/benchmarking/datasets/MIST_HER2/trainA/HE/83M2100256_33_16.jpg,/trinity/home/m.romanov/benchmarking/datasets/MIST_HER2/trainB/IHC/83M2100256_33_16.jpg
91M2100173,91M2100173_21_23,0,0,2,/trinity/home/m.romanov/benchmarking/datasets/MIST_HER2/trainA/HE/91M2100173_21_23.jpg,/trinity/home/m.romanov/benchmarking/datasets/MIST_HER2/trainB/IHC/91M2100173_21_23.jpg
99M2004082,99M2004082_20_11,0,0,2,/trinity/home/m.romanov/benchmarking/datasets/MIST_HER2/trainA/HE/99M2004082_20_11.jpg,/trinity/home/m.romanov/benchmarking/datasets/MIST_HER2/trainB/IHC/99M2004082_20_11.jpg
56M2101083,56M2101083_30_22,0,0,2,/trinity/home/m.romanov/benchmarking/datasets/MIST_HER2/trainA/HE/56M2101083_30_22.jpg,/trinity/home/m.romanov/benchmarking/datasets/MIST_HER2/trainB/IHC/56M2101083_30_22.jpg
6M2103024,6M2103024_37_15,0,0,2,/trinity/home/m.romanov/benchmarking/datasets/MIST_HER2/trainA/HE/6M2103024_37_15.jpg,/trinity/home/m.romanov/benchmarking/datasets/MIST_HER2/trainB/IHC/6M2103024_37_15.jpg
76M2100485,76M2100485_26_25,0,0,2,/trinity/home/m.romanov/benchmarking/datasets/MIST_HER2/trainA/HE/76M2100485_26_25.jpg,/trinity/home/m.romanov/benchmarking/datasets/MIST_HER2/trainB/IHC/76M2100485_26_25.jpg
27M2102007,27M2102007_4_22,0,0,2,/trinity/home/m.romanov/benchmarking/datasets/MIST_HER2/trainA/HE/27M2102007_4_22.jpg,/trinity/home/m.romanov/benchmarking/datasets/MIST_HER2/trainB/IHC/27M2102007_4_22.jpg
53M2101258,53M2101258_14_28,0,0,2,/trinity/home/m.romanov/benchmarking/datasets/MIST_HER2/trainA/HE/53M2101258_14_28.jpg,/trinity/home/m.romanov/benchmarking/datasets/MIST_HER2/trainB/IHC/53M2101258_14_28.jpg
79M2100417,79M2100417_10_22,0,0,2,/trinity/home/m.romanov/benchmarking/datasets/MIST_HER2/trainA/HE/79M2100417_10_22.jpg,/trinity/home/m.romanov/benchmarking/datasets/MIST_HER2/trainB/IHC/79M2100417_10_22.jpg
31M2101871,31M2101871_34_14,0,0,2,/trinity/home/m.romanov/benchmarking/datasets/MIST_HER2/trainA/HE/31M2101871_34_14.jpg,/trinity/home/m.romanov/benchmarking/datasets/MIST_HER2/trainB/IHC/31M2101871_34_14.jpg
59M2100987,59M2100987_32_14,0,0,2,/trinity/home/m.romanov/benchmarking/datasets/MIST_HER2/trainA/HE/59M2100987_32_14.jpg,/trinity/home/m.romanov/benchmarking/datasets/MIST_HER2/trainB/IHC/59M2100987_32_14.jpg
65M2100668,65M2100668_23_6,0,0,2,/trinity/home/m.romanov/benchmarking/datasets/MIST_HER2/trainA/HE/65M2100668_23_6.jpg,/trinity/home/m.romanov/benchmarking/datasets/MIST_HER2/trainB/IHC/65M2100668_23_6.jpg
48M2101314,48M2101314_17_21,0,0,2,/trinity/home/m.romanov/benchmarking/datasets/MIST_HER2/trainA/HE/48M2101314_17_21.jpg,/trinity/home/m.romanov/benchmarking/datasets/MIST_HER2/trainB/IHC/48M2101314_17_21.jpg
74M2100526,74M2100526_26_13,0,0,2,/trinity/home/m.romanov/benchmarking/datasets/MIST_HER2/trainA/HE/74M2100526_26_13.jpg,/trinity/home/m.romanov/benchmarking/datasets/MIST_HER2/trainB/IHC/74M2100526_26_13.jpg
28M2101987,28M2101987_14_21,0,0,2,/trinity/home/m.romanov/benchmarking/datasets/MIST_HER2/trainA/HE/28M2101987_14_21.jpg,/trinity/home/m.romanov/benchmarking/datasets/MIST_HER2/trainB/IHC/28M2101987_14_21.jpg
91M2100173,91M2100173_8_6,0,0,2,/trinity/home/m.romanov/benchmarking/datasets/MIST_HER2/trainA/HE/91M2100173_8_6.jpg,/trinity/home/m.romanov/benchmarking/datasets/MIST_HER2/trainB/IHC/91M2100173_8_6.jpg
50M2101298,50M2101298_14_11,0,0,2,/trinity/home/m.romanov/benchmarking/datasets/MIST_HER2/trainA/HE/50M2101298_14_11.jpg,/trinity/home/m.romanov/benchmarking/datasets/MIST_HER2/trainB/IHC/50M2101298_14_11.jpg
2M2103108,2M2103108_12_25,0,0,2,/trinity/home/m.romanov/benchmarking/datasets/MIST_HER2/trainA/HE/2M2103108_12_25.jpg,/trinity/home/m.romanov/benchmarking/datasets/MIST_HER2/trainB/IHC/2M2103108_12_25.jpg
70M2100623,70M2100623_12_6,0,0,2,/trinity/home/m.romanov/benchmarking/datasets/MIST_HER2/trainA/HE/70M2100623_12_6.jpg,/trinity/home/m.romanov/benchmarking/datasets/MIST_HER2/trainB/IHC/70M2100623_12_6.jpg
77M2100464,77M2100464_7_18,0,0,2,/trinity/home/m.romanov/benchmarking/datasets/MIST_HER2/trainA/HE/77M2100464_7_18.jpg,/trinity/home/m.romanov/benchmarking/datasets/MIST_HER2/trainB/IHC/77M2100464_7_18.jpg
39M2101576,39M2101576_23_14,0,0,2,/trinity/home/m.romanov/benchmarking/datasets/MIST_HER2/trainA/HE/39M2101576_23_14.jpg,/trinity/home/m.romanov/benchmarking/datasets/MIST_HER2/trainB/IHC/39M2101576_23_14.jpg
28M2101987,28M2101987_19_23,0,0,2,/trinity/home/m.romanov/benchmarking/datasets/MIST_HER2/trainA/HE/28M2101987_19_23.jpg,/trinity/home/m.romanov/benchmarking/datasets/MIST_HER2/trainB/IHC/28M2101987_19_23.jpg
88M2100218,88M2100218_20_4,0,0,2,/trinity/home/m.romanov/benchmarking/datasets/MIST_HER2/trainA/HE/88M2100218_20_4.jpg,/trinity/home/m.romanov/benchmarking/datasets/MIST_HER2/trainB/IHC/88M2100218_20_4.jpg
80M2100377,80M2100377_32_26,0,0,2,/trinity/home/m.romanov/benchmarking/datasets/MIST_HER2/trainA/HE/80M2100377_32_26.jpg,/trinity/home/m.romanov/benchmarking/datasets/MIST_HER2/trainB/IHC/80M2100377_32_26.jpg
46M2101353,46M2101353_15_15,0,0,2,/trinity/home/m.romanov/benchmarking/datasets/MIST_HER2/trainA/HE/46M2101353_15_15.jpg,/trinity/home/m.romanov/benchmarking/datasets/MIST_HER2/trainB/IHC/46M2101353_15_15.jpg
67M2100642,67M2100642_18_9,0,0,2,/trinity/home/m.romanov/benchmarking/datasets/MIST_HER2/trainA/HE/67M2100642_18_9.jpg,/trinity/home/m.romanov/benchmarking/datasets/MIST_HER2/trainB/IHC/67M2100642_18_9.jpg
79M2100417,79M2100417_23_18,0,0,2,/trinity/home/m.romanov/benchmarking/datasets/MIST_HER2/trainA/HE/79M2100417_23_18.jpg,/trinity/home/m.romanov/benchmarking/datasets/MIST_HER2/trainB/IHC/79M2100417_23_18.jpg
46M2101353,46M2101353_30_16,0,0,2,/trinity/home/m.romanov/benchmarking/datasets/MIST_HER2/trainA/HE/46M2101353_30_16.jpg,/trinity/home/m.romanov/benchmarking/datasets/MIST_HER2/trainB/IHC/46M2101353_30_16.jpg
81M2100356,81M2100356_20_11,0,0,2,/trinity/home/m.romanov/benchmarking/datasets/MIST_HER2/trainA/HE/81M2100356_20_11.jpg,/trinity/home/m.romanov/benchmarking/datasets/MIST_HER2/trainB/IHC/81M2100356_20_11.jpg
59M2100987,59M2100987_26_14,0,0,2,/trinity/home/m.romanov/benchmarking/datasets/MIST_HER2/trainA/HE/59M2100987_26_14.jpg,/trinity/home/m.romanov/benchmarking/datasets/MIST_HER2/trainB/IHC/59M2100987_26_14.jpg
19M2102438,19M2102438_29_23,0,0,2,/trinity/home/m.romanov/benchmarking/datasets/MIST_HER2/trainA/HE/19M2102438_29_23.jpg,/trinity/home/m.romanov/benchmarking/datasets/MIST_HER2/trainB/IHC/19M2102438_29_23.jpg
53M2101258,53M2101258_22_18,0,0,2,/trinity/home/m.romanov/benchmarking/datasets/MIST_HER2/trainA/HE/53M2101258_22_18.jpg,/trinity/home/m.romanov/benchmarking/datasets/MIST_HER2/trainB/IHC/53M2101258_22_18.jpg
6M2103024,6M2103024_15_14,0,0,2,/trinity/home/m.romanov/benchmarking/datasets/MIST_HER2/trainA/HE/6M2103024_15_14.jpg,/trinity/home/m.romanov/benchmarking/datasets/MIST_HER2/trainB/IHC/6M2103024_15_14.jpg
27M2102007,27M2102007_12_29,0,0,2,/trinity/home/m.romanov/benchmarking/datasets/MIST_HER2/trainA/HE/27M2102007_12_29.jpg,/trinity/home/m.romanov/benchmarking/datasets/MIST_HER2/trainB/IHC/27M2102007_12_29.jpg
27M2102007,27M2102007_10_15,0,0,2,/trinity/home/m.romanov/benchmarking/datasets/MIST_HER2/trainA/HE/27M2102007_10_15.jpg,/trinity/home/m.romanov/benchmarking/datasets/MIST_HER2/trainB/IHC/27M2102007_10_15.jpg
14M2102785,14M2102785_14_8,0,0,2,/trinity/home/m.romanov/benchmarking/datasets/MIST_HER2/trainA/HE/14M2102785_14_8.jpg,/trinity/home/m.romanov/benchmarking/datasets/MIST_HER2/trainB/IHC/14M2102785_14_8.jpg
23M2102136,23M2102136_35_11,0,0,2,/trinity/home/m.romanov/benchmarking/datasets/MIST_HER2/trainA/HE/23M2102136_35_11.jpg,/trinity/home/m.romanov/benchmarking/datasets/MIST_HER2/trainB/IHC/23M2102136_35_11.jpg
56M2101083,56M2101083_26_11,0,0,2,/trinity/home/m.romanov/benchmarking/datasets/MIST_HER2/trainA/HE/56M2101083_26_11.jpg,/trinity/home/m.romanov/benchmarking/datasets/MIST_HER2/trainB/IHC/56M2101083_26_11.jpg
70M2100623,70M2100623_40_15,0,0,2,/trinity/home/m.romanov/benchmarking/datasets/MIST_HER2/trainA/HE/70M2100623_40_15.jpg,/trinity/home/m.romanov/benchmarking/datasets/MIST_HER2/trainB/IHC/70M2100623_40_15.jpg
39M2101576,39M2101576_7_28,0,0,2,/trinity/home/m.romanov/benchmarking/datasets/MIST_HER2/trainA/HE/39M2101576_7_28.jpg,/trinity/home/m.romanov/benchmarking/datasets/MIST_HER2/trainB/IHC/39M2101576_7_28.jpg
93M2100147,93M2100147_11_20,0,0,2,/trinity/home/m.romanov/benchmarking/datasets/MIST_HER2/trainA/HE/93M2100147_11_20.jpg,/trinity/home/m.romanov/benchmarking/datasets/MIST_HER2/trainB/IHC/93M2100147_11_20.jpg
93M2100147,93M2100147_5_8,0,0,2,/trinity/home/m.romanov/benchmarking/datasets/MIST_HER2/trainA/HE/93M2100147_5_8.jpg,/trinity/home/m.romanov/benchmarking/datasets/MIST_HER2/trainB/IHC/93M2100147_5_8.jpg
67M2100642,67M2100642_22_8,0,0,2,/trinity/home/m.romanov/benchmarking/datasets/MIST_HER2/trainA/HE/67M2100642_22_8.jpg,/trinity/home/m.romanov/benchmarking/datasets/MIST_HER2/trainB/IHC/67M2100642_22_8.jpg
77M2100464,77M2100464_10_12,0,0,2,/trinity/home/m.romanov/benchmarking/datasets/MIST_HER2/trainA/HE/77M2100464_10_12.jpg,/trinity/home/m.romanov/benchmarking/datasets/MIST_HER2/trainB/IHC/77M2100464_10_12.jpg
56M2101083,56M2101083_36_16,0,0,2,/trinity/home/m.romanov/benchmarking/datasets/MIST_HER2/trainA/HE/56M2101083_36_16.jpg,/trinity/home/m.romanov/benchmarking/datasets/MIST_HER2/trainB/IHC/56M2101083_36_16.jpg
19M2102438,19M2102438_19_24,0,0,2,/trinity/home/m.romanov/benchmarking/datasets/MIST_HER2/trainA/HE/19M2102438_19_24.jpg,/trinity/home/m.romanov/benchmarking/datasets/MIST_HER2/trainB/IHC/19M2102438_19_24.jpg
67M2100642,67M2100642_8_12,0,0,2,/trinity/home/m.romanov/benchmarking/datasets/MIST_HER2/trainA/HE/67M2100642_8_12.jpg,/trinity/home/m.romanov/benchmarking/datasets/MIST_HER2/trainB/IHC/67M2100642_8_12.jpg
88M2100218,88M2100218_23_25,0,0,2,/trinity/home/m.romanov/benchmarking/datasets/MIST_HER2/trainA/HE/88M2100218_23_25.jpg,/trinity/home/m.romanov/benchmarking/datasets/MIST_HER2/trainB/IHC/88M2100218_23_25.jpg
47M2101316,47M2101316_8_20,0,0,2,/trinity/home/m.romanov/benchmarking/datasets/MIST_HER2/trainA/HE/47M2101316_8_20.jpg,/trinity/home/m.romanov/benchmarking/datasets/MIST_HER2/trainB/IHC/47M2101316_8_20.jpg
44M2101492,44M2101492_10_13,0,0,2,/trinity/home/m.romanov/benchmarking/datasets/MIST_HER2/trainA/HE/44M2101492_10_13.jpg,/trinity/home/m.romanov/benchmarking/datasets/MIST_HER2/trainB/IHC/44M2101492_10_13.jpg
45M2101377,45M2101377_19_18,0,0,2,/trinity/home/m.romanov/benchmarking/datasets/MIST_HER2/trainA/HE/45M2101377_19_18.jpg,/trinity/home/m.romanov/benchmarking/datasets/MIST_HER2/trainB/IHC/45M2101377_19_18.jpg
68M2100640,68M2100640_31_14,0,0,2,/trinity/home/m.romanov/benchmarking/datasets/MIST_HER2/trainA/HE/68M2100640_31_14.jpg,/trinity/home/m.romanov/benchmarking/datasets/MIST_HER2/trainB/IHC/68M2100640_31_14.jpg
28M2101987,28M2101987_31_27,0,0,2,/trinity/home/m.romanov/benchmarking/datasets/MIST_HER2/trainA/HE/28M2101987_31_27.jpg,/trinity/home/m.romanov/benchmarking/datasets/MIST_HER2/trainB/IHC/28M2101987_31_27.jpg
6M2103024,6M2103024_21_15,0,0,2,/trinity/home/m.romanov/benchmarking/datasets/MIST_HER2/trainA/HE/6M2103024_21_15.jpg,/trinity/home/m.romanov/benchmarking/datasets/MIST_HER2/trainB/IHC/6M2103024_21_15.jpg
91M2100173,91M2100173_21_22,0,0,2,/trinity/home/m.romanov/benchmarking/datasets/MIST_HER2/trainA/HE/91M2100173_21_22.jpg,/trinity/home/m.romanov/benchmarking/datasets/MIST_HER2/trainB/IHC/91M2100173_21_22.jpg
83M2100256,83M2100256_22_17,0,0,2,/trinity/home/m.romanov/benchmarking/datasets/MIST_HER2/trainA/HE/83M2100256_22_17.jpg,/trinity/home/m.romanov/benchmarking/datasets/MIST_HER2/trainB/IHC/83M2100256_22_17.jpg
22M2102266,22M2102266_13_16,0,0,2,/trinity/home/m.romanov/benchmarking/datasets/MIST_HER2/trainA/HE/22M2102266_13_16.jpg,/trinity/home/m.romanov/benchmarking/datasets/MIST_HER2/trainB/IHC/22M2102266_13_16.jpg
54M2101205,54M2101205_11_15,0,0,2,/trinity/home/m.romanov/benchmarking/datasets/MIST_HER2/trainA/HE/54M2101205_11_15.jpg,/trinity/home/m.romanov/benchmarking/datasets/MIST_HER2/trainB/IHC/54M2101205_11_15.jpg
98M2004096,98M2004096_21_10,0,0,2,/trinity/home/m.romanov/benchmarking/datasets/MIST_HER2/trainA/HE/98M2004096_21_10.jpg,/trinity/home/m.romanov/benchmarking/datasets/MIST_HER2/trainB/IHC/98M2004096_21_10.jpg
51M2101285,51M2101285_29_11,0,0,2,/trinity/home/m.romanov/benchmarking/datasets/MIST_HER2/trainA/HE/51M2101285_29_11.jpg,/trinity/home/m.romanov/benchmarking/datasets/MIST_HER2/trainB/IHC/51M2101285_29_11.jpg
70M2100623,70M2100623_32_10,0,0,2,/trinity/home/m.romanov/benchmarking/datasets/MIST_HER2/trainA/HE/70M2100623_32_10.jpg,/trinity/home/m.romanov/benchmarking/datasets/MIST_HER2/trainB/IHC/70M2100623_32_10.jpg
6M2103024,6M2103024_25_11,0,0,2,/trinity/home/m.romanov/benchmarking/datasets/MIST_HER2/trainA/HE/6M2103024_25_11.jpg,/trinity/home/m.romanov/benchmarking/datasets/MIST_HER2/trainB/IHC/6M2103024_25_11.jpg
100M2004069,100M2004069_6_23,0,0,2,/trinity/home/m.romanov/benchmarking/datasets/MIST_HER2/trainA/HE/100M2004069_6_23.jpg,/trinity/home/m.romanov/benchmarking/datasets/MIST_HER2/trainB/IHC/100M2004069_6_23.jpg
79M2100417,79M2100417_14_16,0,0,2,/trinity/home/m.romanov/benchmarking/datasets/MIST_HER2/trainA/HE/79M2100417_14_16.jpg,/trinity/home/m.romanov/benchmarking/datasets/MIST_HER2/trainB/IHC/79M2100417_14_16.jpg
28M2101987,28M2101987_20_16,0,0,2,/trinity/home/m.romanov/benchmarking/datasets/MIST_HER2/trainA/HE/28M2101987_20_16.jpg,/trinity/home/m.romanov/benchmarking/datasets/MIST_HER2/trainB/IHC/28M2101987_20_16.jpg
77M2100464,77M2100464_15_26,0,0,2,/trinity/home/m.romanov/benchmarking/datasets/MIST_HER2/trainA/HE/77M2100464_15_26.jpg,/trinity/home/m.romanov/benchmarking/datasets/MIST_HER2/trainB/IHC/77M2100464_15_26.jpg
47M2101316,47M2101316_15_7,0,0,2,/trinity/home/m.romanov/benchmarking/datasets/MIST_HER2/trainA/HE/47M2101316_15_7.jpg,/trinity/home/m.romanov/benchmarking/datasets/MIST_HER2/trainB/IHC/47M2101316_15_7.jpg
31M2101871,31M2101871_37_17,0,0,2,/trinity/home/m.romanov/benchmarking/datasets/MIST_HER2/trainA/HE/31M2101871_37_17.jpg,/trinity/home/m.romanov/benchmarking/datasets/MIST_HER2/trainB/IHC/31M2101871_37_17.jpg
91M2100173,91M2100173_5_13,0,0,2,/trinity/home/m.romanov/benchmarking/datasets/MIST_HER2/trainA/HE/91M2100173_5_13.jpg,/trinity/home/m.romanov/benchmarking/datasets/MIST_HER2/trainB/IHC/91M2100173_5_13.jpg
48M2101314,48M2101314_2_19,0,0,2,/trinity/home/m.romanov/benchmarking/datasets/MIST_HER2/trainA/HE/48M2101314_2_19.jpg,/trinity/home/m.romanov/benchmarking/datasets/MIST_HER2/trainB/IHC/48M2101314_2_19.jpg
91M2100173,91M2100173_3_8,0,0,2,/trinity/home/m.romanov/benchmarking/datasets/MIST_HER2/trainA/HE/91M2100173_3_8.jpg,/trinity/home/m.romanov/benchmarking/datasets/MIST_HER2/trainB/IHC/91M2100173_3_8.jpg
75M2100521,75M2100521_25_12,0,0,2,/trinity/home/m.romanov/benchmarking/datasets/MIST_HER2/trainA/HE/75M2100521_25_12.jpg,/trinity/home/m.romanov/benchmarking/datasets/MIST_HER2/trainB/IHC/75M2100521_25_12.jpg
14M2102785,14M2102785_12_6,0,0,2,/trinity/home/m.romanov/benchmarking/datasets/MIST_HER2/trainA/HE/14M2102785_12_6.jpg,/trinity/home/m.romanov/benchmarking/datasets/MIST_HER2/trainB/IHC/14M2102785_12_6.jpg
51M2101285,51M2101285_28_17,0,0,2,/trinity/home/m.romanov/benchmarking/datasets/MIST_HER2/trainA/HE/51M2101285_28_17.jpg,/trinity/home/m.romanov/benchmarking/datasets/MIST_HER2/trainB/IHC/51M2101285_28_17.jpg
50M2101298,50M2101298_5_13,0,0,2,/trinity/home/m.romanov/benchmarking/datasets/MIST_HER2/trainA/HE/50M2101298_5_13.jpg,/trinity/home/m.romanov/benchmarking/datasets/MIST_HER2/trainB/IHC/50M2101298_5_13.jpg
23M2102136,23M2102136_30_16,0,0,2,/trinity/home/m.romanov/benchmarking/datasets/MIST_HER2/trainA/HE/23M2102136_30_16.jpg,/trinity/home/m.romanov/benchmarking/datasets/MIST_HER2/trainB/IHC/23M2102136_30_16.jpg
51M2101285,51M2101285_29_7,0,0,2,/trinity/home/m.romanov/benchmarking/datasets/MIST_HER2/trainA/HE/51M2101285_29_7.jpg,/trinity/home/m.romanov/benchmarking/datasets/MIST_HER2/trainB/IHC/51M2101285_29_7.jpg
94M2100142,94M2100142_27_14,0,0,2,/trinity/home/m.romanov/benchmarking/datasets/MIST_HER2/trainA/HE/94M2100142_27_14.jpg,/trinity/home/m.romanov/benchmarking/datasets/MIST_HER2/trainB/IHC/94M2100142_27_14.jpg
57M2101034,57M2101034_18_20,0,0,2,/trinity/home/m.romanov/benchmarking/datasets/MIST_HER2/trainA/HE/57M2101034_18_20.jpg,/trinity/home/m.romanov/benchmarking/datasets/MIST_HER2/trainB/IHC/57M2101034_18_20.jpg
100M2004069,100M2004069_10_12,0,0,2,/trinity/home/m.romanov/benchmarking/datasets/MIST_HER2/trainA/HE/100M2004069_10_12.jpg,/trinity/home/m.romanov/benchmarking/datasets/MIST_HER2/trainB/IHC/100M2004069_10_12.jpg
57M2101034,57M2101034_15_24,0,0,2,/trinity/home/m.romanov/benchmarking/datasets/MIST_HER2/trainA/HE/57M2101034_15_24.jpg,/trinity/home/m.romanov/benchmarking/datasets/MIST_HER2/trainB/IHC/57M2101034_15_24.jpg
10M2102916,10M2102916_24_12,0,0,2,/trinity/home/m.romanov/benchmarking/datasets/MIST_HER2/trainA/HE/10M2102916_24_12.jpg,/trinity/home/m.romanov/benchmarking/datasets/MIST_HER2/trainB/IHC/10M2102916_24_12.jpg
40M2101566,40M2101566_44_25,0,0,2,/trinity/home/m.romanov/benchmarking/datasets/MIST_HER2/trainA/HE/40M2101566_44_25.jpg,/trinity/home/m.romanov/benchmarking/datasets/MIST_HER2/trainB/IHC/40M2101566_44_25.jpg
76M2100485,76M2100485_22_22,0,0,2,/trinity/home/m.romanov/benchmarking/datasets/MIST_HER2/trainA/HE/76M2100485_22_22.jpg,/trinity/home/m.romanov/benchmarking/datasets/MIST_HER2/trainB/IHC/76M2100485_22_22.jpg
53M2101258,53M2101258_14_29,0,0,2,/trinity/home/m.romanov/benchmarking/datasets/MIST_HER2/trainA/HE/53M2101258_14_29.jpg,/trinity/home/m.romanov/benchmarking/datasets/MIST_HER2/trainB/IHC/53M2101258_14_29.jpg
80M2100377,80M2100377_12_28,0,0,2,/trinity/home/m.romanov/benchmarking/datasets/MIST_HER2/trainA/HE/80M2100377_12_28.jpg,/trinity/home/m.romanov/benchmarking/datasets/MIST_HER2/trainB/IHC/80M2100377_12_28.jpg
70M2100623,70M2100623_11_4,0,0,2,/trinity/home/m.romanov/benchmarking/datasets/MIST_HER2/trainA/HE/70M2100623_11_4.jpg,/trinity/home/m.romanov/benchmarking/datasets/MIST_HER2/trainB/IHC/70M2100623_11_4.jpg
83M2100256,83M2100256_17_24,0,0,2,/trinity/home/m.romanov/benchmarking/datasets/MIST_HER2/trainA/HE/83M2100256_17_24.jpg,/trinity/home/m.romanov/benchmarking/datasets/MIST_HER2/trainB/IHC/83M2100256_17_24.jpg
65M2100668,65M2100668_25_10,0,0,2,/trinity/home/m.romanov/benchmarking/datasets/MIST_HER2/trainA/HE/65M2100668_25_10.jpg,/trinity/home/m.romanov/benchmarking/datasets/MIST_HER2/trainB/IHC/65M2100668_25_10.jpg
53M2101258,53M2101258_18_34,0,0,2,/trinity/home/m.romanov/benchmarking/datasets/MIST_HER2/trainA/HE/53M2101258_18_34.jpg,/trinity/home/m.romanov/benchmarking/datasets/MIST_HER2/trainB/IHC/53M2101258_18_34.jpg
70M2100623,70M2100623_36_18,0,0,2,/trinity/home/m.romanov/benchmarking/datasets/MIST_HER2/trainA/HE/70M2100623_36_18.jpg,/trinity/home/m.romanov/benchmarking/datasets/MIST_HER2/trainB/IHC/70M2100623_36_18.jpg
80M2100377,80M2100377_19_8,0,0,2,/trinity/home/m.romanov/benchmarking/datasets/MIST_HER2/trainA/HE/80M2100377_19_8.jpg,/trinity/home/m.romanov/benchmarking/datasets/MIST_HER2/trainB/IHC/80M2100377_19_8.jpg
40M2101566,40M2101566_27_36,0,0,2,/trinity/home/m.romanov/benchmarking/datasets/MIST_HER2/trainA/HE/40M2101566_27_36.jpg,/trinity/home/m.romanov/benchmarking/datasets/MIST_HER2/trainB/IHC/40M2101566_27_36.jpg
2M2103108,2M2103108_27_12,0,0,2,/trinity/home/m.romanov/benchmarking/datasets/MIST_HER2/trainA/HE/2M2103108_27_12.jpg,/trinity/home/m.romanov/benchmarking/datasets/MIST_HER2/trainB/IHC/2M2103108_27_12.jpg
25M2102060,25M2102060_27_21,0,0,2,/trinity/home/m.romanov/benchmarking/datasets/MIST_HER2/trainA/HE/25M2102060_27_21.jpg,/trinity/home/m.romanov/benchmarking/datasets/MIST_HER2/trainB/IHC/25M2102060_27_21.jpg
14M2102785,14M2102785_25_20,0,0,2,/trinity/home/m.romanov/benchmarking/datasets/MIST_HER2/trainA/HE/14M2102785_25_20.jpg,/trinity/home/m.romanov/benchmarking/datasets/MIST_HER2/trainB/IHC/14M2102785_25_20.jpg
69M2100632,69M2100632_8_27,0,0,2,/trinity/home/m.romanov/benchmarking/datasets/MIST_HER2/trainA/HE/69M2100632_8_27.jpg,/trinity/home/m.romanov/benchmarking/datasets/MIST_HER2/trainB/IHC/69M2100632_8_27.jpg
16M2102718,16M2102718_30_10,0,0,2,/trinity/home/m.romanov/benchmarking/datasets/MIST_HER2/trainA/HE/16M2102718_30_10.jpg,/trinity/home/m.romanov/benchmarking/datasets/MIST_HER2/trainB/IHC/16M2102718_30_10.jpg
44M2101492,44M2101492_26_26,0,0,2,/trinity/home/m.romanov/benchmarking/datasets/MIST_HER2/trainA/HE/44M2101492_26_26.jpg,/trinity/home/m.romanov/benchmarking/datasets/MIST_HER2/trainB/IHC/44M2101492_26_26.jpg
39M2101576,39M2101576_9_16,0,0,2,/trinity/home/m.romanov/benchmarking/datasets/MIST_HER2/trainA/HE/39M2101576_9_16.jpg,/trinity/home/m.romanov/benchmarking/datasets/MIST_HER2/trainB/IHC/39M2101576_9_16.jpg
15M2102762,15M2102762_8_17,0,0,2,/trinity/home/m.romanov/benchmarking/datasets/MIST_HER2/trainA/HE/15M2102762_8_17.jpg,/trinity/home/m.romanov/benchmarking/datasets/MIST_HER2/trainB/IHC/15M2102762_8_17.jpg
45M2101377,45M2101377_10_6,0,0,2,/trinity/home/m.romanov/benchmarking/datasets/MIST_HER2/trainA/HE/45M2101377_10_6.jpg,/trinity/home/m.romanov/benchmarking/datasets/MIST_HER2/trainB/IHC/45M2101377_10_6.jpg
28M2101987,28M2101987_17_19,0,0,2,/trinity/home/m.romanov/benchmarking/datasets/MIST_HER2/trainA/HE/28M2101987_17_19.jpg,/trinity/home/m.romanov/benchmarking/datasets/MIST_HER2/trainB/IHC/28M2101987_17_19.jpg
25M2102060,25M2102060_21_24,0,0,2,/trinity/home/m.romanov/benchmarking/datasets/MIST_HER2/trainA/HE/25M2102060_21_24.jpg,/trinity/home/m.romanov/benchmarking/datasets/MIST_HER2/trainB/IHC/25M2102060_21_24.jpg
39M2101576,39M2101576_31_10,0,0,2,/trinity/home/m.romanov/benchmarking/datasets/MIST_HER2/trainA/HE/39M2101576_31_10.jpg,/trinity/home/m.romanov/benchmarking/datasets/MIST_HER2/trainB/IHC/39M2101576_31_10.jpg
35M2101733,35M2101733_4_12,0,0,2,/trinity/home/m.romanov/benchmarking/datasets/MIST_HER2/trainA/HE/35M2101733_4_12.jpg,/trinity/home/m.romanov/benchmarking/datasets/MIST_HER2/trainB/IHC/35M2101733_4_12.jpg
31M2101871,31M2101871_36_16,0,0,2,/trinity/home/m.romanov/benchmarking/datasets/MIST_HER2/trainA/HE/31M2101871_36_16.jpg,/trinity/home/m.romanov/benchmarking/datasets/MIST_HER2/trainB/IHC/31M2101871_36_16.jpg
67M2100642,67M2100642_16_9,0,0,2,/trinity/home/m.romanov/benchmarking/datasets/MIST_HER2/trainA/HE/67M2100642_16_9.jpg,/trinity/home/m.romanov/benchmarking/datasets/MIST_HER2/trainB/IHC/67M2100642_16_9.jpg
54M2101205,54M2101205_16_16,0,0,2,/trinity/home/m.romanov/benchmarking/datasets/MIST_HER2/trainA/HE/54M2101205_16_16.jpg,/trinity/home/m.romanov/benchmarking/datasets/MIST_HER2/trainB/IHC/54M2101205_16_16.jpg
76M2100485,76M2100485_26_20,0,0,2,/trinity/home/m.romanov/benchmarking/datasets/MIST_HER2/trainA/HE/76M2100485_26_20.jpg,/trinity/home/m.romanov/benchmarking/datasets/MIST_HER2/trainB/IHC/76M2100485_26_20.jpg
22M2102266,22M2102266_20_13,0,0,2,/trinity/home/m.romanov/benchmarking/datasets/MIST_HER2/trainA/HE/22M2102266_20_13.jpg,/trinity/home/m.romanov/benchmarking/datasets/MIST_HER2/trainB/IHC/22M2102266_20_13.jpg
75M2100521,75M2100521_8_14,0,0,2,/trinity/home/m.romanov/benchmarking/datasets/MIST_HER2/trainA/HE/75M2100521_8_14.jpg,/trinity/home/m.romanov/benchmarking/datasets/MIST_HER2/trainB/IHC/75M2100521_8_14.jpg
74M2100526,74M2100526_29_17,0,0,2,/trinity/home/m.romanov/benchmarking/datasets/MIST_HER2/trainA/HE/74M2100526_29_17.jpg,/trinity/home/m.romanov/benchmarking/datasets/MIST_HER2/trainB/IHC/74M2100526_29_17.jpg
75M2100521,75M2100521_19_16,0,0,2,/trinity/home/m.romanov/benchmarking/datasets/MIST_HER2/trainA/HE/75M2100521_19_16.jpg,/trinity/home/m.romanov/benchmarking/datasets/MIST_HER2/trainB/IHC/75M2100521_19_16.jpg
44M2101492,44M2101492_31_9,0,0,2,/trinity/home/m.romanov/benchmarking/datasets/MIST_HER2/trainA/HE/44M2101492_31_9.jpg,/trinity/home/m.romanov/benchmarking/datasets/MIST_HER2/trainB/IHC/44M2101492_31_9.jpg
67M2100642,67M2100642_27_11,0,0,2,/trinity/home/m.romanov/benchmarking/datasets/MIST_HER2/trainA/HE/67M2100642_27_11.jpg,/trinity/home/m.romanov/benchmarking/datasets/MIST_HER2/trainB/IHC/67M2100642_27_11.jpg
58M2100997,58M2100997_27_11,0,0,2,/trinity/home/m.romanov/benchmarking/datasets/MIST_HER2/trainA/HE/58M2100997_27_11.jpg,/trinity/home/m.romanov/benchmarking/datasets/MIST_HER2/trainB/IHC/58M2100997_27_11.jpg
16M2102718,16M2102718_15_22,0,0,2,/trinity/home/m.romanov/benchmarking/datasets/MIST_HER2/trainA/HE/16M2102718_15_22.jpg,/trinity/home/m.romanov/benchmarking/datasets/MIST_HER2/trainB/IHC/16M2102718_15_22.jpg
53M2101258,53M2101258_23_35,0,0,2,/trinity/home/m.romanov/benchmarking/datasets/MIST_HER2/trainA/HE/53M2101258_23_35.jpg,/trinity/home/m.romanov/benchmarking/datasets/MIST_HER2/trainB/IHC/53M2101258_23_35.jpg
77M2100464,77M2100464_18_6,0,0,2,/trinity/home/m.romanov/benchmarking/datasets/MIST_HER2/trainA/HE/77M2100464_18_6.jpg,/trinity/home/m.romanov/benchmarking/datasets/MIST_HER2/trainB/IHC/77M2100464_18_6.jpg
16M2102718,16M2102718_12_14,0,0,2,/trinity/home/m.romanov/benchmarking/datasets/MIST_HER2/trainA/HE/16M2102718_12_14.jpg,/trinity/home/m.romanov/benchmarking/datasets/MIST_HER2/trainB/IHC/16M2102718_12_14.jpg
65M2100668,65M2100668_21_15,0,0,2,/trinity/home/m.romanov/benchmarking/datasets/MIST_HER2/trainA/HE/65M2100668_21_15.jpg,/trinity/home/m.romanov/benchmarking/datasets/MIST_HER2/trainB/IHC/65M2100668_21_15.jpg
39M2101576,39M2101576_20_32,0,0,2,/trinity/home/m.romanov/benchmarking/datasets/MIST_HER2/trainA/HE/39M2101576_20_32.jpg,/trinity/home/m.romanov/benchmarking/datasets/MIST_HER2/trainB/IHC/39M2101576_20_32.jpg
93M2100147,93M2100147_8_8,0,0,2,/trinity/home/m.romanov/benchmarking/datasets/MIST_HER2/trainA/HE/93M2100147_8_8.jpg,/trinity/home/m.romanov/benchmarking/datasets/MIST_HER2/trainB/IHC/93M2100147_8_8.jpg
53M2101258,53M2101258_20_43,0,0,2,/trinity/home/m.romanov/benchmarking/datasets/MIST_HER2/trainA/HE/53M2101258_20_43.jpg,/trinity/home/m.romanov/benchmarking/datasets/MIST_HER2/trainB/IHC/53M2101258_20_43.jpg
65M2100668,65M2100668_27_10,0,0,2,/trinity/home/m.romanov/benchmarking/datasets/MIST_HER2/trainA/HE/65M2100668_27_10.jpg,/trinity/home/m.romanov/benchmarking/datasets/MIST_HER2/trainB/IHC/65M2100668_27_10.jpg
47M2101316,47M2101316_22_11,0,0,2,/trinity/home/m.romanov/benchmarking/datasets/MIST_HER2/trainA/HE/47M2101316_22_11.jpg,/trinity/home/m.romanov/benchmarking/datasets/MIST_HER2/trainB/IHC/47M2101316_22_11.jpg
54M2101205,54M2101205_12_6,0,0,2,/trinity/home/m.romanov/benchmarking/datasets/MIST_HER2/trainA/HE/54M2101205_12_6.jpg,/trinity/home/m.romanov/benchmarking/datasets/MIST_HER2/trainB/IHC/54M2101205_12_6.jpg
65M2100668,65M2100668_13_16,0,0,2,/trinity/home/m.romanov/benchmarking/datasets/MIST_HER2/trainA/HE/65M2100668_13_16.jpg,/trinity/home/m.romanov/benchmarking/datasets/MIST_HER2/trainB/IHC/65M2100668_13_16.jpg
23M2102136,23M2102136_24_14,0,0,2,/trinity/home/m.romanov/benchmarking/datasets/MIST_HER2/trainA/HE/23M2102136_24_14.jpg,/trinity/home/m.romanov/benchmarking/datasets/MIST_HER2/trainB/IHC/23M2102136_24_14.jpg
94M2100142,94M2100142_14_14,0,0,2,/trinity/home/m.romanov/benchmarking/datasets/MIST_HER2/trainA/HE/94M2100142_14_14.jpg,/trinity/home/m.romanov/benchmarking/datasets/MIST_HER2/trainB/IHC/94M2100142_14_14.jpg
39M2101576,39M2101576_22_26,0,0,2,/trinity/home/m.romanov/benchmarking/datasets/MIST_HER2/trainA/HE/39M2101576_22_26.jpg,/trinity/home/m.romanov/benchmarking/datasets/MIST_HER2/trainB/IHC/39M2101576_22_26.jpg
98M2004096,98M2004096_6_9,0,0,2,/trinity/home/m.romanov/benchmarking/datasets/MIST_HER2/trainA/HE/98M2004096_6_9.jpg,/trinity/home/m.romanov/benchmarking/datasets/MIST_HER2/trainB/IHC/98M2004096_6_9.jpg
4M2103059,4M2103059_21_11,0,0,2,/trinity/home/m.romanov/benchmarking/datasets/MIST_HER2/trainA/HE/4M2103059_21_11.jpg,/trinity/home/m.romanov/benchmarking/datasets/MIST_HER2/trainB/IHC/4M2103059_21_11.jpg
45M2101377,45M2101377_35_31,0,0,2,/trinity/home/m.romanov/benchmarking/datasets/MIST_HER2/trainA/HE/45M2101377_35_31.jpg,/trinity/home/m.romanov/benchmarking/datasets/MIST_HER2/trainB/IHC/45M2101377_35_31.jpg
62M2100915,62M2100915_22_15,0,0,2,/trinity/home/m.romanov/benchmarking/datasets/MIST_HER2/trainA/HE/62M2100915_22_15.jpg,/trinity/home/m.romanov/benchmarking/datasets/MIST_HER2/trainB/IHC/62M2100915_22_15.jpg
56M2101083,56M2101083_37_32,0,0,2,/trinity/home/m.romanov/benchmarking/datasets/MIST_HER2/trainA/HE/56M2101083_37_32.jpg,/trinity/home/m.romanov/benchmarking/datasets/MIST_HER2/trainB/IHC/56M2101083_37_32.jpg
44M2101492,44M2101492_27_29,0,0,2,/trinity/home/m.romanov/benchmarking/datasets/MIST_HER2/trainA/HE/44M2101492_27_29.jpg,/trinity/home/m.romanov/benchmarking/datasets/MIST_HER2/trainB/IHC/44M2101492_27_29.jpg
87M2100227,87M2100227_18_16,0,0,2,/trinity/home/m.romanov/benchmarking/datasets/MIST_HER2/trainA/HE/87M2100227_18_16.jpg,/trinity/home/m.romanov/benchmarking/datasets/MIST_HER2/trainB/IHC/87M2100227_18_16.jpg
14M2102785,14M2102785_24_14,0,0,2,/trinity/home/m.romanov/benchmarking/datasets/MIST_HER2/trainA/HE/14M2102785_24_14.jpg,/trinity/home/m.romanov/benchmarking/datasets/MIST_HER2/trainB/IHC/14M2102785_24_14.jpg
67M2100642,67M2100642_9_13,0,0,2,/trinity/home/m.romanov/benchmarking/datasets/MIST_HER2/trainA/HE/67M2100642_9_13.jpg,/trinity/home/m.romanov/benchmarking/datasets/MIST_HER2/trainB/IHC/67M2100642_9_13.jpg
77M2100464,77M2100464_18_19,0,0,2,/trinity/home/m.romanov/benchmarking/datasets/MIST_HER2/trainA/HE/77M2100464_18_19.jpg,/trinity/home/m.romanov/benchmarking/datasets/MIST_HER2/trainB/IHC/77M2100464_18_19.jpg
59M2100987,59M2100987_30_17,0,0,2,/trinity/home/m.romanov/benchmarking/datasets/MIST_HER2/trainA/HE/59M2100987_30_17.jpg,/trinity/home/m.romanov/benchmarking/datasets/MIST_HER2/trainB/IHC/59M2100987_30_17.jpg
65M2100668,65M2100668_17_16,0,0,2,/trinity/home/m.romanov/benchmarking/datasets/MIST_HER2/trainA/HE/65M2100668_17_16.jpg,/trinity/home/m.romanov/benchmarking/datasets/MIST_HER2/trainB/IHC/65M2100668_17_16.jpg
51M2101285,51M2101285_3_15,0,0,2,/trinity/home/m.romanov/benchmarking/datasets/MIST_HER2/trainA/HE/51M2101285_3_15.jpg,/trinity/home/m.romanov/benchmarking/datasets/MIST_HER2/trainB/IHC/51M2101285_3_15.jpg
54M2101205,54M2101205_7_18,0,0,2,/trinity/home/m.romanov/benchmarking/datasets/MIST_HER2/trainA/HE/54M2101205_7_18.jpg,/trinity/home/m.romanov/benchmarking/datasets/MIST_HER2/trainB/IHC/54M2101205_7_18.jpg
69M2100632,69M2100632_18_5,0,0,2,/trinity/home/m.romanov/benchmarking/datasets/MIST_HER2/trainA/HE/69M2100632_18_5.jpg,/trinity/home/m.romanov/benchmarking/datasets/MIST_HER2/trainB/IHC/69M2100632_18_5.jpg
68M2100640,68M2100640_33_20,0,0,2,/trinity/home/m.romanov/benchmarking/datasets/MIST_HER2/trainA/HE/68M2100640_33_20.jpg,/trinity/home/m.romanov/benchmarking/datasets/MIST_HER2/trainB/IHC/68M2100640_33_20.jpg
76M2100485,76M2100485_23_29,0,0,2,/trinity/home/m.romanov/benchmarking/datasets/MIST_HER2/trainA/HE/76M2100485_23_29.jpg,/trinity/home/m.romanov/benchmarking/datasets/MIST_HER2/trainB/IHC/76M2100485_23_29.jpg
19M2102438,19M2102438_38_24,0,0,2,/trinity/home/m.romanov/benchmarking/datasets/MIST_HER2/trainA/HE/19M2102438_38_24.jpg,/trinity/home/m.romanov/benchmarking/datasets/MIST_HER2/trainB/IHC/19M2102438_38_24.jpg
75M2100521,75M2100521_25_18,0,0,2,/trinity/home/m.romanov/benchmarking/datasets/MIST_HER2/trainA/HE/75M2100521_25_18.jpg,/trinity/home/m.romanov/benchmarking/datasets/MIST_HER2/trainB/IHC/75M2100521_25_18.jpg
92M2100150,92M2100150_8_13,0,0,2,/trinity/home/m.romanov/benchmarking/datasets/MIST_HER2/trainA/HE/92M2100150_8_13.jpg,/trinity/home/m.romanov/benchmarking/datasets/MIST_HER2/trainB/IHC/92M2100150_8_13.jpg
97M2100034,97M2100034_9_21,0,0,2,/trinity/home/m.romanov/benchmarking/datasets/MIST_HER2/trainA/HE/97M2100034_9_21.jpg,/trinity/home/m.romanov/benchmarking/datasets/MIST_HER2/trainB/IHC/97M2100034_9_21.jpg
65M2100668,65M2100668_20_17,0,0,2,/trinity/home/m.romanov/benchmarking/datasets/MIST_HER2/trainA/HE/65M2100668_20_17.jpg,/trinity/home/m.romanov/benchmarking/datasets/MIST_HER2/trainB/IHC/65M2100668_20_17.jpg
60M2100980,60M2100980_18_17,0,0,2,/trinity/home/m.romanov/benchmarking/datasets/MIST_HER2/trainA/HE/60M2100980_18_17.jpg,/trinity/home/m.romanov/benchmarking/datasets/MIST_HER2/trainB/IHC/60M2100980_18_17.jpg
65M2100668,65M2100668_24_11,0,0,2,/trinity/home/m.romanov/benchmarking/datasets/MIST_HER2/trainA/HE/65M2100668_24_11.jpg,/trinity/home/m.romanov/benchmarking/datasets/MIST_HER2/trainB/IHC/65M2100668_24_11.jpg
98M2004096,98M2004096_21_1,0,0,2,/trinity/home/m.romanov/benchmarking/datasets/MIST_HER2/trainA/HE/98M2004096_21_1.jpg,/trinity/home/m.romanov/benchmarking/datasets/MIST_HER2/trainB/IHC/98M2004096_21_1.jpg
44M2101492,44M2101492_31_11,0,0,2,/trinity/home/m.romanov/benchmarking/datasets/MIST_HER2/trainA/HE/44M2101492_31_11.jpg,/trinity/home/m.romanov/benchmarking/datasets/MIST_HER2/trainB/IHC/44M2101492_31_11.jpg
60M2100980,60M2100980_37_17,0,0,2,/trinity/home/m.romanov/benchmarking/datasets/MIST_HER2/trainA/HE/60M2100980_37_17.jpg,/trinity/home/m.romanov/benchmarking/datasets/MIST_HER2/trainB/IHC/60M2100980_37_17.jpg
97M2100034,97M2100034_25_15,0,0,2,/trinity/home/m.romanov/benchmarking/datasets/MIST_HER2/trainA/HE/97M2100034_25_15.jpg,/trinity/home/m.romanov/benchmarking/datasets/MIST_HER2/trainB/IHC/97M2100034_25_15.jpg
30M2101953,30M2101953_6_10,0,0,2,/trinity/home/m.romanov/benchmarking/datasets/MIST_HER2/trainA/HE/30M2101953_6_10.jpg,/trinity/home/m.romanov/benchmarking/datasets/MIST_HER2/trainB/IHC/30M2101953_6_10.jpg
31M2101871,31M2101871_9_21,0,0,2,/trinity/home/m.romanov/benchmarking/datasets/MIST_HER2/trainA/HE/31M2101871_9_21.jpg,/trinity/home/m.romanov/benchmarking/datasets/MIST_HER2/trainB/IHC/31M2101871_9_21.jpg
79M2100417,79M2100417_20_17,0,0,2,/trinity/home/m.romanov/benchmarking/datasets/MIST_HER2/trainA/HE/79M2100417_20_17.jpg,/trinity/home/m.romanov/benchmarking/datasets/MIST_HER2/trainB/IHC/79M2100417_20_17.jpg
65M2100668,65M2100668_28_10,0,0,2,/trinity/home/m.romanov/benchmarking/datasets/MIST_HER2/trainA/HE/65M2100668_28_10.jpg,/trinity/home/m.romanov/benchmarking/datasets/MIST_HER2/trainB/IHC/65M2100668_28_10.jpg
59M2100987,59M2100987_17_20,0,0,2,/trinity/home/m.romanov/benchmarking/datasets/MIST_HER2/trainA/HE/59M2100987_17_20.jpg,/trinity/home/m.romanov/benchmarking/datasets/MIST_HER2/trainB/IHC/59M2100987_17_20.jpg
30M2101953,30M2101953_10_8,0,0,2,/trinity/home/m.romanov/benchmarking/datasets/MIST_HER2/trainA/HE/30M2101953_10_8.jpg,/trinity/home/m.romanov/benchmarking/datasets/MIST_HER2/trainB/IHC/30M2101953_10_8.jpg
6M2103024,6M2103024_15_13,0,0,2,/trinity/home/m.romanov/benchmarking/datasets/MIST_HER2/trainA/HE/6M2103024_15_13.jpg,/trinity/home/m.romanov/benchmarking/datasets/MIST_HER2/trainB/IHC/6M2103024_15_13.jpg
99M2004082,99M2004082_33_9,0,0,2,/trinity/home/m.romanov/benchmarking/datasets/MIST_HER2/trainA/HE/99M2004082_33_9.jpg,/trinity/home/m.romanov/benchmarking/datasets/MIST_HER2/trainB/IHC/99M2004082_33_9.jpg
88M2100218,88M2100218_12_27,0,0,2,/trinity/home/m.romanov/benchmarking/datasets/MIST_HER2/trainA/HE/88M2100218_12_27.jpg,/trinity/home/m.romanov/benchmarking/datasets/MIST_HER2/trainB/IHC/88M2100218_12_27.jpg
80M2100377,80M2100377_9_30,0,0,2,/trinity/home/m.romanov/benchmarking/datasets/MIST_HER2/trainA/HE/80M2100377_9_30.jpg,/trinity/home/m.romanov/benchmarking/datasets/MIST_HER2/trainB/IHC/80M2100377_9_30.jpg
68M2100640,68M2100640_10_27,0,0,2,/trinity/home/m.romanov/benchmarking/datasets/MIST_HER2/trainA/HE/68M2100640_10_27.jpg,/trinity/home/m.romanov/benchmarking/datasets/MIST_HER2/trainB/IHC/68M2100640_10_27.jpg
94M2100142,94M2100142_27_13,0,0,2,/trinity/home/m.romanov/benchmarking/datasets/MIST_HER2/trainA/HE/94M2100142_27_13.jpg,/trinity/home/m.romanov/benchmarking/datasets/MIST_HER2/trainB/IHC/94M2100142_27_13.jpg
45M2101377,45M2101377_12_9,0,0,2,/trinity/home/m.romanov/benchmarking/datasets/MIST_HER2/trainA/HE/45M2101377_12_9.jpg,/trinity/home/m.romanov/benchmarking/datasets/MIST_HER2/trainB/IHC/45M2101377_12_9.jpg
77M2100464,77M2100464_14_19,0,0,2,/trinity/home/m.romanov/benchmarking/datasets/MIST_HER2/trainA/HE/77M2100464_14_19.jpg,/trinity/home/m.romanov/benchmarking/datasets/MIST_HER2/trainB/IHC/77M2100464_14_19.jpg
62M2100915,62M2100915_10_26,0,0,2,/trinity/home/m.romanov/benchmarking/datasets/MIST_HER2/trainA/HE/62M2100915_10_26.jpg,/trinity/home/m.romanov/benchmarking/datasets/MIST_HER2/trainB/IHC/62M2100915_10_26.jpg
83M2100256,83M2100256_13_17,0,0,2,/trinity/home/m.romanov/benchmarking/datasets/MIST_HER2/trainA/HE/83M2100256_13_17.jpg,/trinity/home/m.romanov/benchmarking/datasets/MIST_HER2/trainB/IHC/83M2100256_13_17.jpg
23M2102136,23M2102136_18_14,0,0,2,/trinity/home/m.romanov/benchmarking/datasets/MIST_HER2/trainA/HE/23M2102136_18_14.jpg,/trinity/home/m.romanov/benchmarking/datasets/MIST_HER2/trainB/IHC/23M2102136_18_14.jpg
27M2102007,27M2102007_19_5,0,0,2,/trinity/home/m.romanov/benchmarking/datasets/MIST_HER2/trainA/HE/27M2102007_19_5.jpg,/trinity/home/m.romanov/benchmarking/datasets/MIST_HER2/trainB/IHC/27M2102007_19_5.jpg
14M2102785,14M2102785_17_6,0,0,2,/trinity/home/m.romanov/benchmarking/datasets/MIST_HER2/trainA/HE/14M2102785_17_6.jpg,/trinity/home/m.romanov/benchmarking/datasets/MIST_HER2/trainB/IHC/14M2102785_17_6.jpg
68M2100640,68M2100640_29_12,0,0,2,/trinity/home/m.romanov/benchmarking/datasets/MIST_HER2/trainA/HE/68M2100640_29_12.jpg,/trinity/home/m.romanov/benchmarking/datasets/MIST_HER2/trainB/IHC/68M2100640_29_12.jpg
76M2100485,76M2100485_17_16,0,0,2,/trinity/home/m.romanov/benchmarking/datasets/MIST_HER2/trainA/HE/76M2100485_17_16.jpg,/trinity/home/m.romanov/benchmarking/datasets/MIST_HER2/trainB/IHC/76M2100485_17_16.jpg
54M2101205,54M2101205_14_7,0,0,2,/trinity/home/m.romanov/benchmarking/datasets/MIST_HER2/trainA/HE/54M2101205_14_7.jpg,/trinity/home/m.romanov/benchmarking/datasets/MIST_HER2/trainB/IHC/54M2101205_14_7.jpg
88M2100218,88M2100218_28_5,0,0,2,/trinity/home/m.romanov/benchmarking/datasets/MIST_HER2/trainA/HE/88M2100218_28_5.jpg,/trinity/home/m.romanov/benchmarking/datasets/MIST_HER2/trainB/IHC/88M2100218_28_5.jpg
10M2102916,10M2102916_14_23,0,0,2,/trinity/home/m.romanov/benchmarking/datasets/MIST_HER2/trainA/HE/10M2102916_14_23.jpg,/trinity/home/m.romanov/benchmarking/datasets/MIST_HER2/trainB/IHC/10M2102916_14_23.jpg
83M2100256,83M2100256_16_14,0,0,2,/trinity/home/m.romanov/benchmarking/datasets/MIST_HER2/trainA/HE/83M2100256_16_14.jpg,/trinity/home/m.romanov/benchmarking/datasets/MIST_HER2/trainB/IHC/83M2100256_16_14.jpg
79M2100417,79M2100417_11_16,0,0,2,/trinity/home/m.romanov/benchmarking/datasets/MIST_HER2/trainA/HE/79M2100417_11_16.jpg,/trinity/home/m.romanov/benchmarking/datasets/MIST_HER2/trainB/IHC/79M2100417_11_16.jpg
81M2100356,81M2100356_18_31,0,0,2,/trinity/home/m.romanov/benchmarking/datasets/MIST_HER2/trainA/HE/81M2100356_18_31.jpg,/trinity/home/m.romanov/benchmarking/datasets/MIST_HER2/trainB/IHC/81M2100356_18_31.jpg
79M2100417,79M2100417_12_21,0,0,2,/trinity/home/m.romanov/benchmarking/datasets/MIST_HER2/trainA/HE/79M2100417_12_21.jpg,/trinity/home/m.romanov/benchmarking/datasets/MIST_HER2/trainB/IHC/79M2100417_12_21.jpg
4M2103059,4M2103059_16_8,0,0,2,/trinity/home/m.romanov/benchmarking/datasets/MIST_HER2/trainA/HE/4M2103059_16_8.jpg,/trinity/home/m.romanov/benchmarking/datasets/MIST_HER2/trainB/IHC/4M2103059_16_8.jpg
69M2100632,69M2100632_17_7,0,0,2,/trinity/home/m.romanov/benchmarking/datasets/MIST_HER2/trainA/HE/69M2100632_17_7.jpg,/trinity/home/m.romanov/benchmarking/datasets/MIST_HER2/trainB/IHC/69M2100632_17_7.jpg
56M2101083,56M2101083_36_15,0,0,2,/trinity/home/m.romanov/benchmarking/datasets/MIST_HER2/trainA/HE/56M2101083_36_15.jpg,/trinity/home/m.romanov/benchmarking/datasets/MIST_HER2/trainB/IHC/56M2101083_36_15.jpg
39M2101576,39M2101576_31_8,0,0,2,/trinity/home/m.romanov/benchmarking/datasets/MIST_HER2/trainA/HE/39M2101576_31_8.jpg,/trinity/home/m.romanov/benchmarking/datasets/MIST_HER2/trainB/IHC/39M2101576_31_8.jpg
56M2101083,56M2101083_13_8,0,0,2,/trinity/home/m.romanov/benchmarking/datasets/MIST_HER2/trainA/HE/56M2101083_13_8.jpg,/trinity/home/m.romanov/benchmarking/datasets/MIST_HER2/trainB/IHC/56M2101083_13_8.jpg
25M2102060,25M2102060_7_13,0,0,2,/trinity/home/m.romanov/benchmarking/datasets/MIST_HER2/trainA/HE/25M2102060_7_13.jpg,/trinity/home/m.romanov/benchmarking/datasets/MIST_HER2/trainB/IHC/25M2102060_7_13.jpg
6M2103024,6M2103024_21_8,0,0,2,/trinity/home/m.romanov/benchmarking/datasets/MIST_HER2/trainA/HE/6M2103024_21_8.jpg,/trinity/home/m.romanov/benchmarking/datasets/MIST_HER2/trainB/IHC/6M2103024_21_8.jpg
60M2100980,60M2100980_18_9,0,0,2,/trinity/home/m.romanov/benchmarking/datasets/MIST_HER2/trainA/HE/60M2100980_18_9.jpg,/trinity/home/m.romanov/benchmarking/datasets/MIST_HER2/trainB/IHC/60M2100980_18_9.jpg
79M2100417,79M2100417_19_23,0,0,2,/trinity/home/m.romanov/benchmarking/datasets/MIST_HER2/trainA/HE/79M2100417_19_23.jpg,/trinity/home/m.romanov/benchmarking/datasets/MIST_HER2/trainB/IHC/79M2100417_19_23.jpg
16M2102718,16M2102718_13_7,0,0,2,/trinity/home/m.romanov/benchmarking/datasets/MIST_HER2/trainA/HE/16M2102718_13_7.jpg,/trinity/home/m.romanov/benchmarking/datasets/MIST_HER2/trainB/IHC/16M2102718_13_7.jpg
98M2004096,98M2004096_14_13,0,0,2,/trinity/home/m.romanov/benchmarking/datasets/MIST_HER2/trainA/HE/98M2004096_14_13.jpg,/trinity/home/m.romanov/benchmarking/datasets/MIST_HER2/trainB/IHC/98M2004096_14_13.jpg
4M2103059,4M2103059_13_15,0,0,2,/trinity/home/m.romanov/benchmarking/datasets/MIST_HER2/trainA/HE/4M2103059_13_15.jpg,/trinity/home/m.romanov/benchmarking/datasets/MIST_HER2/trainB/IHC/4M2103059_13_15.jpg
57M2101034,57M2101034_27_13,0,0,2,/trinity/home/m.romanov/benchmarking/datasets/MIST_HER2/trainA/HE/57M2101034_27_13.jpg,/trinity/home/m.romanov/benchmarking/datasets/MIST_HER2/trainB/IHC/57M2101034_27_13.jpg
75M2100521,75M2100521_20_9,0,0,2,/trinity/home/m.romanov/benchmarking/datasets/MIST_HER2/trainA/HE/75M2100521_20_9.jpg,/trinity/home/m.romanov/benchmarking/datasets/MIST_HER2/trainB/IHC/75M2100521_20_9.jpg
40M2101566,40M2101566_20_25,0,0,2,/trinity/home/m.romanov/benchmarking/datasets/MIST_HER2/trainA/HE/40M2101566_20_25.jpg,/trinity/home/m.romanov/benchmarking/datasets/MIST_HER2/trainB/IHC/40M2101566_20_25.jpg
83M2100256,83M2100256_17_18,0,0,2,/trinity/home/m.romanov/benchmarking/datasets/MIST_HER2/trainA/HE/83M2100256_17_18.jpg,/trinity/home/m.romanov/benchmarking/datasets/MIST_HER2/trainB/IHC/83M2100256_17_18.jpg
83M2100256,83M2100256_13_13,0,0,2,/trinity/home/m.romanov/benchmarking/datasets/MIST_HER2/trainA/HE/83M2100256_13_13.jpg,/trinity/home/m.romanov/benchmarking/datasets/MIST_HER2/trainB/IHC/83M2100256_13_13.jpg
100M2004069,100M2004069_6_22,0,0,2,/trinity/home/m.romanov/benchmarking/datasets/MIST_HER2/trainA/HE/100M2004069_6_22.jpg,/trinity/home/m.romanov/benchmarking/datasets/MIST_HER2/trainB/IHC/100M2004069_6_22.jpg
28M2101987,28M2101987_11_10,0,0,2,/trinity/home/m.romanov/benchmarking/datasets/MIST_HER2/trainA/HE/28M2101987_11_10.jpg,/trinity/home/m.romanov/benchmarking/datasets/MIST_HER2/trainB/IHC/28M2101987_11_10.jpg
16M2102718,16M2102718_11_22,0,0,2,/trinity/home/m.romanov/benchmarking/datasets/MIST_HER2/trainA/HE/16M2102718_11_22.jpg,/trinity/home/m.romanov/benchmarking/datasets/MIST_HER2/trainB/IHC/16M2102718_11_22.jpg
16M2102718,16M2102718_26_19,0,0,2,/trinity/home/m.romanov/benchmarking/datasets/MIST_HER2/trainA/HE/16M2102718_26_19.jpg,/trinity/home/m.romanov/benchmarking/datasets/MIST_HER2/trainB/IHC/16M2102718_26_19.jpg
92M2100150,92M2100150_2_10,0,0,2,/trinity/home/m.romanov/benchmarking/datasets/MIST_HER2/trainA/HE/92M2100150_2_10.jpg,/trinity/home/m.romanov/benchmarking/datasets/MIST_HER2/trainB/IHC/92M2100150_2_10.jpg
23M2102136,23M2102136_23_8,0,0,2,/trinity/home/m.romanov/benchmarking/datasets/MIST_HER2/trainA/HE/23M2102136_23_8.jpg,/trinity/home/m.romanov/benchmarking/datasets/MIST_HER2/trainB/IHC/23M2102136_23_8.jpg
50M2101298,50M2101298_10_12,0,0,2,/trinity/home/m.romanov/benchmarking/datasets/MIST_HER2/trainA/HE/50M2101298_10_12.jpg,/trinity/home/m.romanov/benchmarking/datasets/MIST_HER2/trainB/IHC/50M2101298_10_12.jpg
51M2101285,51M2101285_14_13,0,0,2,/trinity/home/m.romanov/benchmarking/datasets/MIST_HER2/trainA/HE/51M2101285_14_13.jpg,/trinity/home/m.romanov/benchmarking/datasets/MIST_HER2/trainB/IHC/51M2101285_14_13.jpg
97M2100034,97M2100034_29_19,0,0,2,/trinity/home/m.romanov/benchmarking/datasets/MIST_HER2/trainA/HE/97M2100034_29_19.jpg,/trinity/home/m.romanov/benchmarking/datasets/MIST_HER2/trainB/IHC/97M2100034_29_19.jpg
53M2101258,53M2101258_18_38,0,0,2,/trinity/home/m.romanov/benchmarking/datasets/MIST_HER2/trainA/HE/53M2101258_18_38.jpg,/trinity/home/m.romanov/benchmarking/datasets/MIST_HER2/trainB/IHC/53M2101258_18_38.jpg
74M2100526,74M2100526_14_12,0,0,2,/trinity/home/m.romanov/benchmarking/datasets/MIST_HER2/trainA/HE/74M2100526_14_12.jpg,/trinity/home/m.romanov/benchmarking/datasets/MIST_HER2/trainB/IHC/74M2100526_14_12.jpg
23M2102136,23M2102136_25_8,0,0,2,/trinity/home/m.romanov/benchmarking/datasets/MIST_HER2/trainA/HE/23M2102136_25_8.jpg,/trinity/home/m.romanov/benchmarking/datasets/MIST_HER2/trainB/IHC/23M2102136_25_8.jpg
67M2100642,67M2100642_17_12,0,0,2,/trinity/home/m.romanov/benchmarking/datasets/MIST_HER2/trainA/HE/67M2100642_17_12.jpg,/trinity/home/m.romanov/benchmarking/datasets/MIST_HER2/trainB/IHC/67M2100642_17_12.jpg
53M2101258,53M2101258_27_37,0,0,2,/trinity/home/m.romanov/benchmarking/datasets/MIST_HER2/trainA/HE/53M2101258_27_37.jpg,/trinity/home/m.romanov/benchmarking/datasets/MIST_HER2/trainB/IHC/53M2101258_27_37.jpg
25M2102060,25M2102060_7_10,0,0,2,/trinity/home/m.romanov/benchmarking/datasets/MIST_HER2/trainA/HE/25M2102060_7_10.jpg,/trinity/home/m.romanov/benchmarking/datasets/MIST_HER2/trainB/IHC/25M2102060_7_10.jpg
58M2100997,58M2100997_9_10,0,0,2,/trinity/home/m.romanov/benchmarking/datasets/MIST_HER2/trainA/HE/58M2100997_9_10.jpg,/trinity/home/m.romanov/benchmarking/datasets/MIST_HER2/trainB/IHC/58M2100997_9_10.jpg
58M2100997,58M2100997_14_16,0,0,2,/trinity/home/m.romanov/benchmarking/datasets/MIST_HER2/trainA/HE/58M2100997_14_16.jpg,/trinity/home/m.romanov/benchmarking/datasets/MIST_HER2/trainB/IHC/58M2100997_14_16.jpg
14M2102785,14M2102785_22_6,0,0,2,/trinity/home/m.romanov/benchmarking/datasets/MIST_HER2/trainA/HE/14M2102785_22_6.jpg,/trinity/home/m.romanov/benchmarking/datasets/MIST_HER2/trainB/IHC/14M2102785_22_6.jpg
69M2100632,69M2100632_28_20,0,0,2,/trinity/home/m.romanov/benchmarking/datasets/MIST_HER2/trainA/HE/69M2100632_28_20.jpg,/trinity/home/m.romanov/benchmarking/datasets/MIST_HER2/trainB/IHC/69M2100632_28_20.jpg
27M2102007,27M2102007_6_20,0,0,2,/trinity/home/m.romanov/benchmarking/datasets/MIST_HER2/trainA/HE/27M2102007_6_20.jpg,/trinity/home/m.romanov/benchmarking/datasets/MIST_HER2/trainB/IHC/27M2102007_6_20.jpg
76M2100485,76M2100485_24_20,0,0,2,/trinity/home/m.romanov/benchmarking/datasets/MIST_HER2/trainA/HE/76M2100485_24_20.jpg,/trinity/home/m.romanov/benchmarking/datasets/MIST_HER2/trainB/IHC/76M2100485_24_20.jpg
74M2100526,74M2100526_28_25,0,0,2,/trinity/home/m.romanov/benchmarking/datasets/MIST_HER2/trainA/HE/74M2100526_28_25.jpg,/trinity/home/m.romanov/benchmarking/datasets/MIST_HER2/trainB/IHC/74M2100526_28_25.jpg
31M2101871,31M2101871_35_14,0,0,2,/trinity/home/m.romanov/benchmarking/datasets/MIST_HER2/trainA/HE/31M2101871_35_14.jpg,/trinity/home/m.romanov/benchmarking/datasets/MIST_HER2/trainB/IHC/31M2101871_35_14.jpg
99M2004082,99M2004082_12_5,0,0,2,/trinity/home/m.romanov/benchmarking/datasets/MIST_HER2/trainA/HE/99M2004082_12_5.jpg,/trinity/home/m.romanov/benchmarking/datasets/MIST_HER2/trainB/IHC/99M2004082_12_5.jpg
27M2102007,27M2102007_12_32,0,0,2,/trinity/home/m.romanov/benchmarking/datasets/MIST_HER2/trainA/HE/27M2102007_12_32.jpg,/trinity/home/m.romanov/benchmarking/datasets/MIST_HER2/trainB/IHC/27M2102007_12_32.jpg
53M2101258,53M2101258_28_31,0,0,2,/trinity/home/m.romanov/benchmarking/datasets/MIST_HER2/trainA/HE/53M2101258_28_31.jpg,/trinity/home/m.romanov/benchmarking/datasets/MIST_HER2/trainB/IHC/53M2101258_28_31.jpg
51M2101285,51M2101285_13_11,0,0,2,/trinity/home/m.romanov/benchmarking/datasets/MIST_HER2/trainA/HE/51M2101285_13_11.jpg,/trinity/home/m.romanov/benchmarking/datasets/MIST_HER2/trainB/IHC/51M2101285_13_11.jpg
10M2102916,10M2102916_36_29,0,0,2,/trinity/home/m.romanov/benchmarking/datasets/MIST_HER2/trainA/HE/10M2102916_36_29.jpg,/trinity/home/m.romanov/benchmarking/datasets/MIST_HER2/trainB/IHC/10M2102916_36_29.jpg
51M2101285,51M2101285_31_15,0,0,2,/trinity/home/m.romanov/benchmarking/datasets/MIST_HER2/trainA/HE/51M2101285_31_15.jpg,/trinity/home/m.romanov/benchmarking/datasets/MIST_HER2/trainB/IHC/51M2101285_31_15.jpg
98M2004096,98M2004096_19_2,0,0,2,/trinity/home/m.romanov/benchmarking/datasets/MIST_HER2/trainA/HE/98M2004096_19_2.jpg,/trinity/home/m.romanov/benchmarking/datasets/MIST_HER2/trainB/IHC/98M2004096_19_2.jpg
80M2100377,80M2100377_17_25,0,0,2,/trinity/home/m.romanov/benchmarking/datasets/MIST_HER2/trainA/HE/80M2100377_17_25.jpg,/trinity/home/m.romanov/benchmarking/datasets/MIST_HER2/trainB/IHC/80M2100377_17_25.jpg
81M2100356,81M2100356_12_33,0,0,2,/trinity/home/m.romanov/benchmarking/datasets/MIST_HER2/trainA/HE/81M2100356_12_33.jpg,/trinity/home/m.romanov/benchmarking/datasets/MIST_HER2/trainB/IHC/81M2100356_12_33.jpg
62M2100915,62M2100915_27_14,0,0,2,/trinity/home/m.romanov/benchmarking/datasets/MIST_HER2/trainA/HE/62M2100915_27_14.jpg,/trinity/home/m.romanov/benchmarking/datasets/MIST_HER2/trainB/IHC/62M2100915_27_14.jpg
14M2102785,14M2102785_23_4,0,0,2,/trinity/home/m.romanov/benchmarking/datasets/MIST_HER2/trainA/HE/14M2102785_23_4.jpg,/trinity/home/m.romanov/benchmarking/datasets/MIST_HER2/trainB/IHC/14M2102785_23_4.jpg
30M2101953,30M2101953_14_15,0,0,2,/trinity/home/m.romanov/benchmarking/datasets/MIST_HER2/trainA/HE/30M2101953_14_15.jpg,/trinity/home/m.romanov/benchmarking/datasets/MIST_HER2/trainB/IHC/30M2101953_14_15.jpg
56M2101083,56M2101083_14_9,0,0,2,/trinity/home/m.romanov/benchmarking/datasets/MIST_HER2/trainA/HE/56M2101083_14_9.jpg,/trinity/home/m.romanov/benchmarking/datasets/MIST_HER2/trainB/IHC/56M2101083_14_9.jpg
92M2100150,92M2100150_7_20,0,0,2,/trinity/home/m.romanov/benchmarking/datasets/MIST_HER2/trainA/HE/92M2100150_7_20.jpg,/trinity/home/m.romanov/benchmarking/datasets/MIST_HER2/trainB/IHC/92M2100150_7_20.jpg
59M2100987,59M2100987_16_7,0,0,2,/trinity/home/m.romanov/benchmarking/datasets/MIST_HER2/trainA/HE/59M2100987_16_7.jpg,/trinity/home/m.romanov/benchmarking/datasets/MIST_HER2/trainB/IHC/59M2100987_16_7.jpg
19M2102438,19M2102438_29_16,0,0,2,/trinity/home/m.romanov/benchmarking/datasets/MIST_HER2/trainA/HE/19M2102438_29_16.jpg,/trinity/home/m.romanov/benchmarking/datasets/MIST_HER2/trainB/IHC/19M2102438_29_16.jpg
52M2101275,52M2101275_13_14,0,0,2,/trinity/home/m.romanov/benchmarking/datasets/MIST_HER2/trainA/HE/52M2101275_13_14.jpg,/trinity/home/m.romanov/benchmarking/datasets/MIST_HER2/trainB/IHC/52M2101275_13_14.jpg
31M2101871,31M2101871_11_19,0,0,2,/trinity/home/m.romanov/benchmarking/datasets/MIST_HER2/trainA/HE/31M2101871_11_19.jpg,/trinity/home/m.romanov/benchmarking/datasets/MIST_HER2/trainB/IHC/31M2101871_11_19.jpg
31M2101871,31M2101871_11_18,0,0,2,/trinity/home/m.romanov/benchmarking/datasets/MIST_HER2/trainA/HE/31M2101871_11_18.jpg,/trinity/home/m.romanov/benchmarking/datasets/MIST_HER2/trainB/IHC/31M2101871_11_18.jpg
81M2100356,81M2100356_6_23,0,0,2,/trinity/home/m.romanov/benchmarking/datasets/MIST_HER2/trainA/HE/81M2100356_6_23.jpg,/trinity/home/m.romanov/benchmarking/datasets/MIST_HER2/trainB/IHC/81M2100356_6_23.jpg
58M2100997,58M2100997_17_11,0,0,2,/trinity/home/m.romanov/benchmarking/datasets/MIST_HER2/trainA/HE/58M2100997_17_11.jpg,/trinity/home/m.romanov/benchmarking/datasets/MIST_HER2/trainB/IHC/58M2100997_17_11.jpg
67M2100642,67M2100642_21_23,0,0,2,/trinity/home/m.romanov/benchmarking/datasets/MIST_HER2/trainA/HE/67M2100642_21_23.jpg,/trinity/home/m.romanov/benchmarking/datasets/MIST_HER2/trainB/IHC/67M2100642_21_23.jpg
30M2101953,30M2101953_13_19,0,0,2,/trinity/home/m.romanov/benchmarking/datasets/MIST_HER2/trainA/HE/30M2101953_13_19.jpg,/trinity/home/m.romanov/benchmarking/datasets/MIST_HER2/trainB/IHC/30M2101953_13_19.jpg
92M2100150,92M2100150_4_31,0,0,2,/trinity/home/m.romanov/benchmarking/datasets/MIST_HER2/trainA/HE/92M2100150_4_31.jpg,/trinity/home/m.romanov/benchmarking/datasets/MIST_HER2/trainB/IHC/92M2100150_4_31.jpg
44M2101492,44M2101492_26_25,0,0,2,/trinity/home/m.romanov/benchmarking/datasets/MIST_HER2/trainA/HE/44M2101492_26_25.jpg,/trinity/home/m.romanov/benchmarking/datasets/MIST_HER2/trainB/IHC/44M2101492_26_25.jpg
88M2100218,88M2100218_29_24,0,0,2,/trinity/home/m.romanov/benchmarking/datasets/MIST_HER2/trainA/HE/88M2100218_29_24.jpg,/trinity/home/m.romanov/benchmarking/datasets/MIST_HER2/trainB/IHC/88M2100218_29_24.jpg
91M2100173,91M2100173_9_16,0,0,2,/trinity/home/m.romanov/benchmarking/datasets/MIST_HER2/trainA/HE/91M2100173_9_16.jpg,/trinity/home/m.romanov/benchmarking/datasets/MIST_HER2/trainB/IHC/91M2100173_9_16.jpg
97M2100034,97M2100034_22_16,0,0,2,/trinity/home/m.romanov/benchmarking/datasets/MIST_HER2/trainA/HE/97M2100034_22_16.jpg,/trinity/home/m.romanov/benchmarking/datasets/MIST_HER2/trainB/IHC/97M2100034_22_16.jpg
62M2100915,62M2100915_29_15,0,0,2,/trinity/home/m.romanov/benchmarking/datasets/MIST_HER2/trainA/HE/62M2100915_29_15.jpg,/trinity/home/m.romanov/benchmarking/datasets/MIST_HER2/trainB/IHC/62M2100915_29_15.jpg
99M2004082,99M2004082_30_7,0,0,2,/trinity/home/m.romanov/benchmarking/datasets/MIST_HER2/trainA/HE/99M2004082_30_7.jpg,/trinity/home/m.romanov/benchmarking/datasets/MIST_HER2/trainB/IHC/99M2004082_30_7.jpg
45M2101377,45M2101377_26_8,0,0,2,/trinity/home/m.romanov/benchmarking/datasets/MIST_HER2/trainA/HE/45M2101377_26_8.jpg,/trinity/home/m.romanov/benchmarking/datasets/MIST_HER2/trainB/IHC/45M2101377_26_8.jpg
100M2004069,100M2004069_8_27,0,0,2,/trinity/home/m.romanov/benchmarking/datasets/MIST_HER2/trainA/HE/100M2004069_8_27.jpg,/trinity/home/m.romanov/benchmarking/datasets/MIST_HER2/trainB/IHC/100M2004069_8_27.jpg
31M2101871,31M2101871_22_32,0,0,2,/trinity/home/m.romanov/benchmarking/datasets/MIST_HER2/trainA/HE/31M2101871_22_32.jpg,/trinity/home/m.romanov/benchmarking/datasets/MIST_HER2/trainB/IHC/31M2101871_22_32.jpg
4M2103059,4M2103059_26_7,0,0,2,/trinity/home/m.romanov/benchmarking/datasets/MIST_HER2/trainA/HE/4M2103059_26_7.jpg,/trinity/home/m.romanov/benchmarking/datasets/MIST_HER2/trainB/IHC/4M2103059_26_7.jpg
97M2100034,97M2100034_31_16,0,0,2,/trinity/home/m.romanov/benchmarking/datasets/MIST_HER2/trainA/HE/97M2100034_31_16.jpg,/trinity/home/m.romanov/benchmarking/datasets/MIST_HER2/trainB/IHC/97M2100034_31_16.jpg
77M2100464,77M2100464_29_8,0,0,2,/trinity/home/m.romanov/benchmarking/datasets/MIST_HER2/trainA/HE/77M2100464_29_8.jpg,/trinity/home/m.romanov/benchmarking/datasets/MIST_HER2/trainB/IHC/77M2100464_29_8.jpg
79M2100417,79M2100417_27_21,0,0,2,/trinity/home/m.romanov/benchmarking/datasets/MIST_HER2/trainA/HE/79M2100417_27_21.jpg,/trinity/home/m.romanov/benchmarking/datasets/MIST_HER2/trainB/IHC/79M2100417_27_21.jpg
14M2102785,14M2102785_25_17,0,0,2,/trinity/home/m.romanov/benchmarking/datasets/MIST_HER2/trainA/HE/14M2102785_25_17.jpg,/trinity/home/m.romanov/benchmarking/datasets/MIST_HER2/trainB/IHC/14M2102785_25_17.jpg
46M2101353,46M2101353_21_26,0,0,2,/trinity/home/m.romanov/benchmarking/datasets/MIST_HER2/trainA/HE/46M2101353_21_26.jpg,/trinity/home/m.romanov/benchmarking/datasets/MIST_HER2/trainB/IHC/46M2101353_21_26.jpg
47M2101316,47M2101316_12_24,0,0,2,/trinity/home/m.romanov/benchmarking/datasets/MIST_HER2/trainA/HE/47M2101316_12_24.jpg,/trinity/home/m.romanov/benchmarking/datasets/MIST_HER2/trainB/IHC/47M2101316_12_24.jpg
100M2004069,100M2004069_30_18,0,0,2,/trinity/home/m.romanov/benchmarking/datasets/MIST_HER2/trainA/HE/100M2004069_30_18.jpg,/trinity/home/m.romanov/benchmarking/datasets/MIST_HER2/trainB/IHC/100M2004069_30_18.jpg
58M2100997,58M2100997_17_8,0,0,2,/trinity/home/m.romanov/benchmarking/datasets/MIST_HER2/trainA/HE/58M2100997_17_8.jpg,/trinity/home/m.romanov/benchmarking/datasets/MIST_HER2/trainB/IHC/58M2100997_17_8.jpg
16M2102718,16M2102718_26_14,0,0,2,/trinity/home/m.romanov/benchmarking/datasets/MIST_HER2/trainA/HE/16M2102718_26_14.jpg,/trinity/home/m.romanov/benchmarking/datasets/MIST_HER2/trainB/IHC/16M2102718_26_14.jpg
50M2101298,50M2101298_20_14,0,0,2,/trinity/home/m.romanov/benchmarking/datasets/MIST_HER2/trainA/HE/50M2101298_20_14.jpg,/trinity/home/m.romanov/benchmarking/datasets/MIST_HER2/trainB/IHC/50M2101298_20_14.jpg
19M2102438,19M2102438_19_14,0,0,2,/trinity/home/m.romanov/benchmarking/datasets/MIST_HER2/trainA/HE/19M2102438_19_14.jpg,/trinity/home/m.romanov/benchmarking/datasets/MIST_HER2/trainB/IHC/19M2102438_19_14.jpg
81M2100356,81M2100356_27_18,0,0,2,/trinity/home/m.romanov/benchmarking/datasets/MIST_HER2/trainA/HE/81M2100356_27_18.jpg,/trinity/home/m.romanov/benchmarking/datasets/MIST_HER2/trainB/IHC/81M2100356_27_18.jpg
65M2100668,65M2100668_7_0,0,0,2,/trinity/home/m.romanov/benchmarking/datasets/MIST_HER2/trainA/HE/65M2100668_7_0.jpg,/trinity/home/m.romanov/benchmarking/datasets/MIST_HER2/trainB/IHC/65M2100668_7_0.jpg
10M2102916,10M2102916_32_33,0,0,2,/trinity/home/m.romanov/benchmarking/datasets/MIST_HER2/trainA/HE/10M2102916_32_33.jpg,/trinity/home/m.romanov/benchmarking/datasets/MIST_HER2/trainB/IHC/10M2102916_32_33.jpg
91M2100173,91M2100173_7_5,0,0,2,/trinity/home/m.romanov/benchmarking/datasets/MIST_HER2/trainA/HE/91M2100173_7_5.jpg,/trinity/home/m.romanov/benchmarking/datasets/MIST_HER2/trainB/IHC/91M2100173_7_5.jpg
91M2100173,91M2100173_7_11,0,0,2,/trinity/home/m.romanov/benchmarking/datasets/MIST_HER2/trainA/HE/91M2100173_7_11.jpg,/trinity/home/m.romanov/benchmarking/datasets/MIST_HER2/trainB/IHC/91M2100173_7_11.jpg
10M2102916,10M2102916_28_32,0,0,2,/trinity/home/m.romanov/benchmarking/datasets/MIST_HER2/trainA/HE/10M2102916_28_32.jpg,/trinity/home/m.romanov/benchmarking/datasets/MIST_HER2/trainB/IHC/10M2102916_28_32.jpg
80M2100377,80M2100377_24_26,0,0,2,/trinity/home/m.romanov/benchmarking/datasets/MIST_HER2/trainA/HE/80M2100377_24_26.jpg,/trinity/home/m.romanov/benchmarking/datasets/MIST_HER2/trainB/IHC/80M2100377_24_26.jpg
16M2102718,16M2102718_9_25,0,0,2,/trinity/home/m.romanov/benchmarking/datasets/MIST_HER2/trainA/HE/16M2102718_9_25.jpg,/trinity/home/m.romanov/benchmarking/datasets/MIST_HER2/trainB/IHC/16M2102718_9_25.jpg
19M2102438,19M2102438_16_21,0,0,2,/trinity/home/m.romanov/benchmarking/datasets/MIST_HER2/trainA/HE/19M2102438_16_21.jpg,/trinity/home/m.romanov/benchmarking/datasets/MIST_HER2/trainB/IHC/19M2102438_16_21.jpg
48M2101314,48M2101314_35_21,0,0,2,/trinity/home/m.romanov/benchmarking/datasets/MIST_HER2/trainA/HE/48M2101314_35_21.jpg,/trinity/home/m.romanov/benchmarking/datasets/MIST_HER2/trainB/IHC/48M2101314_35_21.jpg
27M2102007,27M2102007_18_14,0,0,2,/trinity/home/m.romanov/benchmarking/datasets/MIST_HER2/trainA/HE/27M2102007_18_14.jpg,/trinity/home/m.romanov/benchmarking/datasets/MIST_HER2/trainB/IHC/27M2102007_18_14.jpg
67M2100642,67M2100642_10_11,0,0,2,/trinity/home/m.romanov/benchmarking/datasets/MIST_HER2/trainA/HE/67M2100642_10_11.jpg,/trinity/home/m.romanov/benchmarking/datasets/MIST_HER2/trainB/IHC/67M2100642_10_11.jpg
22M2102266,22M2102266_23_19,0,0,2,/trinity/home/m.romanov/benchmarking/datasets/MIST_HER2/trainA/HE/22M2102266_23_19.jpg,/trinity/home/m.romanov/benchmarking/datasets/MIST_HER2/trainB/IHC/22M2102266_23_19.jpg
2M2103108,2M2103108_19_24,0,0,2,/trinity/home/m.romanov/benchmarking/datasets/MIST_HER2/trainA/HE/2M2103108_19_24.jpg,/trinity/home/m.romanov/benchmarking/datasets/MIST_HER2/trainB/IHC/2M2103108_19_24.jpg
2M2103108,2M2103108_11_9,0,0,2,/trinity/home/m.romanov/benchmarking/datasets/MIST_HER2/trainA/HE/2M2103108_11_9.jpg,/trinity/home/m.romanov/benchmarking/datasets/MIST_HER2/trainB/IHC/2M2103108_11_9.jpg
100M2004069,100M2004069_15_18,0,0,2,/trinity/home/m.romanov/benchmarking/datasets/MIST_HER2/trainA/HE/100M2004069_15_18.jpg,/trinity/home/m.romanov/benchmarking/datasets/MIST_HER2/trainB/IHC/100M2004069_15_18.jpg
27M2102007,27M2102007_13_28,0,0,2,/trinity/home/m.romanov/benchmarking/datasets/MIST_HER2/trainA/HE/27M2102007_13_28.jpg,/trinity/home/m.romanov/benchmarking/datasets/MIST_HER2/trainB/IHC/27M2102007_13_28.jpg
33M2101839,33M2101839_3_3,0,0,2,/trinity/home/m.romanov/benchmarking/datasets/MIST_HER2/trainA/HE/33M2101839_3_3.jpg,/trinity/home/m.romanov/benchmarking/datasets/MIST_HER2/trainB/IHC/33M2101839_3_3.jpg
59M2100987,59M2100987_33_31,0,0,2,/trinity/home/m.romanov/benchmarking/datasets/MIST_HER2/trainA/HE/59M2100987_33_31.jpg,/trinity/home/m.romanov/benchmarking/datasets/MIST_HER2/trainB/IHC/59M2100987_33_31.jpg
16M2102718,16M2102718_20_9,0,0,2,/trinity/home/m.romanov/benchmarking/datasets/MIST_HER2/trainA/HE/16M2102718_20_9.jpg,/trinity/home/m.romanov/benchmarking/datasets/MIST_HER2/trainB/IHC/16M2102718_20_9.jpg
48M2101314,48M2101314_13_20,0,0,2,/trinity/home/m.romanov/benchmarking/datasets/MIST_HER2/trainA/HE/48M2101314_13_20.jpg,/trinity/home/m.romanov/benchmarking/datasets/MIST_HER2/trainB/IHC/48M2101314_13_20.jpg
50M2101298,50M2101298_17_11,0,0,2,/trinity/home/m.romanov/benchmarking/datasets/MIST_HER2/trainA/HE/50M2101298_17_11.jpg,/trinity/home/m.romanov/benchmarking/datasets/MIST_HER2/trainB/IHC/50M2101298_17_11.jpg
14M2102785,14M2102785_28_11,0,0,2,/trinity/home/m.romanov/benchmarking/datasets/MIST_HER2/trainA/HE/14M2102785_28_11.jpg,/trinity/home/m.romanov/benchmarking/datasets/MIST_HER2/trainB/IHC/14M2102785_28_11.jpg
57M2101034,57M2101034_11_27,0,0,2,/trinity/home/m.romanov/benchmarking/datasets/MIST_HER2/trainA/HE/57M2101034_11_27.jpg,/trinity/home/m.romanov/benchmarking/datasets/MIST_HER2/trainB/IHC/57M2101034_11_27.jpg
97M2100034,97M2100034_17_11,0,0,2,/trinity/home/m.romanov/benchmarking/datasets/MIST_HER2/trainA/HE/97M2100034_17_11.jpg,/trinity/home/m.romanov/benchmarking/datasets/MIST_HER2/trainB/IHC/97M2100034_17_11.jpg
52M2101275,52M2101275_27_11,0,0,2,/trinity/home/m.romanov/benchmarking/datasets/MIST_HER2/trainA/HE/52M2101275_27_11.jpg,/trinity/home/m.romanov/benchmarking/datasets/MIST_HER2/trainB/IHC/52M2101275_27_11.jpg
69M2100632,69M2100632_17_17,0,0,2,/trinity/home/m.romanov/benchmarking/datasets/MIST_HER2/trainA/HE/69M2100632_17_17.jpg,/trinity/home/m.romanov/benchmarking/datasets/MIST_HER2/trainB/IHC/69M2100632_17_17.jpg
54M2101205,54M2101205_12_12,0,0,2,/trinity/home/m.romanov/benchmarking/datasets/MIST_HER2/trainA/HE/54M2101205_12_12.jpg,/trinity/home/m.romanov/benchmarking/datasets/MIST_HER2/trainB/IHC/54M2101205_12_12.jpg
6M2103024,6M2103024_11_8,0,0,2,/trinity/home/m.romanov/benchmarking/datasets/MIST_HER2/trainA/HE/6M2103024_11_8.jpg,/trinity/home/m.romanov/benchmarking/datasets/MIST_HER2/trainB/IHC/6M2103024_11_8.jpg
100M2004069,100M2004069_10_24,0,0,2,/trinity/home/m.romanov/benchmarking/datasets/MIST_HER2/trainA/HE/100M2004069_10_24.jpg,/trinity/home/m.romanov/benchmarking/datasets/MIST_HER2/trainB/IHC/100M2004069_10_24.jpg
76M2100485,76M2100485_31_18,0,0,2,/trinity/home/m.romanov/benchmarking/datasets/MIST_HER2/trainA/HE/76M2100485_31_18.jpg,/trinity/home/m.romanov/benchmarking/datasets/MIST_HER2/trainB/IHC/76M2100485_31_18.jpg
4M2103059,4M2103059_22_5,0,0,2,/trinity/home/m.romanov/benchmarking/datasets/MIST_HER2/trainA/HE/4M2103059_22_5.jpg,/trinity/home/m.romanov/benchmarking/datasets/MIST_HER2/trainB/IHC/4M2103059_22_5.jpg
80M2100377,80M2100377_33_15,0,0,2,/trinity/home/m.romanov/benchmarking/datasets/MIST_HER2/trainA/HE/80M2100377_33_15.jpg,/trinity/home/m.romanov/benchmarking/datasets/MIST_HER2/trainB/IHC/80M2100377_33_15.jpg
81M2100356,81M2100356_28_26,0,0,2,/trinity/home/m.romanov/benchmarking/datasets/MIST_HER2/trainA/HE/81M2100356_28_26.jpg,/trinity/home/m.romanov/benchmarking/datasets/MIST_HER2/trainB/IHC/81M2100356_28_26.jpg
69M2100632,69M2100632_4_14,0,0,2,/trinity/home/m.romanov/benchmarking/datasets/MIST_HER2/trainA/HE/69M2100632_4_14.jpg,/trinity/home/m.romanov/benchmarking/datasets/MIST_HER2/trainB/IHC/69M2100632_4_14.jpg
56M2101083,56M2101083_24_7,0,0,2,/trinity/home/m.romanov/benchmarking/datasets/MIST_HER2/trainA/HE/56M2101083_24_7.jpg,/trinity/home/m.romanov/benchmarking/datasets/MIST_HER2/trainB/IHC/56M2101083_24_7.jpg
46M2101353,46M2101353_27_20,0,0,2,/trinity/home/m.romanov/benchmarking/datasets/MIST_HER2/trainA/HE/46M2101353_27_20.jpg,/trinity/home/m.romanov/benchmarking/datasets/MIST_HER2/trainB/IHC/46M2101353_27_20.jpg
99M2004082,99M2004082_29_19,0,0,2,/trinity/home/m.romanov/benchmarking/datasets/MIST_HER2/trainA/HE/99M2004082_29_19.jpg,/trinity/home/m.romanov/benchmarking/datasets/MIST_HER2/trainB/IHC/99M2004082_29_19.jpg
58M2100997,58M2100997_27_10,0,0,2,/trinity/home/m.romanov/benchmarking/datasets/MIST_HER2/trainA/HE/58M2100997_27_10.jpg,/trinity/home/m.romanov/benchmarking/datasets/MIST_HER2/trainB/IHC/58M2100997_27_10.jpg
88M2100218,88M2100218_25_13,0,0,2,/trinity/home/m.romanov/benchmarking/datasets/MIST_HER2/trainA/HE/88M2100218_25_13.jpg,/trinity/home/m.romanov/benchmarking/datasets/MIST_HER2/trainB/IHC/88M2100218_25_13.jpg
89M2100212,89M2100212_17_20,0,0,2,/trinity/home/m.romanov/benchmarking/datasets/MIST_HER2/trainA/HE/89M2100212_17_20.jpg,/trinity/home/m.romanov/benchmarking/datasets/MIST_HER2/trainB/IHC/89M2100212_17_20.jpg
39M2101576,39M2101576_27_14,0,0,2,/trinity/home/m.romanov/benchmarking/datasets/MIST_HER2/trainA/HE/39M2101576_27_14.jpg,/trinity/home/m.romanov/benchmarking/datasets/MIST_HER2/trainB/IHC/39M2101576_27_14.jpg
65M2100668,65M2100668_22_22,0,0,2,/trinity/home/m.romanov/benchmarking/datasets/MIST_HER2/trainA/HE/65M2100668_22_22.jpg,/trinity/home/m.romanov/benchmarking/datasets/MIST_HER2/trainB/IHC/65M2100668_22_22.jpg
40M2101566,40M2101566_35_24,0,0,2,/trinity/home/m.romanov/benchmarking/datasets/MIST_HER2/trainA/HE/40M2101566_35_24.jpg,/trinity/home/m.romanov/benchmarking/datasets/MIST_HER2/trainB/IHC/40M2101566_35_24.jpg
14M2102785,14M2102785_20_10,0,0,2,/trinity/home/m.romanov/benchmarking/datasets/MIST_HER2/trainA/HE/14M2102785_20_10.jpg,/trinity/home/m.romanov/benchmarking/datasets/MIST_HER2/trainB/IHC/14M2102785_20_10.jpg
92M2100150,92M2100150_13_14,0,0,2,/trinity/home/m.romanov/benchmarking/datasets/MIST_HER2/trainA/HE/92M2100150_13_14.jpg,/trinity/home/m.romanov/benchmarking/datasets/MIST_HER2/trainB/IHC/92M2100150_13_14.jpg
91M2100173,91M2100173_24_22,0,0,2,/trinity/home/m.romanov/benchmarking/datasets/MIST_HER2/trainA/HE/91M2100173_24_22.jpg,/trinity/home/m.romanov/benchmarking/datasets/MIST_HER2/trainB/IHC/91M2100173_24_22.jpg
44M2101492,44M2101492_10_15,0,0,2,/trinity/home/m.romanov/benchmarking/datasets/MIST_HER2/trainA/HE/44M2101492_10_15.jpg,/trinity/home/m.romanov/benchmarking/datasets/MIST_HER2/trainB/IHC/44M2101492_10_15.jpg
58M2100997,58M2100997_26_8,0,0,2,/trinity/home/m.romanov/benchmarking/datasets/MIST_HER2/trainA/HE/58M2100997_26_8.jpg,/trinity/home/m.romanov/benchmarking/datasets/MIST_HER2/trainB/IHC/58M2100997_26_8.jpg
76M2100485,76M2100485_28_15,0,0,2,/trinity/home/m.romanov/benchmarking/datasets/MIST_HER2/trainA/HE/76M2100485_28_15.jpg,/trinity/home/m.romanov/benchmarking/datasets/MIST_HER2/trainB/IHC/76M2100485_28_15.jpg
28M2101987,28M2101987_23_6,0,0,2,/trinity/home/m.romanov/benchmarking/datasets/MIST_HER2/trainA/HE/28M2101987_23_6.jpg,/trinity/home/m.romanov/benchmarking/datasets/MIST_HER2/trainB/IHC/28M2101987_23_6.jpg
48M2101314,48M2101314_36_27,0,0,2,/trinity/home/m.romanov/benchmarking/datasets/MIST_HER2/trainA/HE/48M2101314_36_27.jpg,/trinity/home/m.romanov/benchmarking/datasets/MIST_HER2/trainB/IHC/48M2101314_36_27.jpg
98M2004096,98M2004096_3_6,0,0,2,/trinity/home/m.romanov/benchmarking/datasets/MIST_HER2/trainA/HE/98M2004096_3_6.jpg,/trinity/home/m.romanov/benchmarking/datasets/MIST_HER2/trainB/IHC/98M2004096_3_6.jpg
62M2100915,62M2100915_11_28,0,0,2,/trinity/home/m.romanov/benchmarking/datasets/MIST_HER2/trainA/HE/62M2100915_11_28.jpg,/trinity/home/m.romanov/benchmarking/datasets/MIST_HER2/trainB/IHC/62M2100915_11_28.jpg
52M2101275,52M2101275_25_12,0,0,2,/trinity/home/m.romanov/benchmarking/datasets/MIST_HER2/trainA/HE/52M2101275_25_12.jpg,/trinity/home/m.romanov/benchmarking/datasets/MIST_HER2/trainB/IHC/52M2101275_25_12.jpg
22M2102266,22M2102266_19_15,0,0,2,/trinity/home/m.romanov/benchmarking/datasets/MIST_HER2/trainA/HE/22M2102266_19_15.jpg,/trinity/home/m.romanov/benchmarking/datasets/MIST_HER2/trainB/IHC/22M2102266_19_15.jpg
16M2102718,16M2102718_27_16,0,0,2,/trinity/home/m.romanov/benchmarking/datasets/MIST_HER2/trainA/HE/16M2102718_27_16.jpg,/trinity/home/m.romanov/benchmarking/datasets/MIST_HER2/trainB/IHC/16M2102718_27_16.jpg
69M2100632,69M2100632_28_15,0,0,2,/trinity/home/m.romanov/benchmarking/datasets/MIST_HER2/trainA/HE/69M2100632_28_15.jpg,/trinity/home/m.romanov/benchmarking/datasets/MIST_HER2/trainB/IHC/69M2100632_28_15.jpg
60M2100980,60M2100980_12_24,0,0,2,/trinity/home/m.romanov/benchmarking/datasets/MIST_HER2/trainA/HE/60M2100980_12_24.jpg,/trinity/home/m.romanov/benchmarking/datasets/MIST_HER2/trainB/IHC/60M2100980_12_24.jpg
16M2102718,16M2102718_13_14,0,0,2,/trinity/home/m.romanov/benchmarking/datasets/MIST_HER2/trainA/HE/16M2102718_13_14.jpg,/trinity/home/m.romanov/benchmarking/datasets/MIST_HER2/trainB/IHC/16M2102718_13_14.jpg
77M2100464,77M2100464_37_20,0,0,2,/trinity/home/m.romanov/benchmarking/datasets/MIST_HER2/trainA/HE/77M2100464_37_20.jpg,/trinity/home/m.romanov/benchmarking/datasets/MIST_HER2/trainB/IHC/77M2100464_37_20.jpg
75M2100521,75M2100521_25_8,0,0,2,/trinity/home/m.romanov/benchmarking/datasets/MIST_HER2/trainA/HE/75M2100521_25_8.jpg,/trinity/home/m.romanov/benchmarking/datasets/MIST_HER2/trainB/IHC/75M2100521_25_8.jpg
99M2004082,99M2004082_32_11,0,0,2,/trinity/home/m.romanov/benchmarking/datasets/MIST_HER2/trainA/HE/99M2004082_32_11.jpg,/trinity/home/m.romanov/benchmarking/datasets/MIST_HER2/trainB/IHC/99M2004082_32_11.jpg
99M2004082,99M2004082_23_3,0,0,2,/trinity/home/m.romanov/benchmarking/datasets/MIST_HER2/trainA/HE/99M2004082_23_3.jpg,/trinity/home/m.romanov/benchmarking/datasets/MIST_HER2/trainB/IHC/99M2004082_23_3.jpg
79M2100417,79M2100417_18_12,0,0,2,/trinity/home/m.romanov/benchmarking/datasets/MIST_HER2/trainA/HE/79M2100417_18_12.jpg,/trinity/home/m.romanov/benchmarking/datasets/MIST_HER2/trainB/IHC/79M2100417_18_12.jpg
62M2100915,62M2100915_30_17,0,0,2,/trinity/home/m.romanov/benchmarking/datasets/MIST_HER2/trainA/HE/62M2100915_30_17.jpg,/trinity/home/m.romanov/benchmarking/datasets/MIST_HER2/trainB/IHC/62M2100915_30_17.jpg
23M2102136,23M2102136_20_5,0,0,2,/trinity/home/m.romanov/benchmarking/datasets/MIST_HER2/trainA/HE/23M2102136_20_5.jpg,/trinity/home/m.romanov/benchmarking/datasets/MIST_HER2/trainB/IHC/23M2102136_20_5.jpg
67M2100642,67M2100642_18_20,0,0,2,/trinity/home/m.romanov/benchmarking/datasets/MIST_HER2/trainA/HE/67M2100642_18_20.jpg,/trinity/home/m.romanov/benchmarking/datasets/MIST_HER2/trainB/IHC/67M2100642_18_20.jpg
69M2100632,69M2100632_14_25,0,0,2,/trinity/home/m.romanov/benchmarking/datasets/MIST_HER2/trainA/HE/69M2100632_14_25.jpg,/trinity/home/m.romanov/benchmarking/datasets/MIST_HER2/trainB/IHC/69M2100632_14_25.jpg
100M2004069,100M2004069_20_9,0,0,2,/trinity/home/m.romanov/benchmarking/datasets/MIST_HER2/trainA/HE/100M2004069_20_9.jpg,/trinity/home/m.romanov/benchmarking/datasets/MIST_HER2/trainB/IHC/100M2004069_20_9.jpg
45M2101377,45M2101377_35_25,0,0,2,/trinity/home/m.romanov/benchmarking/datasets/MIST_HER2/trainA/HE/45M2101377_35_25.jpg,/trinity/home/m.romanov/benchmarking/datasets/MIST_HER2/trainB/IHC/45M2101377_35_25.jpg
14M2102785,14M2102785_15_6,0,0,2,/trinity/home/m.romanov/benchmarking/datasets/MIST_HER2/trainA/HE/14M2102785_15_6.jpg,/trinity/home/m.romanov/benchmarking/datasets/MIST_HER2/trainB/IHC/14M2102785_15_6.jpg
47M2101316,47M2101316_16_31,0,0,2,/trinity/home/m.romanov/benchmarking/datasets/MIST_HER2/trainA/HE/47M2101316_16_31.jpg,/trinity/home/m.romanov/benchmarking/datasets/MIST_HER2/trainB/IHC/47M2101316_16_31.jpg
100M2004069,100M2004069_15_12,0,0,2,/trinity/home/m.romanov/benchmarking/datasets/MIST_HER2/trainA/HE/100M2004069_15_12.jpg,/trinity/home/m.romanov/benchmarking/datasets/MIST_HER2/trainB/IHC/100M2004069_15_12.jpg
10M2102916,10M2102916_23_8,0,0,2,/trinity/home/m.romanov/benchmarking/datasets/MIST_HER2/trainA/HE/10M2102916_23_8.jpg,/trinity/home/m.romanov/benchmarking/datasets/MIST_HER2/trainB/IHC/10M2102916_23_8.jpg
79M2100417,79M2100417_13_16,0,0,2,/trinity/home/m.romanov/benchmarking/datasets/MIST_HER2/trainA/HE/79M2100417_13_16.jpg,/trinity/home/m.romanov/benchmarking/datasets/MIST_HER2/trainB/IHC/79M2100417_13_16.jpg
75M2100521,75M2100521_24_9,0,0,2,/trinity/home/m.romanov/benchmarking/datasets/MIST_HER2/trainA/HE/75M2100521_24_9.jpg,/trinity/home/m.romanov/benchmarking/datasets/MIST_HER2/trainB/IHC/75M2100521_24_9.jpg
58M2100997,58M2100997_41_10,0,0,2,/trinity/home/m.romanov/benchmarking/datasets/MIST_HER2/trainA/HE/58M2100997_41_10.jpg,/trinity/home/m.romanov/benchmarking/datasets/MIST_HER2/trainB/IHC/58M2100997_41_10.jpg
56M2101083,56M2101083_29_36,0,0,2,/trinity/home/m.romanov/benchmarking/datasets/MIST_HER2/trainA/HE/56M2101083_29_36.jpg,/trinity/home/m.romanov/benchmarking/datasets/MIST_HER2/trainB/IHC/56M2101083_29_36.jpg
81M2100356,81M2100356_23_31,0,0,2,/trinity/home/m.romanov/benchmarking/datasets/MIST_HER2/trainA/HE/81M2100356_23_31.jpg,/trinity/home/m.romanov/benchmarking/datasets/MIST_HER2/trainB/IHC/81M2100356_23_31.jpg
22M2102266,22M2102266_23_16,0,0,2,/trinity/home/m.romanov/benchmarking/datasets/MIST_HER2/trainA/HE/22M2102266_23_16.jpg,/trinity/home/m.romanov/benchmarking/datasets/MIST_HER2/trainB/IHC/22M2102266_23_16.jpg
68M2100640,68M2100640_26_15,0,0,2,/trinity/home/m.romanov/benchmarking/datasets/MIST_HER2/trainA/HE/68M2100640_26_15.jpg,/trinity/home/m.romanov/benchmarking/datasets/MIST_HER2/trainB/IHC/68M2100640_26_15.jpg
91M2100173,91M2100173_6_14,0,0,2,/trinity/home/m.romanov/benchmarking/datasets/MIST_HER2/trainA/HE/91M2100173_6_14.jpg,/trinity/home/m.romanov/benchmarking/datasets/MIST_HER2/trainB/IHC/91M2100173_6_14.jpg
76M2100485,76M2100485_23_21,0,0,2,/trinity/home/m.romanov/benchmarking/datasets/MIST_HER2/trainA/HE/76M2100485_23_21.jpg,/trinity/home/m.romanov/benchmarking/datasets/MIST_HER2/trainB/IHC/76M2100485_23_21.jpg
75M2100521,75M2100521_18_13,0,0,2,/trinity/home/m.romanov/benchmarking/datasets/MIST_HER2/trainA/HE/75M2100521_18_13.jpg,/trinity/home/m.romanov/benchmarking/datasets/MIST_HER2/trainB/IHC/75M2100521_18_13.jpg
91M2100173,91M2100173_6_16,0,0,2,/trinity/home/m.romanov/benchmarking/datasets/MIST_HER2/trainA/HE/91M2100173_6_16.jpg,/trinity/home/m.romanov/benchmarking/datasets/MIST_HER2/trainB/IHC/91M2100173_6_16.jpg
59M2100987,59M2100987_18_18,0,0,2,/trinity/home/m.romanov/benchmarking/datasets/MIST_HER2/trainA/HE/59M2100987_18_18.jpg,/trinity/home/m.romanov/benchmarking/datasets/MIST_HER2/trainB/IHC/59M2100987_18_18.jpg
60M2100980,60M2100980_31_31,0,0,2,/trinity/home/m.romanov/benchmarking/datasets/MIST_HER2/trainA/HE/60M2100980_31_31.jpg,/trinity/home/m.romanov/benchmarking/datasets/MIST_HER2/trainB/IHC/60M2100980_31_31.jpg
75M2100521,75M2100521_26_6,0,0,2,/trinity/home/m.romanov/benchmarking/datasets/MIST_HER2/trainA/HE/75M2100521_26_6.jpg,/trinity/home/m.romanov/benchmarking/datasets/MIST_HER2/trainB/IHC/75M2100521_26_6.jpg
54M2101205,54M2101205_11_22,0,0,2,/trinity/home/m.romanov/benchmarking/datasets/MIST_HER2/trainA/HE/54M2101205_11_22.jpg,/trinity/home/m.romanov/benchmarking/datasets/MIST_HER2/trainB/IHC/54M2101205_11_22.jpg
40M2101566,40M2101566_31_19,0,0,2,/trinity/home/m.romanov/benchmarking/datasets/MIST_HER2/trainA/HE/40M2101566_31_19.jpg,/trinity/home/m.romanov/benchmarking/datasets/MIST_HER2/trainB/IHC/40M2101566_31_19.jpg
39M2101576,39M2101576_29_5,0,0,2,/trinity/home/m.romanov/benchmarking/datasets/MIST_HER2/trainA/HE/39M2101576_29_5.jpg,/trinity/home/m.romanov/benchmarking/datasets/MIST_HER2/trainB/IHC/39M2101576_29_5.jpg
22M2102266,22M2102266_21_21,0,0,2,/trinity/home/m.romanov/benchmarking/datasets/MIST_HER2/trainA/HE/22M2102266_21_21.jpg,/trinity/home/m.romanov/benchmarking/datasets/MIST_HER2/trainB/IHC/22M2102266_21_21.jpg
51M2101285,51M2101285_19_15,0,0,2,/trinity/home/m.romanov/benchmarking/datasets/MIST_HER2/trainA/HE/51M2101285_19_15.jpg,/trinity/home/m.romanov/benchmarking/datasets/MIST_HER2/trainB/IHC/51M2101285_19_15.jpg
68M2100640,68M2100640_28_23,0,0,2,/trinity/home/m.romanov/benchmarking/datasets/MIST_HER2/trainA/HE/68M2100640_28_23.jpg,/trinity/home/m.romanov/benchmarking/datasets/MIST_HER2/trainB/IHC/68M2100640_28_23.jpg
47M2101316,47M2101316_7_28,0,0,2,/trinity/home/m.romanov/benchmarking/datasets/MIST_HER2/trainA/HE/47M2101316_7_28.jpg,/trinity/home/m.romanov/benchmarking/datasets/MIST_HER2/trainB/IHC/47M2101316_7_28.jpg
25M2102060,25M2102060_31_24,0,0,2,/trinity/home/m.romanov/benchmarking/datasets/MIST_HER2/trainA/HE/25M2102060_31_24.jpg,/trinity/home/m.romanov/benchmarking/datasets/MIST_HER2/trainB/IHC/25M2102060_31_24.jpg
70M2100623,70M2100623_16_3,0,0,2,/trinity/home/m.romanov/benchmarking/datasets/MIST_HER2/trainA/HE/70M2100623_16_3.jpg,/trinity/home/m.romanov/benchmarking/datasets/MIST_HER2/trainB/IHC/70M2100623_16_3.jpg
25M2102060,25M2102060_24_25,0,0,2,/trinity/home/m.romanov/benchmarking/datasets/MIST_HER2/trainA/HE/25M2102060_24_25.jpg,/trinity/home/m.romanov/benchmarking/datasets/MIST_HER2/trainB/IHC/25M2102060_24_25.jpg
30M2101953,30M2101953_11_10,0,0,2,/trinity/home/m.romanov/benchmarking/datasets/MIST_HER2/trainA/HE/30M2101953_11_10.jpg,/trinity/home/m.romanov/benchmarking/datasets/MIST_HER2/trainB/IHC/30M2101953_11_10.jpg
10M2102916,10M2102916_15_12,0,0,2,/trinity/home/m.romanov/benchmarking/datasets/MIST_HER2/trainA/HE/10M2102916_15_12.jpg,/trinity/home/m.romanov/benchmarking/datasets/MIST_HER2/trainB/IHC/10M2102916_15_12.jpg
80M2100377,80M2100377_31_22,0,0,2,/trinity/home/m.romanov/benchmarking/datasets/MIST_HER2/trainA/HE/80M2100377_31_22.jpg,/trinity/home/m.romanov/benchmarking/datasets/MIST_HER2/trainB/IHC/80M2100377_31_22.jpg
40M2101566,40M2101566_50_23,0,0,2,/trinity/home/m.romanov/benchmarking/datasets/MIST_HER2/trainA/HE/40M2101566_50_23.jpg,/trinity/home/m.romanov/benchmarking/datasets/MIST_HER2/trainB/IHC/40M2101566_50_23.jpg
75M2100521,75M2100521_20_21,0,0,2,/trinity/home/m.romanov/benchmarking/datasets/MIST_HER2/trainA/HE/75M2100521_20_21.jpg,/trinity/home/m.romanov/benchmarking/datasets/MIST_HER2/trainB/IHC/75M2100521_20_21.jpg
74M2100526,74M2100526_30_20,0,0,2,/trinity/home/m.romanov/benchmarking/datasets/MIST_HER2/trainA/HE/74M2100526_30_20.jpg,/trinity/home/m.romanov/benchmarking/datasets/MIST_HER2/trainB/IHC/74M2100526_30_20.jpg
53M2101258,53M2101258_15_40,0,0,2,/trinity/home/m.romanov/benchmarking/datasets/MIST_HER2/trainA/HE/53M2101258_15_40.jpg,/trinity/home/m.romanov/benchmarking/datasets/MIST_HER2/trainB/IHC/53M2101258_15_40.jpg
91M2100173,91M2100173_4_8,0,0,2,/trinity/home/m.romanov/benchmarking/datasets/MIST_HER2/trainA/HE/91M2100173_4_8.jpg,/trinity/home/m.romanov/benchmarking/datasets/MIST_HER2/trainB/IHC/91M2100173_4_8.jpg
39M2101576,39M2101576_29_3,0,0,2,/trinity/home/m.romanov/benchmarking/datasets/MIST_HER2/trainA/HE/39M2101576_29_3.jpg,/trinity/home/m.romanov/benchmarking/datasets/MIST_HER2/trainB/IHC/39M2101576_29_3.jpg
76M2100485,76M2100485_17_13,0,0,2,/trinity/home/m.romanov/benchmarking/datasets/MIST_HER2/trainA/HE/76M2100485_17_13.jpg,/trinity/home/m.romanov/benchmarking/datasets/MIST_HER2/trainB/IHC/76M2100485_17_13.jpg
22M2102266,22M2102266_18_19,0,0,2,/trinity/home/m.romanov/benchmarking/datasets/MIST_HER2/trainA/HE/22M2102266_18_19.jpg,/trinity/home/m.romanov/benchmarking/datasets/MIST_HER2/trainB/IHC/22M2102266_18_19.jpg
35M2101733,35M2101733_4_3,0,0,2,/trinity/home/m.romanov/benchmarking/datasets/MIST_HER2/trainA/HE/35M2101733_4_3.jpg,/trinity/home/m.romanov/benchmarking/datasets/MIST_HER2/trainB/IHC/35M2101733_4_3.jpg
97M2100034,97M2100034_26_7,0,0,2,/trinity/home/m.romanov/benchmarking/datasets/MIST_HER2/trainA/HE/97M2100034_26_7.jpg,/trinity/home/m.romanov/benchmarking/datasets/MIST_HER2/trainB/IHC/97M2100034_26_7.jpg
98M2004096,98M2004096_28_9,0,0,2,/trinity/home/m.romanov/benchmarking/datasets/MIST_HER2/trainA/HE/98M2004096_28_9.jpg,/trinity/home/m.romanov/benchmarking/datasets/MIST_HER2/trainB/IHC/98M2004096_28_9.jpg
83M2100256,83M2100256_17_13,0,0,2,/trinity/home/m.romanov/benchmarking/datasets/MIST_HER2/trainA/HE/83M2100256_17_13.jpg,/trinity/home/m.romanov/benchmarking/datasets/MIST_HER2/trainB/IHC/83M2100256_17_13.jpg
19M2102438,19M2102438_34_23,0,0,2,/trinity/home/m.romanov/benchmarking/datasets/MIST_HER2/trainA/HE/19M2102438_34_23.jpg,/trinity/home/m.romanov/benchmarking/datasets/MIST_HER2/trainB/IHC/19M2102438_34_23.jpg
40M2101566,40M2101566_21_18,0,0,2,/trinity/home/m.romanov/benchmarking/datasets/MIST_HER2/trainA/HE/40M2101566_21_18.jpg,/trinity/home/m.romanov/benchmarking/datasets/MIST_HER2/trainB/IHC/40M2101566_21_18.jpg
53M2101258,53M2101258_29_19,0,0,2,/trinity/home/m.romanov/benchmarking/datasets/MIST_HER2/trainA/HE/53M2101258_29_19.jpg,/trinity/home/m.romanov/benchmarking/datasets/MIST_HER2/trainB/IHC/53M2101258_29_19.jpg
56M2101083,56M2101083_25_8,0,0,2,/trinity/home/m.romanov/benchmarking/datasets/MIST_HER2/trainA/HE/56M2101083_25_8.jpg,/trinity/home/m.romanov/benchmarking/datasets/MIST_HER2/trainB/IHC/56M2101083_25_8.jpg
88M2100218,88M2100218_15_24,0,0,2,/trinity/home/m.romanov/benchmarking/datasets/MIST_HER2/trainA/HE/88M2100218_15_24.jpg,/trinity/home/m.romanov/benchmarking/datasets/MIST_HER2/trainB/IHC/88M2100218_15_24.jpg
75M2100521,75M2100521_14_20,0,0,2,/trinity/home/m.romanov/benchmarking/datasets/MIST_HER2/trainA/HE/75M2100521_14_20.jpg,/trinity/home/m.romanov/benchmarking/datasets/MIST_HER2/trainB/IHC/75M2100521_14_20.jpg
68M2100640,68M2100640_12_16,0,0,2,/trinity/home/m.romanov/benchmarking/datasets/MIST_HER2/trainA/HE/68M2100640_12_16.jpg,/trinity/home/m.romanov/benchmarking/datasets/MIST_HER2/trainB/IHC/68M2100640_12_16.jpg
16M2102718,16M2102718_12_27,0,0,2,/trinity/home/m.romanov/benchmarking/datasets/MIST_HER2/trainA/HE/16M2102718_12_27.jpg,/trinity/home/m.romanov/benchmarking/datasets/MIST_HER2/trainB/IHC/16M2102718_12_27.jpg
79M2100417,79M2100417_17_9,0,0,2,/trinity/home/m.romanov/benchmarking/datasets/MIST_HER2/trainA/HE/79M2100417_17_9.jpg,/trinity/home/m.romanov/benchmarking/datasets/MIST_HER2/trainB/IHC/79M2100417_17_9.jpg
52M2101275,52M2101275_14_13,0,0,2,/trinity/home/m.romanov/benchmarking/datasets/MIST_HER2/trainA/HE/52M2101275_14_13.jpg,/trinity/home/m.romanov/benchmarking/datasets/MIST_HER2/trainB/IHC/52M2101275_14_13.jpg
70M2100623,70M2100623_42_13,0,0,2,/trinity/home/m.romanov/benchmarking/datasets/MIST_HER2/trainA/HE/70M2100623_42_13.jpg,/trinity/home/m.romanov/benchmarking/datasets/MIST_HER2/trainB/IHC/70M2100623_42_13.jpg
47M2101316,47M2101316_7_18,0,0,2,/trinity/home/m.romanov/benchmarking/datasets/MIST_HER2/trainA/HE/47M2101316_7_18.jpg,/trinity/home/m.romanov/benchmarking/datasets/MIST_HER2/trainB/IHC/47M2101316_7_18.jpg
31M2101871,31M2101871_18_26,0,0,2,/trinity/home/m.romanov/benchmarking/datasets/MIST_HER2/trainA/HE/31M2101871_18_26.jpg,/trinity/home/m.romanov/benchmarking/datasets/MIST_HER2/trainB/IHC/31M2101871_18_26.jpg
53M2101258,53M2101258_11_14,0,0,2,/trinity/home/m.romanov/benchmarking/datasets/MIST_HER2/trainA/HE/53M2101258_11_14.jpg,/trinity/home/m.romanov/benchmarking/datasets/MIST_HER2/trainB/IHC/53M2101258_11_14.jpg
51M2101285,51M2101285_19_14,0,0,2,/trinity/home/m.romanov/benchmarking/datasets/MIST_HER2/trainA/HE/51M2101285_19_14.jpg,/trinity/home/m.romanov/benchmarking/datasets/MIST_HER2/trainB/IHC/51M2101285_19_14.jpg
65M2100668,65M2100668_22_23,0,0,2,/trinity/home/m.romanov/benchmarking/datasets/MIST_HER2/trainA/HE/65M2100668_22_23.jpg,/trinity/home/m.romanov/benchmarking/datasets/MIST_HER2/trainB/IHC/65M2100668_22_23.jpg
4M2103059,4M2103059_13_8,0,0,2,/trinity/home/m.romanov/benchmarking/datasets/MIST_HER2/trainA/HE/4M2103059_13_8.jpg,/trinity/home/m.romanov/benchmarking/datasets/MIST_HER2/trainB/IHC/4M2103059_13_8.jpg
30M2101953,30M2101953_9_7,0,0,2,/trinity/home/m.romanov/benchmarking/datasets/MIST_HER2/trainA/HE/30M2101953_9_7.jpg,/trinity/home/m.romanov/benchmarking/datasets/MIST_HER2/trainB/IHC/30M2101953_9_7.jpg
10M2102916,10M2102916_23_31,0,0,2,/trinity/home/m.romanov/benchmarking/datasets/MIST_HER2/trainA/HE/10M2102916_23_31.jpg,/trinity/home/m.romanov/benchmarking/datasets/MIST_HER2/trainB/IHC/10M2102916_23_31.jpg
6M2103024,6M2103024_25_12,0,0,2,/trinity/home/m.romanov/benchmarking/datasets/MIST_HER2/trainA/HE/6M2103024_25_12.jpg,/trinity/home/m.romanov/benchmarking/datasets/MIST_HER2/trainB/IHC/6M2103024_25_12.jpg
33M2101839,33M2101839_17_6,0,0,2,/trinity/home/m.romanov/benchmarking/datasets/MIST_HER2/trainA/HE/33M2101839_17_6.jpg,/trinity/home/m.romanov/benchmarking/datasets/MIST_HER2/trainB/IHC/33M2101839_17_6.jpg
47M2101316,47M2101316_14_25,0,0,2,/trinity/home/m.romanov/benchmarking/datasets/MIST_HER2/trainA/HE/47M2101316_14_25.jpg,/trinity/home/m.romanov/benchmarking/datasets/MIST_HER2/trainB/IHC/47M2101316_14_25.jpg
6M2103024,6M2103024_12_13,0,0,2,/trinity/home/m.romanov/benchmarking/datasets/MIST_HER2/trainA/HE/6M2103024_12_13.jpg,/trinity/home/m.romanov/benchmarking/datasets/MIST_HER2/trainB/IHC/6M2103024_12_13.jpg
28M2101987,28M2101987_17_20,0,0,2,/trinity/home/m.romanov/benchmarking/datasets/MIST_HER2/trainA/HE/28M2101987_17_20.jpg,/trinity/home/m.romanov/benchmarking/datasets/MIST_HER2/trainB/IHC/28M2101987_17_20.jpg
99M2004082,99M2004082_11_16,0,0,2,/trinity/home/m.romanov/benchmarking/datasets/MIST_HER2/trainA/HE/99M2004082_11_16.jpg,/trinity/home/m.romanov/benchmarking/datasets/MIST_HER2/trainB/IHC/99M2004082_11_16.jpg
67M2100642,67M2100642_20_17,0,0,2,/trinity/home/m.romanov/benchmarking/datasets/MIST_HER2/trainA/HE/67M2100642_20_17.jpg,/trinity/home/m.romanov/benchmarking/datasets/MIST_HER2/trainB/IHC/67M2100642_20_17.jpg
74M2100526,74M2100526_24_11,0,0,2,/trinity/home/m.romanov/benchmarking/datasets/MIST_HER2/trainA/HE/74M2100526_24_11.jpg,/trinity/home/m.romanov/benchmarking/datasets/MIST_HER2/trainB/IHC/74M2100526_24_11.jpg
39M2101576,39M2101576_9_26,0,0,2,/trinity/home/m.romanov/benchmarking/datasets/MIST_HER2/trainA/HE/39M2101576_9_26.jpg,/trinity/home/m.romanov/benchmarking/datasets/MIST_HER2/trainB/IHC/39M2101576_9_26.jpg
58M2100997,58M2100997_20_22,0,0,2,/trinity/home/m.romanov/benchmarking/datasets/MIST_HER2/trainA/HE/58M2100997_20_22.jpg,/trinity/home/m.romanov/benchmarking/datasets/MIST_HER2/trainB/IHC/58M2100997_20_22.jpg
54M2101205,54M2101205_11_6,0,0,2,/trinity/home/m.romanov/benchmarking/datasets/MIST_HER2/trainA/HE/54M2101205_11_6.jpg,/trinity/home/m.romanov/benchmarking/datasets/MIST_HER2/trainB/IHC/54M2101205_11_6.jpg
69M2100632,69M2100632_20_11,0,0,2,/trinity/home/m.romanov/benchmarking/datasets/MIST_HER2/trainA/HE/69M2100632_20_11.jpg,/trinity/home/m.romanov/benchmarking/datasets/MIST_HER2/trainB/IHC/69M2100632_20_11.jpg
23M2102136,23M2102136_26_16,0,0,2,/trinity/home/m.romanov/benchmarking/datasets/MIST_HER2/trainA/HE/23M2102136_26_16.jpg,/trinity/home/m.romanov/benchmarking/datasets/MIST_HER2/trainB/IHC/23M2102136_26_16.jpg
45M2101377,45M2101377_12_10,0,0,2,/trinity/home/m.romanov/benchmarking/datasets/MIST_HER2/trainA/HE/45M2101377_12_10.jpg,/trinity/home/m.romanov/benchmarking/datasets/MIST_HER2/trainB/IHC/45M2101377_12_10.jpg
16M2102718,16M2102718_10_16,0,0,2,/trinity/home/m.romanov/benchmarking/datasets/MIST_HER2/trainA/HE/16M2102718_10_16.jpg,/trinity/home/m.romanov/benchmarking/datasets/MIST_HER2/trainB/IHC/16M2102718_10_16.jpg
23M2102136,23M2102136_29_11,0,0,2,/trinity/home/m.romanov/benchmarking/datasets/MIST_HER2/trainA/HE/23M2102136_29_11.jpg,/trinity/home/m.romanov/benchmarking/datasets/MIST_HER2/trainB/IHC/23M2102136_29_11.jpg
77M2100464,77M2100464_9_13,0,0,2,/trinity/home/m.romanov/benchmarking/datasets/MIST_HER2/trainA/HE/77M2100464_9_13.jpg,/trinity/home/m.romanov/benchmarking/datasets/MIST_HER2/trainB/IHC/77M2100464_9_13.jpg
68M2100640,68M2100640_5_28,0,0,2,/trinity/home/m.romanov/benchmarking/datasets/MIST_HER2/trainA/HE/68M2100640_5_28.jpg,/trinity/home/m.romanov/benchmarking/datasets/MIST_HER2/trainB/IHC/68M2100640_5_28.jpg
81M2100356,81M2100356_25_14,0,0,2,/trinity/home/m.romanov/benchmarking/datasets/MIST_HER2/trainA/HE/81M2100356_25_14.jpg,/trinity/home/m.romanov/benchmarking/datasets/MIST_HER2/trainB/IHC/81M2100356_25_14.jpg
45M2101377,45M2101377_35_24,0,0,2,/trinity/home/m.romanov/benchmarking/datasets/MIST_HER2/trainA/HE/45M2101377_35_24.jpg,/trinity/home/m.romanov/benchmarking/datasets/MIST_HER2/trainB/IHC/45M2101377_35_24.jpg
33M2101839,33M2101839_17_9,0,0,2,/trinity/home/m.romanov/benchmarking/datasets/MIST_HER2/trainA/HE/33M2101839_17_9.jpg,/trinity/home/m.romanov/benchmarking/datasets/MIST_HER2/trainB/IHC/33M2101839_17_9.jpg
25M2102060,25M2102060_31_18,0,0,2,/trinity/home/m.romanov/benchmarking/datasets/MIST_HER2/trainA/HE/25M2102060_31_18.jpg,/trinity/home/m.romanov/benchmarking/datasets/MIST_HER2/trainB/IHC/25M2102060_31_18.jpg
25M2102060,25M2102060_29_22,0,0,2,/trinity/home/m.romanov/benchmarking/datasets/MIST_HER2/trainA/HE/25M2102060_29_22.jpg,/trinity/home/m.romanov/benchmarking/datasets/MIST_HER2/trainB/IHC/25M2102060_29_22.jpg
27M2102007,27M2102007_18_20,0,0,2,/trinity/home/m.romanov/benchmarking/datasets/MIST_HER2/trainA/HE/27M2102007_18_20.jpg,/trinity/home/m.romanov/benchmarking/datasets/MIST_HER2/trainB/IHC/27M2102007_18_20.jpg
70M2100623,70M2100623_32_5,0,0,2,/trinity/home/m.romanov/benchmarking/datasets/MIST_HER2/trainA/HE/70M2100623_32_5.jpg,/trinity/home/m.romanov/benchmarking/datasets/MIST_HER2/trainB/IHC/70M2100623_32_5.jpg
69M2100632,69M2100632_16_25,0,0,2,/trinity/home/m.romanov/benchmarking/datasets/MIST_HER2/trainA/HE/69M2100632_16_25.jpg,/trinity/home/m.romanov/benchmarking/datasets/MIST_HER2/trainB/IHC/69M2100632_16_25.jpg
45M2101377,45M2101377_25_8,0,0,2,/trinity/home/m.romanov/benchmarking/datasets/MIST_HER2/trainA/HE/45M2101377_25_8.jpg,/trinity/home/m.romanov/benchmarking/datasets/MIST_HER2/trainB/IHC/45M2101377_25_8.jpg
58M2100997,58M2100997_28_9,0,0,2,/trinity/home/m.romanov/benchmarking/datasets/MIST_HER2/trainA/HE/58M2100997_28_9.jpg,/trinity/home/m.romanov/benchmarking/datasets/MIST_HER2/trainB/IHC/58M2100997_28_9.jpg
27M2102007,27M2102007_20_26,0,0,2,/trinity/home/m.romanov/benchmarking/datasets/MIST_HER2/trainA/HE/27M2102007_20_26.jpg,/trinity/home/m.romanov/benchmarking/datasets/MIST_HER2/trainB/IHC/27M2102007_20_26.jpg
92M2100150,92M2100150_23_25,0,0,2,/trinity/home/m.romanov/benchmarking/datasets/MIST_HER2/trainA/HE/92M2100150_23_25.jpg,/trinity/home/m.romanov/benchmarking/datasets/MIST_HER2/trainB/IHC/92M2100150_23_25.jpg
92M2100150,92M2100150_12_7,0,0,2,/trinity/home/m.romanov/benchmarking/datasets/MIST_HER2/trainA/HE/92M2100150_12_7.jpg,/trinity/home/m.romanov/benchmarking/datasets/MIST_HER2/trainB/IHC/92M2100150_12_7.jpg
56M2101083,56M2101083_31_18,0,0,2,/trinity/home/m.romanov/benchmarking/datasets/MIST_HER2/trainA/HE/56M2101083_31_18.jpg,/trinity/home/m.romanov/benchmarking/datasets/MIST_HER2/trainB/IHC/56M2101083_31_18.jpg
28M2101987,28M2101987_19_14,0,0,2,/trinity/home/m.romanov/benchmarking/datasets/MIST_HER2/trainA/HE/28M2101987_19_14.jpg,/trinity/home/m.romanov/benchmarking/datasets/MIST_HER2/trainB/IHC/28M2101987_19_14.jpg
98M2004096,98M2004096_6_12,0,0,2,/trinity/home/m.romanov/benchmarking/datasets/MIST_HER2/trainA/HE/98M2004096_6_12.jpg,/trinity/home/m.romanov/benchmarking/datasets/MIST_HER2/trainB/IHC/98M2004096_6_12.jpg
92M2100150,92M2100150_22_19,0,0,2,/trinity/home/m.romanov/benchmarking/datasets/MIST_HER2/trainA/HE/92M2100150_22_19.jpg,/trinity/home/m.romanov/benchmarking/datasets/MIST_HER2/trainB/IHC/92M2100150_22_19.jpg
67M2100642,67M2100642_29_8,0,0,2,/trinity/home/m.romanov/benchmarking/datasets/MIST_HER2/trainA/HE/67M2100642_29_8.jpg,/trinity/home/m.romanov/benchmarking/datasets/MIST_HER2/trainB/IHC/67M2100642_29_8.jpg
40M2101566,40M2101566_49_17,0,0,2,/trinity/home/m.romanov/benchmarking/datasets/MIST_HER2/trainA/HE/40M2101566_49_17.jpg,/trinity/home/m.romanov/benchmarking/datasets/MIST_HER2/trainB/IHC/40M2101566_49_17.jpg
10M2102916,10M2102916_30_27,0,0,2,/trinity/home/m.romanov/benchmarking/datasets/MIST_HER2/trainA/HE/10M2102916_30_27.jpg,/trinity/home/m.romanov/benchmarking/datasets/MIST_HER2/trainB/IHC/10M2102916_30_27.jpg
10M2102916,10M2102916_27_10,0,0,2,/trinity/home/m.romanov/benchmarking/datasets/MIST_HER2/trainA/HE/10M2102916_27_10.jpg,/trinity/home/m.romanov/benchmarking/datasets/MIST_HER2/trainB/IHC/10M2102916_27_10.jpg
80M2100377,80M2100377_28_22,0,0,2,/trinity/home/m.romanov/benchmarking/datasets/MIST_HER2/trainA/HE/80M2100377_28_22.jpg,/trinity/home/m.romanov/benchmarking/datasets/MIST_HER2/trainB/IHC/80M2100377_28_22.jpg
99M2004082,99M2004082_36_8,0,0,2,/trinity/home/m.romanov/benchmarking/datasets/MIST_HER2/trainA/HE/99M2004082_36_8.jpg,/trinity/home/m.romanov/benchmarking/datasets/MIST_HER2/trainB/IHC/99M2004082_36_8.jpg
4M2103059,4M2103059_17_6,0,0,2,/trinity/home/m.romanov/benchmarking/datasets/MIST_HER2/trainA/HE/4M2103059_17_6.jpg,/trinity/home/m.romanov/benchmarking/datasets/MIST_HER2/trainB/IHC/4M2103059_17_6.jpg
91M2100173,91M2100173_10_2,0,0,2,/trinity/home/m.romanov/benchmarking/datasets/MIST_HER2/trainA/HE/91M2100173_10_2.jpg,/trinity/home/m.romanov/benchmarking/datasets/MIST_HER2/trainB/IHC/91M2100173_10_2.jpg
4M2103059,4M2103059_21_19,0,0,2,/trinity/home/m.romanov/benchmarking/datasets/MIST_HER2/trainA/HE/4M2103059_21_19.jpg,/trinity/home/m.romanov/benchmarking/datasets/MIST_HER2/trainB/IHC/4M2103059_21_19.jpg
65M2100668,65M2100668_30_12,0,0,2,/trinity/home/m.romanov/benchmarking/datasets/MIST_HER2/trainA/HE/65M2100668_30_12.jpg,/trinity/home/m.romanov/benchmarking/datasets/MIST_HER2/trainB/IHC/65M2100668_30_12.jpg
59M2100987,59M2100987_15_12,0,0,2,/trinity/home/m.romanov/benchmarking/datasets/MIST_HER2/trainA/HE/59M2100987_15_12.jpg,/trinity/home/m.romanov/benchmarking/datasets/MIST_HER2/trainB/IHC/59M2100987_15_12.jpg
27M2102007,27M2102007_20_12,0,0,2,/trinity/home/m.romanov/benchmarking/datasets/MIST_HER2/trainA/HE/27M2102007_20_12.jpg,/trinity/home/m.romanov/benchmarking/datasets/MIST_HER2/trainB/IHC/27M2102007_20_12.jpg
44M2101492,44M2101492_17_11,0,0,2,/trinity/home/m.romanov/benchmarking/datasets/MIST_HER2/trainA/HE/44M2101492_17_11.jpg,/trinity/home/m.romanov/benchmarking/datasets/MIST_HER2/trainB/IHC/44M2101492_17_11.jpg
77M2100464,77M2100464_9_14,0,0,2,/trinity/home/m.romanov/benchmarking/datasets/MIST_HER2/trainA/HE/77M2100464_9_14.jpg,/trinity/home/m.romanov/benchmarking/datasets/MIST_HER2/trainB/IHC/77M2100464_9_14.jpg
44M2101492,44M2101492_23_29,0,0,2,/trinity/home/m.romanov/benchmarking/datasets/MIST_HER2/trainA/HE/44M2101492_23_29.jpg,/trinity/home/m.romanov/benchmarking/datasets/MIST_HER2/trainB/IHC/44M2101492_23_29.jpg
58M2100997,58M2100997_22_22,0,0,2,/trinity/home/m.romanov/benchmarking/datasets/MIST_HER2/trainA/HE/58M2100997_22_22.jpg,/trinity/home/m.romanov/benchmarking/datasets/MIST_HER2/trainB/IHC/58M2100997_22_22.jpg
70M2100623,70M2100623_25_6,0,0,2,/trinity/home/m.romanov/benchmarking/datasets/MIST_HER2/trainA/HE/70M2100623_25_6.jpg,/trinity/home/m.romanov/benchmarking/datasets/MIST_HER2/trainB/IHC/70M2100623_25_6.jpg
28M2101987,28M2101987_27_13,0,0,2,/trinity/home/m.romanov/benchmarking/datasets/MIST_HER2/trainA/HE/28M2101987_27_13.jpg,/trinity/home/m.romanov/benchmarking/datasets/MIST_HER2/trainB/IHC/28M2101987_27_13.jpg
19M2102438,19M2102438_30_27,0,0,2,/trinity/home/m.romanov/benchmarking/datasets/MIST_HER2/trainA/HE/19M2102438_30_27.jpg,/trinity/home/m.romanov/benchmarking/datasets/MIST_HER2/trainB/IHC/19M2102438_30_27.jpg
67M2100642,67M2100642_22_21,0,0,2,/trinity/home/m.romanov/benchmarking/datasets/MIST_HER2/trainA/HE/67M2100642_22_21.jpg,/trinity/home/m.romanov/benchmarking/datasets/MIST_HER2/trainB/IHC/67M2100642_22_21.jpg
59M2100987,59M2100987_8_9,0,0,2,/trinity/home/m.romanov/benchmarking/datasets/MIST_HER2/trainA/HE/59M2100987_8_9.jpg,/trinity/home/m.romanov/benchmarking/datasets/MIST_HER2/trainB/IHC/59M2100987_8_9.jpg
83M2100256,83M2100256_34_17,0,0,2,/trinity/home/m.romanov/benchmarking/datasets/MIST_HER2/trainA/HE/83M2100256_34_17.jpg,/trinity/home/m.romanov/benchmarking/datasets/MIST_HER2/trainB/IHC/83M2100256_34_17.jpg
39M2101576,39M2101576_28_3,0,0,2,/trinity/home/m.romanov/benchmarking/datasets/MIST_HER2/trainA/HE/39M2101576_28_3.jpg,/trinity/home/m.romanov/benchmarking/datasets/MIST_HER2/trainB/IHC/39M2101576_28_3.jpg
10M2102916,10M2102916_39_28,0,0,2,/trinity/home/m.romanov/benchmarking/datasets/MIST_HER2/trainA/HE/10M2102916_39_28.jpg,/trinity/home/m.romanov/benchmarking/datasets/MIST_HER2/trainB/IHC/10M2102916_39_28.jpg
83M2100256,83M2100256_15_15,0,0,2,/trinity/home/m.romanov/benchmarking/datasets/MIST_HER2/trainA/HE/83M2100256_15_15.jpg,/trinity/home/m.romanov/benchmarking/datasets/MIST_HER2/trainB/IHC/83M2100256_15_15.jpg
60M2100980,60M2100980_21_13,0,0,2,/trinity/home/m.romanov/benchmarking/datasets/MIST_HER2/trainA/HE/60M2100980_21_13.jpg,/trinity/home/m.romanov/benchmarking/datasets/MIST_HER2/trainB/IHC/60M2100980_21_13.jpg
99M2004082,99M2004082_35_5,0,0,2,/trinity/home/m.romanov/benchmarking/datasets/MIST_HER2/trainA/HE/99M2004082_35_5.jpg,/trinity/home/m.romanov/benchmarking/datasets/MIST_HER2/trainB/IHC/99M2004082_35_5.jpg
65M2100668,65M2100668_24_8,0,0,2,/trinity/home/m.romanov/benchmarking/datasets/MIST_HER2/trainA/HE/65M2100668_24_8.jpg,/trinity/home/m.romanov/benchmarking/datasets/MIST_HER2/trainB/IHC/65M2100668_24_8.jpg
77M2100464,77M2100464_8_5,0,0,2,/trinity/home/m.romanov/benchmarking/datasets/MIST_HER2/trainA/HE/77M2100464_8_5.jpg,/trinity/home/m.romanov/benchmarking/datasets/MIST_HER2/trainB/IHC/77M2100464_8_5.jpg
33M2101839,33M2101839_16_5,0,0,2,/trinity/home/m.romanov/benchmarking/datasets/MIST_HER2/trainA/HE/33M2101839_16_5.jpg,/trinity/home/m.romanov/benchmarking/datasets/MIST_HER2/trainB/IHC/33M2101839_16_5.jpg
51M2101285,51M2101285_8_20,0,0,2,/trinity/home/m.romanov/benchmarking/datasets/MIST_HER2/trainA/HE/51M2101285_8_20.jpg,/trinity/home/m.romanov/benchmarking/datasets/MIST_HER2/trainB/IHC/51M2101285_8_20.jpg
99M2004082,99M2004082_18_16,0,0,2,/trinity/home/m.romanov/benchmarking/datasets/MIST_HER2/trainA/HE/99M2004082_18_16.jpg,/trinity/home/m.romanov/benchmarking/datasets/MIST_HER2/trainB/IHC/99M2004082_18_16.jpg
88M2100218,88M2100218_24_14,0,0,2,/trinity/home/m.romanov/benchmarking/datasets/MIST_HER2/trainA/HE/88M2100218_24_14.jpg,/trinity/home/m.romanov/benchmarking/datasets/MIST_HER2/trainB/IHC/88M2100218_24_14.jpg
74M2100526,74M2100526_14_24,0,0,2,/trinity/home/m.romanov/benchmarking/datasets/MIST_HER2/trainA/HE/74M2100526_14_24.jpg,/trinity/home/m.romanov/benchmarking/datasets/MIST_HER2/trainB/IHC/74M2100526_14_24.jpg
2M2103108,2M2103108_27_26,0,0,2,/trinity/home/m.romanov/benchmarking/datasets/MIST_HER2/trainA/HE/2M2103108_27_26.jpg,/trinity/home/m.romanov/benchmarking/datasets/MIST_HER2/trainB/IHC/2M2103108_27_26.jpg
51M2101285,51M2101285_22_9,0,0,2,/trinity/home/m.romanov/benchmarking/datasets/MIST_HER2/trainA/HE/51M2101285_22_9.jpg,/trinity/home/m.romanov/benchmarking/datasets/MIST_HER2/trainB/IHC/51M2101285_22_9.jpg
59M2100987,59M2100987_15_20,0,0,2,/trinity/home/m.romanov/benchmarking/datasets/MIST_HER2/trainA/HE/59M2100987_15_20.jpg,/trinity/home/m.romanov/benchmarking/datasets/MIST_HER2/trainB/IHC/59M2100987_15_20.jpg
70M2100623,70M2100623_24_19,0,0,2,/trinity/home/m.romanov/benchmarking/datasets/MIST_HER2/trainA/HE/70M2100623_24_19.jpg,/trinity/home/m.romanov/benchmarking/datasets/MIST_HER2/trainB/IHC/70M2100623_24_19.jpg
100M2004069,100M2004069_28_30,0,0,2,/trinity/home/m.romanov/benchmarking/datasets/MIST_HER2/trainA/HE/100M2004069_28_30.jpg,/trinity/home/m.romanov/benchmarking/datasets/MIST_HER2/trainB/IHC/100M2004069_28_30.jpg
30M2101953,30M2101953_10_11,0,0,2,/trinity/home/m.romanov/benchmarking/datasets/MIST_HER2/trainA/HE/30M2101953_10_11.jpg,/trinity/home/m.romanov/benchmarking/datasets/MIST_HER2/trainB/IHC/30M2101953_10_11.jpg
6M2103024,6M2103024_5_23,0,0,2,/trinity/home/m.romanov/benchmarking/datasets/MIST_HER2/trainA/HE/6M2103024_5_23.jpg,/trinity/home/m.romanov/benchmarking/datasets/MIST_HER2/trainB/IHC/6M2103024_5_23.jpg
31M2101871,31M2101871_11_22,0,0,2,/trinity/home/m.romanov/benchmarking/datasets/MIST_HER2/trainA/HE/31M2101871_11_22.jpg,/trinity/home/m.romanov/benchmarking/datasets/MIST_HER2/trainB/IHC/31M2101871_11_22.jpg
98M2004096,98M2004096_30_9,0,0,2,/trinity/home/m.romanov/benchmarking/datasets/MIST_HER2/trainA/HE/98M2004096_30_9.jpg,/trinity/home/m.romanov/benchmarking/datasets/MIST_HER2/trainB/IHC/98M2004096_30_9.jpg
69M2100632,69M2100632_29_24,0,0,2,/trinity/home/m.romanov/benchmarking/datasets/MIST_HER2/trainA/HE/69M2100632_29_24.jpg,/trinity/home/m.romanov/benchmarking/datasets/MIST_HER2/trainB/IHC/69M2100632_29_24.jpg
40M2101566,40M2101566_46_27,0,0,2,/trinity/home/m.romanov/benchmarking/datasets/MIST_HER2/trainA/HE/40M2101566_46_27.jpg,/trinity/home/m.romanov/benchmarking/datasets/MIST_HER2/trainB/IHC/40M2101566_46_27.jpg
76M2100485,76M2100485_26_18,0,0,2,/trinity/home/m.romanov/benchmarking/datasets/MIST_HER2/trainA/HE/76M2100485_26_18.jpg,/trinity/home/m.romanov/benchmarking/datasets/MIST_HER2/trainB/IHC/76M2100485_26_18.jpg
60M2100980,60M2100980_35_21,0,0,2,/trinity/home/m.romanov/benchmarking/datasets/MIST_HER2/trainA/HE/60M2100980_35_21.jpg,/trinity/home/m.romanov/benchmarking/datasets/MIST_HER2/trainB/IHC/60M2100980_35_21.jpg
45M2101377,45M2101377_35_30,0,0,2,/trinity/home/m.romanov/benchmarking/datasets/MIST_HER2/trainA/HE/45M2101377_35_30.jpg,/trinity/home/m.romanov/benchmarking/datasets/MIST_HER2/trainB/IHC/45M2101377_35_30.jpg
30M2101953,30M2101953_13_12,0,0,2,/trinity/home/m.romanov/benchmarking/datasets/MIST_HER2/trainA/HE/30M2101953_13_12.jpg,/trinity/home/m.romanov/benchmarking/datasets/MIST_HER2/trainB/IHC/30M2101953_13_12.jpg
76M2100485,76M2100485_24_21,0,0,2,/trinity/home/m.romanov/benchmarking/datasets/MIST_HER2/trainA/HE/76M2100485_24_21.jpg,/trinity/home/m.romanov/benchmarking/datasets/MIST_HER2/trainB/IHC/76M2100485_24_21.jpg
58M2100997,58M2100997_29_10,0,0,2,/trinity/home/m.romanov/benchmarking/datasets/MIST_HER2/trainA/HE/58M2100997_29_10.jpg,/trinity/home/m.romanov/benchmarking/datasets/MIST_HER2/trainB/IHC/58M2100997_29_10.jpg
57M2101034,57M2101034_13_3,0,0,2,/trinity/home/m.romanov/benchmarking/datasets/MIST_HER2/trainA/HE/57M2101034_13_3.jpg,/trinity/home/m.romanov/benchmarking/datasets/MIST_HER2/trainB/IHC/57M2101034_13_3.jpg
69M2100632,69M2100632_20_13,0,0,2,/trinity/home/m.romanov/benchmarking/datasets/MIST_HER2/trainA/HE/69M2100632_20_13.jpg,/trinity/home/m.romanov/benchmarking/datasets/MIST_HER2/trainB/IHC/69M2100632_20_13.jpg
92M2100150,92M2100150_12_24,0,0,2,/trinity/home/m.romanov/benchmarking/datasets/MIST_HER2/trainA/HE/92M2100150_12_24.jpg,/trinity/home/m.romanov/benchmarking/datasets/MIST_HER2/trainB/IHC/92M2100150_12_24.jpg
79M2100417,79M2100417_25_18,0,0,2,/trinity/home/m.romanov/benchmarking/datasets/MIST_HER2/trainA/HE/79M2100417_25_18.jpg,/trinity/home/m.romanov/benchmarking/datasets/MIST_HER2/trainB/IHC/79M2100417_25_18.jpg
77M2100464,77M2100464_21_18,0,0,2,/trinity/home/m.romanov/benchmarking/datasets/MIST_HER2/trainA/HE/77M2100464_21_18.jpg,/trinity/home/m.romanov/benchmarking/datasets/MIST_HER2/trainB/IHC/77M2100464_21_18.jpg
6M2103024,6M2103024_24_11,0,0,2,/trinity/home/m.romanov/benchmarking/datasets/MIST_HER2/trainA/HE/6M2103024_24_11.jpg,/trinity/home/m.romanov/benchmarking/datasets/MIST_HER2/trainB/IHC/6M2103024_24_11.jpg
48M2101314,48M2101314_16_28,0,0,2,/trinity/home/m.romanov/benchmarking/datasets/MIST_HER2/trainA/HE/48M2101314_16_28.jpg,/trinity/home/m.romanov/benchmarking/datasets/MIST_HER2/trainB/IHC/48M2101314_16_28.jpg
19M2102438,19M2102438_15_4,0,0,2,/trinity/home/m.romanov/benchmarking/datasets/MIST_HER2/trainA/HE/19M2102438_15_4.jpg,/trinity/home/m.romanov/benchmarking/datasets/MIST_HER2/trainB/IHC/19M2102438_15_4.jpg
6M2103024,6M2103024_24_10,0,0,2,/trinity/home/m.romanov/benchmarking/datasets/MIST_HER2/trainA/HE/6M2103024_24_10.jpg,/trinity/home/m.romanov/benchmarking/datasets/MIST_HER2/trainB/IHC/6M2103024_24_10.jpg
93M2100147,93M2100147_4_6,0,0,2,/trinity/home/m.romanov/benchmarking/datasets/MIST_HER2/trainA/HE/93M2100147_4_6.jpg,/trinity/home/m.romanov/benchmarking/datasets/MIST_HER2/trainB/IHC/93M2100147_4_6.jpg
91M2100173,91M2100173_23_20,0,0,2,/trinity/home/m.romanov/benchmarking/datasets/MIST_HER2/trainA/HE/91M2100173_23_20.jpg,/trinity/home/m.romanov/benchmarking/datasets/MIST_HER2/trainB/IHC/91M2100173_23_20.jpg
52M2101275,52M2101275_9_11,0,0,2,/trinity/home/m.romanov/benchmarking/datasets/MIST_HER2/trainA/HE/52M2101275_9_11.jpg,/trinity/home/m.romanov/benchmarking/datasets/MIST_HER2/trainB/IHC/52M2101275_9_11.jpg
27M2102007,27M2102007_17_25,0,0,2,/trinity/home/m.romanov/benchmarking/datasets/MIST_HER2/trainA/HE/27M2102007_17_25.jpg,/trinity/home/m.romanov/benchmarking/datasets/MIST_HER2/trainB/IHC/27M2102007_17_25.jpg
14M2102785,14M2102785_19_10,0,0,2,/trinity/home/m.romanov/benchmarking/datasets/MIST_HER2/trainA/HE/14M2102785_19_10.jpg,/trinity/home/m.romanov/benchmarking/datasets/MIST_HER2/trainB/IHC/14M2102785_19_10.jpg
83M2100256,83M2100256_35_15,0,0,2,/trinity/home/m.romanov/benchmarking/datasets/MIST_HER2/trainA/HE/83M2100256_35_15.jpg,/trinity/home/m.romanov/benchmarking/datasets/MIST_HER2/trainB/IHC/83M2100256_35_15.jpg
65M2100668,65M2100668_27_8,0,0,2,/trinity/home/m.romanov/benchmarking/datasets/MIST_HER2/trainA/HE/65M2100668_27_8.jpg,/trinity/home/m.romanov/benchmarking/datasets/MIST_HER2/trainB/IHC/65M2100668_27_8.jpg
97M2100034,97M2100034_15_10,0,0,2,/trinity/home/m.romanov/benchmarking/datasets/MIST_HER2/trainA/HE/97M2100034_15_10.jpg,/trinity/home/m.romanov/benchmarking/datasets/MIST_HER2/trainB/IHC/97M2100034_15_10.jpg
54M2101205,54M2101205_3_16,0,0,2,/trinity/home/m.romanov/benchmarking/datasets/MIST_HER2/trainA/HE/54M2101205_3_16.jpg,/trinity/home/m.romanov/benchmarking/datasets/MIST_HER2/trainB/IHC/54M2101205_3_16.jpg
57M2101034,57M2101034_15_8,0,0,2,/trinity/home/m.romanov/benchmarking/datasets/MIST_HER2/trainA/HE/57M2101034_15_8.jpg,/trinity/home/m.romanov/benchmarking/datasets/MIST_HER2/trainB/IHC/57M2101034_15_8.jpg
31M2101871,31M2101871_7_24,0,0,2,/trinity/home/m.romanov/benchmarking/datasets/MIST_HER2/trainA/HE/31M2101871_7_24.jpg,/trinity/home/m.romanov/benchmarking/datasets/MIST_HER2/trainB/IHC/31M2101871_7_24.jpg
74M2100526,74M2100526_24_21,0,0,2,/trinity/home/m.romanov/benchmarking/datasets/MIST_HER2/trainA/HE/74M2100526_24_21.jpg,/trinity/home/m.romanov/benchmarking/datasets/MIST_HER2/trainB/IHC/74M2100526_24_21.jpg
88M2100218,88M2100218_29_4,0,0,2,/trinity/home/m.romanov/benchmarking/datasets/MIST_HER2/trainA/HE/88M2100218_29_4.jpg,/trinity/home/m.romanov/benchmarking/datasets/MIST_HER2/trainB/IHC/88M2100218_29_4.jpg
92M2100150,92M2100150_9_36,0,0,2,/trinity/home/m.romanov/benchmarking/datasets/MIST_HER2/trainA/HE/92M2100150_9_36.jpg,/trinity/home/m.romanov/benchmarking/datasets/MIST_HER2/trainB/IHC/92M2100150_9_36.jpg
16M2102718,16M2102718_16_17,0,0,2,/trinity/home/m.romanov/benchmarking/datasets/MIST_HER2/trainA/HE/16M2102718_16_17.jpg,/trinity/home/m.romanov/benchmarking/datasets/MIST_HER2/trainB/IHC/16M2102718_16_17.jpg
97M2100034,97M2100034_15_9,0,0,2,/trinity/home/m.romanov/benchmarking/datasets/MIST_HER2/trainA/HE/97M2100034_15_9.jpg,/trinity/home/m.romanov/benchmarking/datasets/MIST_HER2/trainB/IHC/97M2100034_15_9.jpg
25M2102060,25M2102060_13_13,0,0,2,/trinity/home/m.romanov/benchmarking/datasets/MIST_HER2/trainA/HE/25M2102060_13_13.jpg,/trinity/home/m.romanov/benchmarking/datasets/MIST_HER2/trainB/IHC/25M2102060_13_13.jpg
83M2100256,83M2100256_26_24,0,0,2,/trinity/home/m.romanov/benchmarking/datasets/MIST_HER2/trainA/HE/83M2100256_26_24.jpg,/trinity/home/m.romanov/benchmarking/datasets/MIST_HER2/trainB/IHC/83M2100256_26_24.jpg
65M2100668,65M2100668_28_9,0,0,2,/trinity/home/m.romanov/benchmarking/datasets/MIST_HER2/trainA/HE/65M2100668_28_9.jpg,/trinity/home/m.romanov/benchmarking/datasets/MIST_HER2/trainB/IHC/65M2100668_28_9.jpg
40M2101566,40M2101566_23_34,0,0,2,/trinity/home/m.romanov/benchmarking/datasets/MIST_HER2/trainA/HE/40M2101566_23_34.jpg,/trinity/home/m.romanov/benchmarking/datasets/MIST_HER2/trainB/IHC/40M2101566_23_34.jpg
80M2100377,80M2100377_22_23,0,0,2,/trinity/home/m.romanov/benchmarking/datasets/MIST_HER2/trainA/HE/80M2100377_22_23.jpg,/trinity/home/m.romanov/benchmarking/datasets/MIST_HER2/trainB/IHC/80M2100377_22_23.jpg
30M2101953,30M2101953_10_18,0,0,2,/trinity/home/m.romanov/benchmarking/datasets/MIST_HER2/trainA/HE/30M2101953_10_18.jpg,/trinity/home/m.romanov/benchmarking/datasets/MIST_HER2/trainB/IHC/30M2101953_10_18.jpg
31M2101871,31M2101871_15_24,0,0,2,/trinity/home/m.romanov/benchmarking/datasets/MIST_HER2/trainA/HE/31M2101871_15_24.jpg,/trinity/home/m.romanov/benchmarking/datasets/MIST_HER2/trainB/IHC/31M2101871_15_24.jpg
68M2100640,68M2100640_15_12,0,0,2,/trinity/home/m.romanov/benchmarking/datasets/MIST_HER2/trainA/HE/68M2100640_15_12.jpg,/trinity/home/m.romanov/benchmarking/datasets/MIST_HER2/trainB/IHC/68M2100640_15_12.jpg
14M2102785,14M2102785_13_9,0,0,2,/trinity/home/m.romanov/benchmarking/datasets/MIST_HER2/trainA/HE/14M2102785_13_9.jpg,/trinity/home/m.romanov/benchmarking/datasets/MIST_HER2/trainB/IHC/14M2102785_13_9.jpg
56M2101083,56M2101083_35_26,0,0,2,/trinity/home/m.romanov/benchmarking/datasets/MIST_HER2/trainA/HE/56M2101083_35_26.jpg,/trinity/home/m.romanov/benchmarking/datasets/MIST_HER2/trainB/IHC/56M2101083_35_26.jpg
48M2101314,48M2101314_37_35,0,0,2,/trinity/home/m.romanov/benchmarking/datasets/MIST_HER2/trainA/HE/48M2101314_37_35.jpg,/trinity/home/m.romanov/benchmarking/datasets/MIST_HER2/trainB/IHC/48M2101314_37_35.jpg
53M2101258,53M2101258_4_4,0,0,2,/trinity/home/m.romanov/benchmarking/datasets/MIST_HER2/trainA/HE/53M2101258_4_4.jpg,/trinity/home/m.romanov/benchmarking/datasets/MIST_HER2/trainB/IHC/53M2101258_4_4.jpg
50M2101298,50M2101298_30_3,0,0,2,/trinity/home/m.romanov/benchmarking/datasets/MIST_HER2/trainA/HE/50M2101298_30_3.jpg,/trinity/home/m.romanov/benchmarking/datasets/MIST_HER2/trainB/IHC/50M2101298_30_3.jpg
83M2100256,83M2100256_33_14,0,0,2,/trinity/home/m.romanov/benchmarking/datasets/MIST_HER2/trainA/HE/83M2100256_33_14.jpg,/trinity/home/m.romanov/benchmarking/datasets/MIST_HER2/trainB/IHC/83M2100256_33_14.jpg
80M2100377,80M2100377_34_20,0,0,2,/trinity/home/m.romanov/benchmarking/datasets/MIST_HER2/trainA/HE/80M2100377_34_20.jpg,/trinity/home/m.romanov/benchmarking/datasets/MIST_HER2/trainB/IHC/80M2100377_34_20.jpg
77M2100464,77M2100464_9_25,0,0,2,/trinity/home/m.romanov/benchmarking/datasets/MIST_HER2/trainA/HE/77M2100464_9_25.jpg,/trinity/home/m.romanov/benchmarking/datasets/MIST_HER2/trainB/IHC/77M2100464_9_25.jpg
46M2101353,46M2101353_17_22,0,0,2,/trinity/home/m.romanov/benchmarking/datasets/MIST_HER2/trainA/HE/46M2101353_17_22.jpg,/trinity/home/m.romanov/benchmarking/datasets/MIST_HER2/trainB/IHC/46M2101353_17_22.jpg
60M2100980,60M2100980_22_14,0,0,2,/trinity/home/m.romanov/benchmarking/datasets/MIST_HER2/trainA/HE/60M2100980_22_14.jpg,/trinity/home/m.romanov/benchmarking/datasets/MIST_HER2/trainB/IHC/60M2100980_22_14.jpg
100M2004069,100M2004069_32_25,0,0,2,/trinity/home/m.romanov/benchmarking/datasets/MIST_HER2/trainA/HE/100M2004069_32_25.jpg,/trinity/home/m.romanov/benchmarking/datasets/MIST_HER2/trainB/IHC/100M2004069_32_25.jpg
27M2102007,27M2102007_17_14,0,0,2,/trinity/home/m.romanov/benchmarking/datasets/MIST_HER2/trainA/HE/27M2102007_17_14.jpg,/trinity/home/m.romanov/benchmarking/datasets/MIST_HER2/trainB/IHC/27M2102007_17_14.jpg
98M2004096,98M2004096_30_13,0,0,2,/trinity/home/m.romanov/benchmarking/datasets/MIST_HER2/trainA/HE/98M2004096_30_13.jpg,/trinity/home/m.romanov/benchmarking/datasets/MIST_HER2/trainB/IHC/98M2004096_30_13.jpg
88M2100218,88M2100218_7_25,0,0,2,/trinity/home/m.romanov/benchmarking/datasets/MIST_HER2/trainA/HE/88M2100218_7_25.jpg,/trinity/home/m.romanov/benchmarking/datasets/MIST_HER2/trainB/IHC/88M2100218_7_25.jpg
80M2100377,80M2100377_21_32,0,0,2,/trinity/home/m.romanov/benchmarking/datasets/MIST_HER2/trainA/HE/80M2100377_21_32.jpg,/trinity/home/m.romanov/benchmarking/datasets/MIST_HER2/trainB/IHC/80M2100377_21_32.jpg
92M2100150,92M2100150_5_21,0,0,2,/trinity/home/m.romanov/benchmarking/datasets/MIST_HER2/trainA/HE/92M2100150_5_21.jpg,/trinity/home/m.romanov/benchmarking/datasets/MIST_HER2/trainB/IHC/92M2100150_5_21.jpg
46M2101353,46M2101353_16_14,0,0,2,/trinity/home/m.romanov/benchmarking/datasets/MIST_HER2/trainA/HE/46M2101353_16_14.jpg,/trinity/home/m.romanov/benchmarking/datasets/MIST_HER2/trainB/IHC/46M2101353_16_14.jpg
54M2101205,54M2101205_11_7,0,0,2,/trinity/home/m.romanov/benchmarking/datasets/MIST_HER2/trainA/HE/54M2101205_11_7.jpg,/trinity/home/m.romanov/benchmarking/datasets/MIST_HER2/trainB/IHC/54M2101205_11_7.jpg
67M2100642,67M2100642_15_8,0,0,2,/trinity/home/m.romanov/benchmarking/datasets/MIST_HER2/trainA/HE/67M2100642_15_8.jpg,/trinity/home/m.romanov/benchmarking/datasets/MIST_HER2/trainB/IHC/67M2100642_15_8.jpg
14M2102785,14M2102785_12_7,0,0,2,/trinity/home/m.romanov/benchmarking/datasets/MIST_HER2/trainA/HE/14M2102785_12_7.jpg,/trinity/home/m.romanov/benchmarking/datasets/MIST_HER2/trainB/IHC/14M2102785_12_7.jpg
98M2004096,98M2004096_9_6,0,0,2,/trinity/home/m.romanov/benchmarking/datasets/MIST_HER2/trainA/HE/98M2004096_9_6.jpg,/trinity/home/m.romanov/benchmarking/datasets/MIST_HER2/trainB/IHC/98M2004096_9_6.jpg
44M2101492,44M2101492_27_26,0,0,2,/trinity/home/m.romanov/benchmarking/datasets/MIST_HER2/trainA/HE/44M2101492_27_26.jpg,/trinity/home/m.romanov/benchmarking/datasets/MIST_HER2/trainB/IHC/44M2101492_27_26.jpg
4M2103059,4M2103059_15_10,0,0,2,/trinity/home/m.romanov/benchmarking/datasets/MIST_HER2/trainA/HE/4M2103059_15_10.jpg,/trinity/home/m.romanov/benchmarking/datasets/MIST_HER2/trainB/IHC/4M2103059_15_10.jpg
15M2102762,15M2102762_11_17,0,0,2,/trinity/home/m.romanov/benchmarking/datasets/MIST_HER2/trainA/HE/15M2102762_11_17.jpg,/trinity/home/m.romanov/benchmarking/datasets/MIST_HER2/trainB/IHC/15M2102762_11_17.jpg
77M2100464,77M2100464_5_19,0,0,2,/trinity/home/m.romanov/benchmarking/datasets/MIST_HER2/trainA/HE/77M2100464_5_19.jpg,/trinity/home/m.romanov/benchmarking/datasets/MIST_HER2/trainB/IHC/77M2100464_5_19.jpg
31M2101871,31M2101871_15_26,0,0,2,/trinity/home/m.romanov/benchmarking/datasets/MIST_HER2/trainA/HE/31M2101871_15_26.jpg,/trinity/home/m.romanov/benchmarking/datasets/MIST_HER2/trainB/IHC/31M2101871_15_26.jpg
77M2100464,77M2100464_5_5,0,0,2,/trinity/home/m.romanov/benchmarking/datasets/MIST_HER2/trainA/HE/77M2100464_5_5.jpg,/trinity/home/m.romanov/benchmarking/datasets/MIST_HER2/trainB/IHC/77M2100464_5_5.jpg
53M2101258,53M2101258_22_38,0,0,2,/trinity/home/m.romanov/benchmarking/datasets/MIST_HER2/trainA/HE/53M2101258_22_38.jpg,/trinity/home/m.romanov/benchmarking/datasets/MIST_HER2/trainB/IHC/53M2101258_22_38.jpg
62M2100915,62M2100915_28_24,0,0,2,/trinity/home/m.romanov/benchmarking/datasets/MIST_HER2/trainA/HE/62M2100915_28_24.jpg,/trinity/home/m.romanov/benchmarking/datasets/MIST_HER2/trainB/IHC/62M2100915_28_24.jpg
15M2102762,15M2102762_26_11,0,0,2,/trinity/home/m.romanov/benchmarking/datasets/MIST_HER2/trainA/HE/15M2102762_26_11.jpg,/trinity/home/m.romanov/benchmarking/datasets/MIST_HER2/trainB/IHC/15M2102762_26_11.jpg
6M2103024,6M2103024_16_16,0,0,2,/trinity/home/m.romanov/benchmarking/datasets/MIST_HER2/trainA/HE/6M2103024_16_16.jpg,/trinity/home/m.romanov/benchmarking/datasets/MIST_HER2/trainB/IHC/6M2103024_16_16.jpg
40M2101566,40M2101566_30_19,0,0,2,/trinity/home/m.romanov/benchmarking/datasets/MIST_HER2/trainA/HE/40M2101566_30_19.jpg,/trinity/home/m.romanov/benchmarking/datasets/MIST_HER2/trainB/IHC/40M2101566_30_19.jpg
68M2100640,68M2100640_26_9,0,0,2,/trinity/home/m.romanov/benchmarking/datasets/MIST_HER2/trainA/HE/68M2100640_26_9.jpg,/trinity/home/m.romanov/benchmarking/datasets/MIST_HER2/trainB/IHC/68M2100640_26_9.jpg
58M2100997,58M2100997_12_9,0,0,2,/trinity/home/m.romanov/benchmarking/datasets/MIST_HER2/trainA/HE/58M2100997_12_9.jpg,/trinity/home/m.romanov/benchmarking/datasets/MIST_HER2/trainB/IHC/58M2100997_12_9.jpg
31M2101871,31M2101871_14_19,0,0,2,/trinity/home/m.romanov/benchmarking/datasets/MIST_HER2/trainA/HE/31M2101871_14_19.jpg,/trinity/home/m.romanov/benchmarking/datasets/MIST_HER2/trainB/IHC/31M2101871_14_19.jpg
79M2100417,79M2100417_22_15,0,0,2,/trinity/home/m.romanov/benchmarking/datasets/MIST_HER2/trainA/HE/79M2100417_22_15.jpg,/trinity/home/m.romanov/benchmarking/datasets/MIST_HER2/trainB/IHC/79M2100417_22_15.jpg
51M2101285,51M2101285_21_19,0,0,2,/trinity/home/m.romanov/benchmarking/datasets/MIST_HER2/trainA/HE/51M2101285_21_19.jpg,/trinity/home/m.romanov/benchmarking/datasets/MIST_HER2/trainB/IHC/51M2101285_21_19.jpg
15M2102762,15M2102762_16_21,0,0,2,/trinity/home/m.romanov/benchmarking/datasets/MIST_HER2/trainA/HE/15M2102762_16_21.jpg,/trinity/home/m.romanov/benchmarking/datasets/MIST_HER2/trainB/IHC/15M2102762_16_21.jpg
98M2004096,98M2004096_24_7,0,0,2,/trinity/home/m.romanov/benchmarking/datasets/MIST_HER2/trainA/HE/98M2004096_24_7.jpg,/trinity/home/m.romanov/benchmarking/datasets/MIST_HER2/trainB/IHC/98M2004096_24_7.jpg
58M2100997,58M2100997_24_8,0,0,2,/trinity/home/m.romanov/benchmarking/datasets/MIST_HER2/trainA/HE/58M2100997_24_8.jpg,/trinity/home/m.romanov/benchmarking/datasets/MIST_HER2/trainB/IHC/58M2100997_24_8.jpg
52M2101275,52M2101275_18_6,0,0,2,/trinity/home/m.romanov/benchmarking/datasets/MIST_HER2/trainA/HE/52M2101275_18_6.jpg,/trinity/home/m.romanov/benchmarking/datasets/MIST_HER2/trainB/IHC/52M2101275_18_6.jpg
31M2101871,31M2101871_31_11,0,0,2,/trinity/home/m.romanov/benchmarking/datasets/MIST_HER2/trainA/HE/31M2101871_31_11.jpg,/trinity/home/m.romanov/benchmarking/datasets/MIST_HER2/trainB/IHC/31M2101871_31_11.jpg
70M2100623,70M2100623_31_5,0,0,2,/trinity/home/m.romanov/benchmarking/datasets/MIST_HER2/trainA/HE/70M2100623_31_5.jpg,/trinity/home/m.romanov/benchmarking/datasets/MIST_HER2/trainB/IHC/70M2100623_31_5.jpg
52M2101275,52M2101275_20_3,0,0,2,/trinity/home/m.romanov/benchmarking/datasets/MIST_HER2/trainA/HE/52M2101275_20_3.jpg,/trinity/home/m.romanov/benchmarking/datasets/MIST_HER2/trainB/IHC/52M2101275_20_3.jpg
99M2004082,99M2004082_9_7,0,0,2,/trinity/home/m.romanov/benchmarking/datasets/MIST_HER2/trainA/HE/99M2004082_9_7.jpg,/trinity/home/m.romanov/benchmarking/datasets/MIST_HER2/trainB/IHC/99M2004082_9_7.jpg
19M2102438,19M2102438_33_22,0,0,2,/trinity/home/m.romanov/benchmarking/datasets/MIST_HER2/trainA/HE/19M2102438_33_22.jpg,/trinity/home/m.romanov/benchmarking/datasets/MIST_HER2/trainB/IHC/19M2102438_33_22.jpg
77M2100464,77M2100464_32_10,0,0,2,/trinity/home/m.romanov/benchmarking/datasets/MIST_HER2/trainA/HE/77M2100464_32_10.jpg,/trinity/home/m.romanov/benchmarking/datasets/MIST_HER2/trainB/IHC/77M2100464_32_10.jpg
81M2100356,81M2100356_29_12,0,0,2,/trinity/home/m.romanov/benchmarking/datasets/MIST_HER2/trainA/HE/81M2100356_29_12.jpg,/trinity/home/m.romanov/benchmarking/datasets/MIST_HER2/trainB/IHC/81M2100356_29_12.jpg
89M2100212,89M2100212_5_18,0,0,2,/trinity/home/m.romanov/benchmarking/datasets/MIST_HER2/trainA/HE/89M2100212_5_18.jpg,/trinity/home/m.romanov/benchmarking/datasets/MIST_HER2/trainB/IHC/89M2100212_5_18.jpg
14M2102785,14M2102785_21_5,0,0,2,/trinity/home/m.romanov/benchmarking/datasets/MIST_HER2/trainA/HE/14M2102785_21_5.jpg,/trinity/home/m.romanov/benchmarking/datasets/MIST_HER2/trainB/IHC/14M2102785_21_5.jpg
80M2100377,80M2100377_27_27,0,0,2,/trinity/home/m.romanov/benchmarking/datasets/MIST_HER2/trainA/HE/80M2100377_27_27.jpg,/trinity/home/m.romanov/benchmarking/datasets/MIST_HER2/trainB/IHC/80M2100377_27_27.jpg
80M2100377,80M2100377_16_29,0,0,2,/trinity/home/m.romanov/benchmarking/datasets/MIST_HER2/trainA/HE/80M2100377_16_29.jpg,/trinity/home/m.romanov/benchmarking/datasets/MIST_HER2/trainB/IHC/80M2100377_16_29.jpg
6M2103024,6M2103024_26_11,0,0,2,/trinity/home/m.romanov/benchmarking/datasets/MIST_HER2/trainA/HE/6M2103024_26_11.jpg,/trinity/home/m.romanov/benchmarking/datasets/MIST_HER2/trainB/IHC/6M2103024_26_11.jpg
58M2100997,58M2100997_26_17,0,0,2,/trinity/home/m.romanov/benchmarking/datasets/MIST_HER2/trainA/HE/58M2100997_26_17.jpg,/trinity/home/m.romanov/benchmarking/datasets/MIST_HER2/trainB/IHC/58M2100997_26_17.jpg
4M2103059,4M2103059_23_17,0,0,2,/trinity/home/m.romanov/benchmarking/datasets/MIST_HER2/trainA/HE/4M2103059_23_17.jpg,/trinity/home/m.romanov/benchmarking/datasets/MIST_HER2/trainB/IHC/4M2103059_23_17.jpg
100M2004069,100M2004069_9_12,0,0,2,/trinity/home/m.romanov/benchmarking/datasets/MIST_HER2/trainA/HE/100M2004069_9_12.jpg,/trinity/home/m.romanov/benchmarking/datasets/MIST_HER2/trainB/IHC/100M2004069_9_12.jpg
91M2100173,91M2100173_22_24,0,0,2,/trinity/home/m.romanov/benchmarking/datasets/MIST_HER2/trainA/HE/91M2100173_22_24.jpg,/trinity/home/m.romanov/benchmarking/datasets/MIST_HER2/trainB/IHC/91M2100173_22_24.jpg
44M2101492,44M2101492_14_14,0,0,2,/trinity/home/m.romanov/benchmarking/datasets/MIST_HER2/trainA/HE/44M2101492_14_14.jpg,/trinity/home/m.romanov/benchmarking/datasets/MIST_HER2/trainB/IHC/44M2101492_14_14.jpg
19M2102438,19M2102438_33_20,0,0,2,/trinity/home/m.romanov/benchmarking/datasets/MIST_HER2/trainA/HE/19M2102438_33_20.jpg,/trinity/home/m.romanov/benchmarking/datasets/MIST_HER2/trainB/IHC/19M2102438_33_20.jpg
4M2103059,4M2103059_17_18,0,0,2,/trinity/home/m.romanov/benchmarking/datasets/MIST_HER2/trainA/HE/4M2103059_17_18.jpg,/trinity/home/m.romanov/benchmarking/datasets/MIST_HER2/trainB/IHC/4M2103059_17_18.jpg
75M2100521,75M2100521_8_21,0,0,2,/trinity/home/m.romanov/benchmarking/datasets/MIST_HER2/trainA/HE/75M2100521_8_21.jpg,/trinity/home/m.romanov/benchmarking/datasets/MIST_HER2/trainB/IHC/75M2100521_8_21.jpg
19M2102438,19M2102438_22_25,0,0,2,/trinity/home/m.romanov/benchmarking/datasets/MIST_HER2/trainA/HE/19M2102438_22_25.jpg,/trinity/home/m.romanov/benchmarking/datasets/MIST_HER2/trainB/IHC/19M2102438_22_25.jpg
30M2101953,30M2101953_7_14,0,0,2,/trinity/home/m.romanov/benchmarking/datasets/MIST_HER2/trainA/HE/30M2101953_7_14.jpg,/trinity/home/m.romanov/benchmarking/datasets/MIST_HER2/trainB/IHC/30M2101953_7_14.jpg
51M2101285,51M2101285_22_18,0,0,2,/trinity/home/m.romanov/benchmarking/datasets/MIST_HER2/trainA/HE/51M2101285_22_18.jpg,/trinity/home/m.romanov/benchmarking/datasets/MIST_HER2/trainB/IHC/51M2101285_22_18.jpg
97M2100034,97M2100034_30_18,0,0,2,/trinity/home/m.romanov/benchmarking/datasets/MIST_HER2/trainA/HE/97M2100034_30_18.jpg,/trinity/home/m.romanov/benchmarking/datasets/MIST_HER2/trainB/IHC/97M2100034_30_18.jpg
47M2101316,47M2101316_27_19,0,0,2,/trinity/home/m.romanov/benchmarking/datasets/MIST_HER2/trainA/HE/47M2101316_27_19.jpg,/trinity/home/m.romanov/benchmarking/datasets/MIST_HER2/trainB/IHC/47M2101316_27_19.jpg
69M2100632,69M2100632_33_5,0,0,2,/trinity/home/m.romanov/benchmarking/datasets/MIST_HER2/trainA/HE/69M2100632_33_5.jpg,/trinity/home/m.romanov/benchmarking/datasets/MIST_HER2/trainB/IHC/69M2100632_33_5.jpg
48M2101314,48M2101314_27_24,0,0,2,/trinity/home/m.romanov/benchmarking/datasets/MIST_HER2/trainA/HE/48M2101314_27_24.jpg,/trinity/home/m.romanov/benchmarking/datasets/MIST_HER2/trainB/IHC/48M2101314_27_24.jpg
97M2100034,97M2100034_20_13,0,0,2,/trinity/home/m.romanov/benchmarking/datasets/MIST_HER2/trainA/HE/97M2100034_20_13.jpg,/trinity/home/m.romanov/benchmarking/datasets/MIST_HER2/trainB/IHC/97M2100034_20_13.jpg
6M2103024,6M2103024_26_16,0,0,2,/trinity/home/m.romanov/benchmarking/datasets/MIST_HER2/trainA/HE/6M2103024_26_16.jpg,/trinity/home/m.romanov/benchmarking/datasets/MIST_HER2/trainB/IHC/6M2103024_26_16.jpg
50M2101298,50M2101298_21_13,0,0,2,/trinity/home/m.romanov/benchmarking/datasets/MIST_HER2/trainA/HE/50M2101298_21_13.jpg,/trinity/home/m.romanov/benchmarking/datasets/MIST_HER2/trainB/IHC/50M2101298_21_13.jpg
39M2101576,39M2101576_26_17,0,0,2,/trinity/home/m.romanov/benchmarking/datasets/MIST_HER2/trainA/HE/39M2101576_26_17.jpg,/trinity/home/m.romanov/benchmarking/datasets/MIST_HER2/trainB/IHC/39M2101576_26_17.jpg
45M2101377,45M2101377_21_33,0,0,2,/trinity/home/m.romanov/benchmarking/datasets/MIST_HER2/trainA/HE/45M2101377_21_33.jpg,/trinity/home/m.romanov/benchmarking/datasets/MIST_HER2/trainB/IHC/45M2101377_21_33.jpg
56M2101083,56M2101083_39_17,0,0,2,/trinity/home/m.romanov/benchmarking/datasets/MIST_HER2/trainA/HE/56M2101083_39_17.jpg,/trinity/home/m.romanov/benchmarking/datasets/MIST_HER2/trainB/IHC/56M2101083_39_17.jpg
4M2103059,4M2103059_12_15,0,0,2,/trinity/home/m.romanov/benchmarking/datasets/MIST_HER2/trainA/HE/4M2103059_12_15.jpg,/trinity/home/m.romanov/benchmarking/datasets/MIST_HER2/trainB/IHC/4M2103059_12_15.jpg
77M2100464,77M2100464_4_11,0,0,2,/trinity/home/m.romanov/benchmarking/datasets/MIST_HER2/trainA/HE/77M2100464_4_11.jpg,/trinity/home/m.romanov/benchmarking/datasets/MIST_HER2/trainB/IHC/77M2100464_4_11.jpg
51M2101285,51M2101285_22_23,0,0,2,/trinity/home/m.romanov/benchmarking/datasets/MIST_HER2/trainA/HE/51M2101285_22_23.jpg,/trinity/home/m.romanov/benchmarking/datasets/MIST_HER2/trainB/IHC/51M2101285_22_23.jpg
59M2100987,59M2100987_12_9,0,0,2,/trinity/home/m.romanov/benchmarking/datasets/MIST_HER2/trainA/HE/59M2100987_12_9.jpg,/trinity/home/m.romanov/benchmarking/datasets/MIST_HER2/trainB/IHC/59M2100987_12_9.jpg
99M2004082,99M2004082_7_19,0,0,2,/trinity/home/m.romanov/benchmarking/datasets/MIST_HER2/trainA/HE/99M2004082_7_19.jpg,/trinity/home/m.romanov/benchmarking/datasets/MIST_HER2/trainB/IHC/99M2004082_7_19.jpg
54M2101205,54M2101205_11_21,0,0,2,/trinity/home/m.romanov/benchmarking/datasets/MIST_HER2/trainA/HE/54M2101205_11_21.jpg,/trinity/home/m.romanov/benchmarking/datasets/MIST_HER2/trainB/IHC/54M2101205_11_21.jpg
58M2100997,58M2100997_18_13,0,0,2,/trinity/home/m.romanov/benchmarking/datasets/MIST_HER2/trainA/HE/58M2100997_18_13.jpg,/trinity/home/m.romanov/benchmarking/datasets/MIST_HER2/trainB/IHC/58M2100997_18_13.jpg
79M2100417,79M2100417_16_22,0,0,2,/trinity/home/m.romanov/benchmarking/datasets/MIST_HER2/trainA/HE/79M2100417_16_22.jpg,/trinity/home/m.romanov/benchmarking/datasets/MIST_HER2/trainB/IHC/79M2100417_16_22.jpg
81M2100356,81M2100356_13_30,0,0,2,/trinity/home/m.romanov/benchmarking/datasets/MIST_HER2/trainA/HE/81M2100356_13_30.jpg,/trinity/home/m.romanov/benchmarking/datasets/MIST_HER2/trainB/IHC/81M2100356_13_30.jpg
100M2004069,100M2004069_18_17,0,0,2,/trinity/home/m.romanov/benchmarking/datasets/MIST_HER2/trainA/HE/100M2004069_18_17.jpg,/trinity/home/m.romanov/benchmarking/datasets/MIST_HER2/trainB/IHC/100M2004069_18_17.jpg
16M2102718,16M2102718_23_8,0,0,2,/trinity/home/m.romanov/benchmarking/datasets/MIST_HER2/trainA/HE/16M2102718_23_8.jpg,/trinity/home/m.romanov/benchmarking/datasets/MIST_HER2/trainB/IHC/16M2102718_23_8.jpg
53M2101258,53M2101258_28_27,0,0,2,/trinity/home/m.romanov/benchmarking/datasets/MIST_HER2/trainA/HE/53M2101258_28_27.jpg,/trinity/home/m.romanov/benchmarking/datasets/MIST_HER2/trainB/IHC/53M2101258_28_27.jpg
16M2102718,16M2102718_17_18,0,0,2,/trinity/home/m.romanov/benchmarking/datasets/MIST_HER2/trainA/HE/16M2102718_17_18.jpg,/trinity/home/m.romanov/benchmarking/datasets/MIST_HER2/trainB/IHC/16M2102718_17_18.jpg
35M2101733,35M2101733_8_6,0,0,2,/trinity/home/m.romanov/benchmarking/datasets/MIST_HER2/trainA/HE/35M2101733_8_6.jpg,/trinity/home/m.romanov/benchmarking/datasets/MIST_HER2/trainB/IHC/35M2101733_8_6.jpg
60M2100980,60M2100980_22_26,0,0,2,/trinity/home/m.romanov/benchmarking/datasets/MIST_HER2/trainA/HE/60M2100980_22_26.jpg,/trinity/home/m.romanov/benchmarking/datasets/MIST_HER2/trainB/IHC/60M2100980_22_26.jpg
22M2102266,22M2102266_13_22,0,0,2,/trinity/home/m.romanov/benchmarking/datasets/MIST_HER2/trainA/HE/22M2102266_13_22.jpg,/trinity/home/m.romanov/benchmarking/datasets/MIST_HER2/trainB/IHC/22M2102266_13_22.jpg
6M2103024,6M2103024_23_16,0,0,2,/trinity/home/m.romanov/benchmarking/datasets/MIST_HER2/trainA/HE/6M2103024_23_16.jpg,/trinity/home/m.romanov/benchmarking/datasets/MIST_HER2/trainB/IHC/6M2103024_23_16.jpg
70M2100623,70M2100623_26_8,0,0,2,/trinity/home/m.romanov/benchmarking/datasets/MIST_HER2/trainA/HE/70M2100623_26_8.jpg,/trinity/home/m.romanov/benchmarking/datasets/MIST_HER2/trainB/IHC/70M2100623_26_8.jpg
45M2101377,45M2101377_23_10,0,0,2,/trinity/home/m.romanov/benchmarking/datasets/MIST_HER2/trainA/HE/45M2101377_23_10.jpg,/trinity/home/m.romanov/benchmarking/datasets/MIST_HER2/trainB/IHC/45M2101377_23_10.jpg
76M2100485,76M2100485_34_18,0,0,2,/trinity/home/m.romanov/benchmarking/datasets/MIST_HER2/trainA/HE/76M2100485_34_18.jpg,/trinity/home/m.romanov/benchmarking/datasets/MIST_HER2/trainB/IHC/76M2100485_34_18.jpg
58M2100997,58M2100997_15_15,0,0,2,/trinity/home/m.romanov/benchmarking/datasets/MIST_HER2/trainA/HE/58M2100997_15_15.jpg,/trinity/home/m.romanov/benchmarking/datasets/MIST_HER2/trainB/IHC/58M2100997_15_15.jpg
23M2102136,23M2102136_16_21,0,0,2,/trinity/home/m.romanov/benchmarking/datasets/MIST_HER2/trainA/HE/23M2102136_16_21.jpg,/trinity/home/m.romanov/benchmarking/datasets/MIST_HER2/trainB/IHC/23M2102136_16_21.jpg
68M2100640,68M2100640_17_6,0,0,2,/trinity/home/m.romanov/benchmarking/datasets/MIST_HER2/trainA/HE/68M2100640_17_6.jpg,/trinity/home/m.romanov/benchmarking/datasets/MIST_HER2/trainB/IHC/68M2100640_17_6.jpg
47M2101316,47M2101316_20_14,0,0,2,/trinity/home/m.romanov/benchmarking/datasets/MIST_HER2/trainA/HE/47M2101316_20_14.jpg,/trinity/home/m.romanov/benchmarking/datasets/MIST_HER2/trainB/IHC/47M2101316_20_14.jpg
44M2101492,44M2101492_11_17,0,0,2,/trinity/home/m.romanov/benchmarking/datasets/MIST_HER2/trainA/HE/44M2101492_11_17.jpg,/trinity/home/m.romanov/benchmarking/datasets/MIST_HER2/trainB/IHC/44M2101492_11_17.jpg
94M2100142,94M2100142_16_16,0,0,2,/trinity/home/m.romanov/benchmarking/datasets/MIST_HER2/trainA/HE/94M2100142_16_16.jpg,/trinity/home/m.romanov/benchmarking/datasets/MIST_HER2/trainB/IHC/94M2100142_16_16.jpg
27M2102007,27M2102007_19_9,0,0,2,/trinity/home/m.romanov/benchmarking/datasets/MIST_HER2/trainA/HE/27M2102007_19_9.jpg,/trinity/home/m.romanov/benchmarking/datasets/MIST_HER2/trainB/IHC/27M2102007_19_9.jpg
52M2101275,52M2101275_15_12,0,0,2,/trinity/home/m.romanov/benchmarking/datasets/MIST_HER2/trainA/HE/52M2101275_15_12.jpg,/trinity/home/m.romanov/benchmarking/datasets/MIST_HER2/trainB/IHC/52M2101275_15_12.jpg
22M2102266,22M2102266_19_16,0,0,2,/trinity/home/m.romanov/benchmarking/datasets/MIST_HER2/trainA/HE/22M2102266_19_16.jpg,/trinity/home/m.romanov/benchmarking/datasets/MIST_HER2/trainB/IHC/22M2102266_19_16.jpg
50M2101298,50M2101298_10_13,0,0,2,/trinity/home/m.romanov/benchmarking/datasets/MIST_HER2/trainA/HE/50M2101298_10_13.jpg,/trinity/home/m.romanov/benchmarking/datasets/MIST_HER2/trainB/IHC/50M2101298_10_13.jpg
50M2101298,50M2101298_20_13,0,0,2,/trinity/home/m.romanov/benchmarking/datasets/MIST_HER2/trainA/HE/50M2101298_20_13.jpg,/trinity/home/m.romanov/benchmarking/datasets/MIST_HER2/trainB/IHC/50M2101298_20_13.jpg
6M2103024,6M2103024_24_13,0,0,2,/trinity/home/m.romanov/benchmarking/datasets/MIST_HER2/trainA/HE/6M2103024_24_13.jpg,/trinity/home/m.romanov/benchmarking/datasets/MIST_HER2/trainB/IHC/6M2103024_24_13.jpg
99M2004082,99M2004082_22_3,0,0,2,/trinity/home/m.romanov/benchmarking/datasets/MIST_HER2/trainA/HE/99M2004082_22_3.jpg,/trinity/home/m.romanov/benchmarking/datasets/MIST_HER2/trainB/IHC/99M2004082_22_3.jpg
10M2102916,10M2102916_31_8,0,0,2,/trinity/home/m.romanov/benchmarking/datasets/MIST_HER2/trainA/HE/10M2102916_31_8.jpg,/trinity/home/m.romanov/benchmarking/datasets/MIST_HER2/trainB/IHC/10M2102916_31_8.jpg
76M2100485,76M2100485_23_24,0,0,2,/trinity/home/m.romanov/benchmarking/datasets/MIST_HER2/trainA/HE/76M2100485_23_24.jpg,/trinity/home/m.romanov/benchmarking/datasets/MIST_HER2/trainB/IHC/76M2100485_23_24.jpg
45M2101377,45M2101377_9_5,0,0,2,/trinity/home/m.romanov/benchmarking/datasets/MIST_HER2/trainA/HE/45M2101377_9_5.jpg,/trinity/home/m.romanov/benchmarking/datasets/MIST_HER2/trainB/IHC/45M2101377_9_5.jpg
99M2004082,99M2004082_24_5,0,0,2,/trinity/home/m.romanov/benchmarking/datasets/MIST_HER2/trainA/HE/99M2004082_24_5.jpg,/trinity/home/m.romanov/benchmarking/datasets/MIST_HER2/trainB/IHC/99M2004082_24_5.jpg
52M2101275,52M2101275_11_9,0,0,2,/trinity/home/m.romanov/benchmarking/datasets/MIST_HER2/trainA/HE/52M2101275_11_9.jpg,/trinity/home/m.romanov/benchmarking/datasets/MIST_HER2/trainB/IHC/52M2101275_11_9.jpg
80M2100377,80M2100377_19_10,0,0,2,/trinity/home/m.romanov/benchmarking/datasets/MIST_HER2/trainA/HE/80M2100377_19_10.jpg,/trinity/home/m.romanov/benchmarking/datasets/MIST_HER2/trainB/IHC/80M2100377_19_10.jpg
48M2101314,48M2101314_43_28,0,0,2,/trinity/home/m.romanov/benchmarking/datasets/MIST_HER2/trainA/HE/48M2101314_43_28.jpg,/trinity/home/m.romanov/benchmarking/datasets/MIST_HER2/trainB/IHC/48M2101314_43_28.jpg
54M2101205,54M2101205_13_24,0,0,2,/trinity/home/m.romanov/benchmarking/datasets/MIST_HER2/trainA/HE/54M2101205_13_24.jpg,/trinity/home/m.romanov/benchmarking/datasets/MIST_HER2/trainB/IHC/54M2101205_13_24.jpg
99M2004082,99M2004082_15_19,0,0,2,/trinity/home/m.romanov/benchmarking/datasets/MIST_HER2/trainA/HE/99M2004082_15_19.jpg,/trinity/home/m.romanov/benchmarking/datasets/MIST_HER2/trainB/IHC/99M2004082_15_19.jpg
77M2100464,77M2100464_37_18,0,0,2,/trinity/home/m.romanov/benchmarking/datasets/MIST_HER2/trainA/HE/77M2100464_37_18.jpg,/trinity/home/m.romanov/benchmarking/datasets/MIST_HER2/trainB/IHC/77M2100464_37_18.jpg
28M2101987,28M2101987_22_19,0,0,2,/trinity/home/m.romanov/benchmarking/datasets/MIST_HER2/trainA/HE/28M2101987_22_19.jpg,/trinity/home/m.romanov/benchmarking/datasets/MIST_HER2/trainB/IHC/28M2101987_22_19.jpg
56M2101083,56M2101083_28_10,0,0,2,/trinity/home/m.romanov/benchmarking/datasets/MIST_HER2/trainA/HE/56M2101083_28_10.jpg,/trinity/home/m.romanov/benchmarking/datasets/MIST_HER2/trainB/IHC/56M2101083_28_10.jpg
65M2100668,65M2100668_19_17,0,0,2,/trinity/home/m.romanov/benchmarking/datasets/MIST_HER2/trainA/HE/65M2100668_19_17.jpg,/trinity/home/m.romanov/benchmarking/datasets/MIST_HER2/trainB/IHC/65M2100668_19_17.jpg
48M2101314,48M2101314_33_35,0,0,2,/trinity/home/m.romanov/benchmarking/datasets/MIST_HER2/trainA/HE/48M2101314_33_35.jpg,/trinity/home/m.romanov/benchmarking/datasets/MIST_HER2/trainB/IHC/48M2101314_33_35.jpg
99M2004082,99M2004082_28_20,0,0,2,/trinity/home/m.romanov/benchmarking/datasets/MIST_HER2/trainA/HE/99M2004082_28_20.jpg,/trinity/home/m.romanov/benchmarking/datasets/MIST_HER2/trainB/IHC/99M2004082_28_20.jpg
14M2102785,14M2102785_19_8,0,0,2,/trinity/home/m.romanov/benchmarking/datasets/MIST_HER2/trainA/HE/14M2102785_19_8.jpg,/trinity/home/m.romanov/benchmarking/datasets/MIST_HER2/trainB/IHC/14M2102785_19_8.jpg
14M2102785,14M2102785_13_4,0,0,2,/trinity/home/m.romanov/benchmarking/datasets/MIST_HER2/trainA/HE/14M2102785_13_4.jpg,/trinity/home/m.romanov/benchmarking/datasets/MIST_HER2/trainB/IHC/14M2102785_13_4.jpg
40M2101566,40M2101566_14_30,0,0,2,/trinity/home/m.romanov/benchmarking/datasets/MIST_HER2/trainA/HE/40M2101566_14_30.jpg,/trinity/home/m.romanov/benchmarking/datasets/MIST_HER2/trainB/IHC/40M2101566_14_30.jpg
69M2100632,69M2100632_19_16,0,0,2,/trinity/home/m.romanov/benchmarking/datasets/MIST_HER2/trainA/HE/69M2100632_19_16.jpg,/trinity/home/m.romanov/benchmarking/datasets/MIST_HER2/trainB/IHC/69M2100632_19_16.jpg
88M2100218,88M2100218_12_16,0,0,2,/trinity/home/m.romanov/benchmarking/datasets/MIST_HER2/trainA/HE/88M2100218_12_16.jpg,/trinity/home/m.romanov/benchmarking/datasets/MIST_HER2/trainB/IHC/88M2100218_12_16.jpg
83M2100256,83M2100256_28_4,0,0,2,/trinity/home/m.romanov/benchmarking/datasets/MIST_HER2/trainA/HE/83M2100256_28_4.jpg,/trinity/home/m.romanov/benchmarking/datasets/MIST_HER2/trainB/IHC/83M2100256_28_4.jpg
76M2100485,76M2100485_24_31,0,0,2,/trinity/home/m.romanov/benchmarking/datasets/MIST_HER2/trainA/HE/76M2100485_24_31.jpg,/trinity/home/m.romanov/benchmarking/datasets/MIST_HER2/trainB/IHC/76M2100485_24_31.jpg
77M2100464,77M2100464_31_22,0,0,2,/trinity/home/m.romanov/benchmarking/datasets/MIST_HER2/trainA/HE/77M2100464_31_22.jpg,/trinity/home/m.romanov/benchmarking/datasets/MIST_HER2/trainB/IHC/77M2100464_31_22.jpg
60M2100980,60M2100980_22_24,0,0,2,/trinity/home/m.romanov/benchmarking/datasets/MIST_HER2/trainA/HE/60M2100980_22_24.jpg,/trinity/home/m.romanov/benchmarking/datasets/MIST_HER2/trainB/IHC/60M2100980_22_24.jpg
6M2103024,6M2103024_4_8,0,0,2,/trinity/home/m.romanov/benchmarking/datasets/MIST_HER2/trainA/HE/6M2103024_4_8.jpg,/trinity/home/m.romanov/benchmarking/datasets/MIST_HER2/trainB/IHC/6M2103024_4_8.jpg
40M2101566,40M2101566_46_23,0,0,2,/trinity/home/m.romanov/benchmarking/datasets/MIST_HER2/trainA/HE/40M2101566_46_23.jpg,/trinity/home/m.romanov/benchmarking/datasets/MIST_HER2/trainB/IHC/40M2101566_46_23.jpg
25M2102060,25M2102060_10_14,0,0,2,/trinity/home/m.romanov/benchmarking/datasets/MIST_HER2/trainA/HE/25M2102060_10_14.jpg,/trinity/home/m.romanov/benchmarking/datasets/MIST_HER2/trainB/IHC/25M2102060_10_14.jpg
76M2100485,76M2100485_35_22,0,0,2,/trinity/home/m.romanov/benchmarking/datasets/MIST_HER2/trainA/HE/76M2100485_35_22.jpg,/trinity/home/m.romanov/benchmarking/datasets/MIST_HER2/trainB/IHC/76M2100485_35_22.jpg
51M2101285,51M2101285_7_18,0,0,2,/trinity/home/m.romanov/benchmarking/datasets/MIST_HER2/trainA/HE/51M2101285_7_18.jpg,/trinity/home/m.romanov/benchmarking/datasets/MIST_HER2/trainB/IHC/51M2101285_7_18.jpg
75M2100521,75M2100521_22_10,0,0,2,/trinity/home/m.romanov/benchmarking/datasets/MIST_HER2/trainA/HE/75M2100521_22_10.jpg,/trinity/home/m.romanov/benchmarking/datasets/MIST_HER2/trainB/IHC/75M2100521_22_10.jpg
39M2101576,39M2101576_19_10,0,0,2,/trinity/home/m.romanov/benchmarking/datasets/MIST_HER2/trainA/HE/39M2101576_19_10.jpg,/trinity/home/m.romanov/benchmarking/datasets/MIST_HER2/trainB/IHC/39M2101576_19_10.jpg
59M2100987,59M2100987_23_17,0,0,2,/trinity/home/m.romanov/benchmarking/datasets/MIST_HER2/trainA/HE/59M2100987_23_17.jpg,/trinity/home/m.romanov/benchmarking/datasets/MIST_HER2/trainB/IHC/59M2100987_23_17.jpg
2M2103108,2M2103108_18_9,0,0,2,/trinity/home/m.romanov/benchmarking/datasets/MIST_HER2/trainA/HE/2M2103108_18_9.jpg,/trinity/home/m.romanov/benchmarking/datasets/MIST_HER2/trainB/IHC/2M2103108_18_9.jpg
14M2102785,14M2102785_19_9,0,0,2,/trinity/home/m.romanov/benchmarking/datasets/MIST_HER2/trainA/HE/14M2102785_19_9.jpg,/trinity/home/m.romanov/benchmarking/datasets/MIST_HER2/trainB/IHC/14M2102785_19_9.jpg
10M2102916,10M2102916_21_16,0,0,2,/trinity/home/m.romanov/benchmarking/datasets/MIST_HER2/trainA/HE/10M2102916_21_16.jpg,/trinity/home/m.romanov/benchmarking/datasets/MIST_HER2/trainB/IHC/10M2102916_21_16.jpg
74M2100526,74M2100526_21_25,0,0,2,/trinity/home/m.romanov/benchmarking/datasets/MIST_HER2/trainA/HE/74M2100526_21_25.jpg,/trinity/home/m.romanov/benchmarking/datasets/MIST_HER2/trainB/IHC/74M2100526_21_25.jpg
98M2004096,98M2004096_18_13,0,0,2,/trinity/home/m.romanov/benchmarking/datasets/MIST_HER2/trainA/HE/98M2004096_18_13.jpg,/trinity/home/m.romanov/benchmarking/datasets/MIST_HER2/trainB/IHC/98M2004096_18_13.jpg
52M2101275,52M2101275_19_7,0,0,2,/trinity/home/m.romanov/benchmarking/datasets/MIST_HER2/trainA/HE/52M2101275_19_7.jpg,/trinity/home/m.romanov/benchmarking/datasets/MIST_HER2/trainB/IHC/52M2101275_19_7.jpg
40M2101566,40M2101566_28_28,0,0,2,/trinity/home/m.romanov/benchmarking/datasets/MIST_HER2/trainA/HE/40M2101566_28_28.jpg,/trinity/home/m.romanov/benchmarking/datasets/MIST_HER2/trainB/IHC/40M2101566_28_28.jpg
54M2101205,54M2101205_26_17,0,0,2,/trinity/home/m.romanov/benchmarking/datasets/MIST_HER2/trainA/HE/54M2101205_26_17.jpg,/trinity/home/m.romanov/benchmarking/datasets/MIST_HER2/trainB/IHC/54M2101205_26_17.jpg
92M2100150,92M2100150_16_20,0,0,2,/trinity/home/m.romanov/benchmarking/datasets/MIST_HER2/trainA/HE/92M2100150_16_20.jpg,/trinity/home/m.romanov/benchmarking/datasets/MIST_HER2/trainB/IHC/92M2100150_16_20.jpg
94M2100142,94M2100142_25_13,0,0,2,/trinity/home/m.romanov/benchmarking/datasets/MIST_HER2/trainA/HE/94M2100142_25_13.jpg,/trinity/home/m.romanov/benchmarking/datasets/MIST_HER2/trainB/IHC/94M2100142_25_13.jpg
31M2101871,31M2101871_11_27,0,0,2,/trinity/home/m.romanov/benchmarking/datasets/MIST_HER2/trainA/HE/31M2101871_11_27.jpg,/trinity/home/m.romanov/benchmarking/datasets/MIST_HER2/trainB/IHC/31M2101871_11_27.jpg
94M2100142,94M2100142_14_9,0,0,2,/trinity/home/m.romanov/benchmarking/datasets/MIST_HER2/trainA/HE/94M2100142_14_9.jpg,/trinity/home/m.romanov/benchmarking/datasets/MIST_HER2/trainB/IHC/94M2100142_14_9.jpg
83M2100256,83M2100256_22_20,0,0,2,/trinity/home/m.romanov/benchmarking/datasets/MIST_HER2/trainA/HE/83M2100256_22_20.jpg,/trinity/home/m.romanov/benchmarking/datasets/MIST_HER2/trainB/IHC/83M2100256_22_20.jpg
50M2101298,50M2101298_9_15,0,0,2,/trinity/home/m.romanov/benchmarking/datasets/MIST_HER2/trainA/HE/50M2101298_9_15.jpg,/trinity/home/m.romanov/benchmarking/datasets/MIST_HER2/trainB/IHC/50M2101298_9_15.jpg
83M2100256,83M2100256_20_12,0,0,2,/trinity/home/m.romanov/benchmarking/datasets/MIST_HER2/trainA/HE/83M2100256_20_12.jpg,/trinity/home/m.romanov/benchmarking/datasets/MIST_HER2/trainB/IHC/83M2100256_20_12.jpg
80M2100377,80M2100377_19_25,0,0,2,/trinity/home/m.romanov/benchmarking/datasets/MIST_HER2/trainA/HE/80M2100377_19_25.jpg,/trinity/home/m.romanov/benchmarking/datasets/MIST_HER2/trainB/IHC/80M2100377_19_25.jpg
77M2100464,77M2100464_6_18,0,0,2,/trinity/home/m.romanov/benchmarking/datasets/MIST_HER2/trainA/HE/77M2100464_6_18.jpg,/trinity/home/m.romanov/benchmarking/datasets/MIST_HER2/trainB/IHC/77M2100464_6_18.jpg
35M2101733,35M2101733_4_10,0,0,2,/trinity/home/m.romanov/benchmarking/datasets/MIST_HER2/trainA/HE/35M2101733_4_10.jpg,/trinity/home/m.romanov/benchmarking/datasets/MIST_HER2/trainB/IHC/35M2101733_4_10.jpg
10M2102916,10M2102916_20_19,0,0,2,/trinity/home/m.romanov/benchmarking/datasets/MIST_HER2/trainA/HE/10M2102916_20_19.jpg,/trinity/home/m.romanov/benchmarking/datasets/MIST_HER2/trainB/IHC/10M2102916_20_19.jpg
58M2100997,58M2100997_32_21,0,0,2,/trinity/home/m.romanov/benchmarking/datasets/MIST_HER2/trainA/HE/58M2100997_32_21.jpg,/trinity/home/m.romanov/benchmarking/datasets/MIST_HER2/trainB/IHC/58M2100997_32_21.jpg
91M2100173,91M2100173_20_20,0,0,2,/trinity/home/m.romanov/benchmarking/datasets/MIST_HER2/trainA/HE/91M2100173_20_20.jpg,/trinity/home/m.romanov/benchmarking/datasets/MIST_HER2/trainB/IHC/91M2100173_20_20.jpg
65M2100668,65M2100668_5_20,0,0,2,/trinity/home/m.romanov/benchmarking/datasets/MIST_HER2/trainA/HE/65M2100668_5_20.jpg,/trinity/home/m.romanov/benchmarking/datasets/MIST_HER2/trainB/IHC/65M2100668_5_20.jpg
67M2100642,67M2100642_15_9,0,0,2,/trinity/home/m.romanov/benchmarking/datasets/MIST_HER2/trainA/HE/67M2100642_15_9.jpg,/trinity/home/m.romanov/benchmarking/datasets/MIST_HER2/trainB/IHC/67M2100642_15_9.jpg
62M2100915,62M2100915_17_23,0,0,2,/trinity/home/m.romanov/benchmarking/datasets/MIST_HER2/trainA/HE/62M2100915_17_23.jpg,/trinity/home/m.romanov/benchmarking/datasets/MIST_HER2/trainB/IHC/62M2100915_17_23.jpg
92M2100150,92M2100150_8_22,0,0,2,/trinity/home/m.romanov/benchmarking/datasets/MIST_HER2/trainA/HE/92M2100150_8_22.jpg,/trinity/home/m.romanov/benchmarking/datasets/MIST_HER2/trainB/IHC/92M2100150_8_22.jpg
67M2100642,67M2100642_4_12,0,0,2,/trinity/home/m.romanov/benchmarking/datasets/MIST_HER2/trainA/HE/67M2100642_4_12.jpg,/trinity/home/m.romanov/benchmarking/datasets/MIST_HER2/trainB/IHC/67M2100642_4_12.jpg
39M2101576,39M2101576_9_4,0,0,2,/trinity/home/m.romanov/benchmarking/datasets/MIST_HER2/trainA/HE/39M2101576_9_4.jpg,/trinity/home/m.romanov/benchmarking/datasets/MIST_HER2/trainB/IHC/39M2101576_9_4.jpg
88M2100218,88M2100218_12_10,0,0,2,/trinity/home/m.romanov/benchmarking/datasets/MIST_HER2/trainA/HE/88M2100218_12_10.jpg,/trinity/home/m.romanov/benchmarking/datasets/MIST_HER2/trainB/IHC/88M2100218_12_10.jpg
6M2103024,6M2103024_27_15,0,0,2,/trinity/home/m.romanov/benchmarking/datasets/MIST_HER2/trainA/HE/6M2103024_27_15.jpg,/trinity/home/m.romanov/benchmarking/datasets/MIST_HER2/trainB/IHC/6M2103024_27_15.jpg
88M2100218,88M2100218_10_11,0,0,2,/trinity/home/m.romanov/benchmarking/datasets/MIST_HER2/trainA/HE/88M2100218_10_11.jpg,/trinity/home/m.romanov/benchmarking/datasets/MIST_HER2/trainB/IHC/88M2100218_10_11.jpg
58M2100997,58M2100997_7_11,0,0,2,/trinity/home/m.romanov/benchmarking/datasets/MIST_HER2/trainA/HE/58M2100997_7_11.jpg,/trinity/home/m.romanov/benchmarking/datasets/MIST_HER2/trainB/IHC/58M2100997_7_11.jpg
22M2102266,22M2102266_16_17,0,0,2,/trinity/home/m.romanov/benchmarking/datasets/MIST_HER2/trainA/HE/22M2102266_16_17.jpg,/trinity/home/m.romanov/benchmarking/datasets/MIST_HER2/trainB/IHC/22M2102266_16_17.jpg
76M2100485,76M2100485_23_8,0,0,2,/trinity/home/m.romanov/benchmarking/datasets/MIST_HER2/trainA/HE/76M2100485_23_8.jpg,/trinity/home/m.romanov/benchmarking/datasets/MIST_HER2/trainB/IHC/76M2100485_23_8.jpg
97M2100034,97M2100034_11_8,0,0,2,/trinity/home/m.romanov/benchmarking/datasets/MIST_HER2/trainA/HE/97M2100034_11_8.jpg,/trinity/home/m.romanov/benchmarking/datasets/MIST_HER2/trainB/IHC/97M2100034_11_8.jpg
69M2100632,69M2100632_12_27,0,0,2,/trinity/home/m.romanov/benchmarking/datasets/MIST_HER2/trainA/HE/69M2100632_12_27.jpg,/trinity/home/m.romanov/benchmarking/datasets/MIST_HER2/trainB/IHC/69M2100632_12_27.jpg
48M2101314,48M2101314_9_25,0,0,2,/trinity/home/m.romanov/benchmarking/datasets/MIST_HER2/trainA/HE/48M2101314_9_25.jpg,/trinity/home/m.romanov/benchmarking/datasets/MIST_HER2/trainB/IHC/48M2101314_9_25.jpg
80M2100377,80M2100377_17_24,0,0,2,/trinity/home/m.romanov/benchmarking/datasets/MIST_HER2/trainA/HE/80M2100377_17_24.jpg,/trinity/home/m.romanov/benchmarking/datasets/MIST_HER2/trainB/IHC/80M2100377_17_24.jpg
48M2101314,48M2101314_23_22,0,0,2,/trinity/home/m.romanov/benchmarking/datasets/MIST_HER2/trainA/HE/48M2101314_23_22.jpg,/trinity/home/m.romanov/benchmarking/datasets/MIST_HER2/trainB/IHC/48M2101314_23_22.jpg
83M2100256,83M2100256_6_18,0,0,2,/trinity/home/m.romanov/benchmarking/datasets/MIST_HER2/trainA/HE/83M2100256_6_18.jpg,/trinity/home/m.romanov/benchmarking/datasets/MIST_HER2/trainB/IHC/83M2100256_6_18.jpg
14M2102785,14M2102785_22_20,0,0,2,/trinity/home/m.romanov/benchmarking/datasets/MIST_HER2/trainA/HE/14M2102785_22_20.jpg,/trinity/home/m.romanov/benchmarking/datasets/MIST_HER2/trainB/IHC/14M2102785_22_20.jpg
44M2101492,44M2101492_26_28,0,0,2,/trinity/home/m.romanov/benchmarking/datasets/MIST_HER2/trainA/HE/44M2101492_26_28.jpg,/trinity/home/m.romanov/benchmarking/datasets/MIST_HER2/trainB/IHC/44M2101492_26_28.jpg
54M2101205,54M2101205_18_8,0,0,2,/trinity/home/m.romanov/benchmarking/datasets/MIST_HER2/trainA/HE/54M2101205_18_8.jpg,/trinity/home/m.romanov/benchmarking/datasets/MIST_HER2/trainB/IHC/54M2101205_18_8.jpg
56M2101083,56M2101083_27_14,0,0,2,/trinity/home/m.romanov/benchmarking/datasets/MIST_HER2/trainA/HE/56M2101083_27_14.jpg,/trinity/home/m.romanov/benchmarking/datasets/MIST_HER2/trainB/IHC/56M2101083_27_14.jpg
28M2101987,28M2101987_17_14,0,0,2,/trinity/home/m.romanov/benchmarking/datasets/MIST_HER2/trainA/HE/28M2101987_17_14.jpg,/trinity/home/m.romanov/benchmarking/datasets/MIST_HER2/trainB/IHC/28M2101987_17_14.jpg
45M2101377,45M2101377_23_6,0,0,2,/trinity/home/m.romanov/benchmarking/datasets/MIST_HER2/trainA/HE/45M2101377_23_6.jpg,/trinity/home/m.romanov/benchmarking/datasets/MIST_HER2/trainB/IHC/45M2101377_23_6.jpg
28M2101987,28M2101987_9_20,0,0,2,/trinity/home/m.romanov/benchmarking/datasets/MIST_HER2/trainA/HE/28M2101987_9_20.jpg,/trinity/home/m.romanov/benchmarking/datasets/MIST_HER2/trainB/IHC/28M2101987_9_20.jpg
58M2100997,58M2100997_6_13,0,0,2,/trinity/home/m.romanov/benchmarking/datasets/MIST_HER2/trainA/HE/58M2100997_6_13.jpg,/trinity/home/m.romanov/benchmarking/datasets/MIST_HER2/trainB/IHC/58M2100997_6_13.jpg
70M2100623,70M2100623_35_16,0,0,2,/trinity/home/m.romanov/benchmarking/datasets/MIST_HER2/trainA/HE/70M2100623_35_16.jpg,/trinity/home/m.romanov/benchmarking/datasets/MIST_HER2/trainB/IHC/70M2100623_35_16.jpg
58M2100997,58M2100997_17_21,0,0,2,/trinity/home/m.romanov/benchmarking/datasets/MIST_HER2/trainA/HE/58M2100997_17_21.jpg,/trinity/home/m.romanov/benchmarking/datasets/MIST_HER2/trainB/IHC/58M2100997_17_21.jpg
50M2101298,50M2101298_19_13,0,0,2,/trinity/home/m.romanov/benchmarking/datasets/MIST_HER2/trainA/HE/50M2101298_19_13.jpg,/trinity/home/m.romanov/benchmarking/datasets/MIST_HER2/trainB/IHC/50M2101298_19_13.jpg
83M2100256,83M2100256_31_9,0,0,2,/trinity/home/m.romanov/benchmarking/datasets/MIST_HER2/trainA/HE/83M2100256_31_9.jpg,/trinity/home/m.romanov/benchmarking/datasets/MIST_HER2/trainB/IHC/83M2100256_31_9.jpg
19M2102438,19M2102438_23_25,0,0,2,/trinity/home/m.romanov/benchmarking/datasets/MIST_HER2/trainA/HE/19M2102438_23_25.jpg,/trinity/home/m.romanov/benchmarking/datasets/MIST_HER2/trainB/IHC/19M2102438_23_25.jpg
58M2100997,58M2100997_19_10,0,0,2,/trinity/home/m.romanov/benchmarking/datasets/MIST_HER2/trainA/HE/58M2100997_19_10.jpg,/trinity/home/m.romanov/benchmarking/datasets/MIST_HER2/trainB/IHC/58M2100997_19_10.jpg
59M2100987,59M2100987_30_27,0,0,2,/trinity/home/m.romanov/benchmarking/datasets/MIST_HER2/trainA/HE/59M2100987_30_27.jpg,/trinity/home/m.romanov/benchmarking/datasets/MIST_HER2/trainB/IHC/59M2100987_30_27.jpg
23M2102136,23M2102136_26_9,0,0,2,/trinity/home/m.romanov/benchmarking/datasets/MIST_HER2/trainA/HE/23M2102136_26_9.jpg,/trinity/home/m.romanov/benchmarking/datasets/MIST_HER2/trainB/IHC/23M2102136_26_9.jpg
74M2100526,74M2100526_12_16,0,0,2,/trinity/home/m.romanov/benchmarking/datasets/MIST_HER2/trainA/HE/74M2100526_12_16.jpg,/trinity/home/m.romanov/benchmarking/datasets/MIST_HER2/trainB/IHC/74M2100526_12_16.jpg
54M2101205,54M2101205_8_16,0,0,2,/trinity/home/m.romanov/benchmarking/datasets/MIST_HER2/trainA/HE/54M2101205_8_16.jpg,/trinity/home/m.romanov/benchmarking/datasets/MIST_HER2/trainB/IHC/54M2101205_8_16.jpg
4M2103059,4M2103059_22_6,0,0,2,/trinity/home/m.romanov/benchmarking/datasets/MIST_HER2/trainA/HE/4M2103059_22_6.jpg,/trinity/home/m.romanov/benchmarking/datasets/MIST_HER2/trainB/IHC/4M2103059_22_6.jpg
2M2103108,2M2103108_20_11,0,0,2,/trinity/home/m.romanov/benchmarking/datasets/MIST_HER2/trainA/HE/2M2103108_20_11.jpg,/trinity/home/m.romanov/benchmarking/datasets/MIST_HER2/trainB/IHC/2M2103108_20_11.jpg
91M2100173,91M2100173_10_8,0,0,2,/trinity/home/m.romanov/benchmarking/datasets/MIST_HER2/trainA/HE/91M2100173_10_8.jpg,/trinity/home/m.romanov/benchmarking/datasets/MIST_HER2/trainB/IHC/91M2100173_10_8.jpg
77M2100464,77M2100464_10_5,0,0,2,/trinity/home/m.romanov/benchmarking/datasets/MIST_HER2/trainA/HE/77M2100464_10_5.jpg,/trinity/home/m.romanov/benchmarking/datasets/MIST_HER2/trainB/IHC/77M2100464_10_5.jpg
22M2102266,22M2102266_21_22,0,0,2,/trinity/home/m.romanov/benchmarking/datasets/MIST_HER2/trainA/HE/22M2102266_21_22.jpg,/trinity/home/m.romanov/benchmarking/datasets/MIST_HER2/trainB/IHC/22M2102266_21_22.jpg
58M2100997,58M2100997_22_17,0,0,2,/trinity/home/m.romanov/benchmarking/datasets/MIST_HER2/trainA/HE/58M2100997_22_17.jpg,/trinity/home/m.romanov/benchmarking/datasets/MIST_HER2/trainB/IHC/58M2100997_22_17.jpg
27M2102007,27M2102007_11_11,0,0,2,/trinity/home/m.romanov/benchmarking/datasets/MIST_HER2/trainA/HE/27M2102007_11_11.jpg,/trinity/home/m.romanov/benchmarking/datasets/MIST_HER2/trainB/IHC/27M2102007_11_11.jpg
69M2100632,69M2100632_16_9,0,0,2,/trinity/home/m.romanov/benchmarking/datasets/MIST_HER2/trainA/HE/69M2100632_16_9.jpg,/trinity/home/m.romanov/benchmarking/datasets/MIST_HER2/trainB/IHC/69M2100632_16_9.jpg
14M2102785,14M2102785_23_13,0,0,2,/trinity/home/m.romanov/benchmarking/datasets/MIST_HER2/trainA/HE/14M2102785_23_13.jpg,/trinity/home/m.romanov/benchmarking/datasets/MIST_HER2/trainB/IHC/14M2102785_23_13.jpg
91M2100173,91M2100173_9_7,0,0,2,/trinity/home/m.romanov/benchmarking/datasets/MIST_HER2/trainA/HE/91M2100173_9_7.jpg,/trinity/home/m.romanov/benchmarking/datasets/MIST_HER2/trainB/IHC/91M2100173_9_7.jpg
57M2101034,57M2101034_14_18,0,0,2,/trinity/home/m.romanov/benchmarking/datasets/MIST_HER2/trainA/HE/57M2101034_14_18.jpg,/trinity/home/m.romanov/benchmarking/datasets/MIST_HER2/trainB/IHC/57M2101034_14_18.jpg
45M2101377,45M2101377_19_32,0,0,2,/trinity/home/m.romanov/benchmarking/datasets/MIST_HER2/trainA/HE/45M2101377_19_32.jpg,/trinity/home/m.romanov/benchmarking/datasets/MIST_HER2/trainB/IHC/45M2101377_19_32.jpg
47M2101316,47M2101316_7_25,0,0,2,/trinity/home/m.romanov/benchmarking/datasets/MIST_HER2/trainA/HE/47M2101316_7_25.jpg,/trinity/home/m.romanov/benchmarking/datasets/MIST_HER2/trainB/IHC/47M2101316_7_25.jpg
58M2100997,58M2100997_26_10,0,0,2,/trinity/home/m.romanov/benchmarking/datasets/MIST_HER2/trainA/HE/58M2100997_26_10.jpg,/trinity/home/m.romanov/benchmarking/datasets/MIST_HER2/trainB/IHC/58M2100997_26_10.jpg
98M2004096,98M2004096_24_4,0,0,2,/trinity/home/m.romanov/benchmarking/datasets/MIST_HER2/trainA/HE/98M2004096_24_4.jpg,/trinity/home/m.romanov/benchmarking/datasets/MIST_HER2/trainB/IHC/98M2004096_24_4.jpg
59M2100987,59M2100987_14_4,0,0,2,/trinity/home/m.romanov/benchmarking/datasets/MIST_HER2/trainA/HE/59M2100987_14_4.jpg,/trinity/home/m.romanov/benchmarking/datasets/MIST_HER2/trainB/IHC/59M2100987_14_4.jpg
15M2102762,15M2102762_16_15,0,0,2,/trinity/home/m.romanov/benchmarking/datasets/MIST_HER2/trainA/HE/15M2102762_16_15.jpg,/trinity/home/m.romanov/benchmarking/datasets/MIST_HER2/trainB/IHC/15M2102762_16_15.jpg
4M2103059,4M2103059_12_11,0,0,2,/trinity/home/m.romanov/benchmarking/datasets/MIST_HER2/trainA/HE/4M2103059_12_11.jpg,/trinity/home/m.romanov/benchmarking/datasets/MIST_HER2/trainB/IHC/4M2103059_12_11.jpg
74M2100526,74M2100526_17_17,0,0,2,/trinity/home/m.romanov/benchmarking/datasets/MIST_HER2/trainA/HE/74M2100526_17_17.jpg,/trinity/home/m.romanov/benchmarking/datasets/MIST_HER2/trainB/IHC/74M2100526_17_17.jpg
45M2101377,45M2101377_15_26,0,0,2,/trinity/home/m.romanov/benchmarking/datasets/MIST_HER2/trainA/HE/45M2101377_15_26.jpg,/trinity/home/m.romanov/benchmarking/datasets/MIST_HER2/trainB/IHC/45M2101377_15_26.jpg
59M2100987,59M2100987_27_24,0,0,2,/trinity/home/m.romanov/benchmarking/datasets/MIST_HER2/trainA/HE/59M2100987_27_24.jpg,/trinity/home/m.romanov/benchmarking/datasets/MIST_HER2/trainB/IHC/59M2100987_27_24.jpg
30M2101953,30M2101953_12_6,0,0,2,/trinity/home/m.romanov/benchmarking/datasets/MIST_HER2/trainA/HE/30M2101953_12_6.jpg,/trinity/home/m.romanov/benchmarking/datasets/MIST_HER2/trainB/IHC/30M2101953_12_6.jpg
40M2101566,40M2101566_32_26,0,0,2,/trinity/home/m.romanov/benchmarking/datasets/MIST_HER2/trainA/HE/40M2101566_32_26.jpg,/trinity/home/m.romanov/benchmarking/datasets/MIST_HER2/trainB/IHC/40M2101566_32_26.jpg
76M2100485,76M2100485_25_30,0,0,2,/trinity/home/m.romanov/benchmarking/datasets/MIST_HER2/trainA/HE/76M2100485_25_30.jpg,/trinity/home/m.romanov/benchmarking/datasets/MIST_HER2/trainB/IHC/76M2100485_25_30.jpg
69M2100632,69M2100632_19_7,0,0,2,/trinity/home/m.romanov/benchmarking/datasets/MIST_HER2/trainA/HE/69M2100632_19_7.jpg,/trinity/home/m.romanov/benchmarking/datasets/MIST_HER2/trainB/IHC/69M2100632_19_7.jpg
93M2100147,93M2100147_16_16,0,0,2,/trinity/home/m.romanov/benchmarking/datasets/MIST_HER2/trainA/HE/93M2100147_16_16.jpg,/trinity/home/m.romanov/benchmarking/datasets/MIST_HER2/trainB/IHC/93M2100147_16_16.jpg
98M2004096,98M2004096_28_5,0,0,2,/trinity/home/m.romanov/benchmarking/datasets/MIST_HER2/trainA/HE/98M2004096_28_5.jpg,/trinity/home/m.romanov/benchmarking/datasets/MIST_HER2/trainB/IHC/98M2004096_28_5.jpg
40M2101566,40M2101566_19_19,0,0,2,/trinity/home/m.romanov/benchmarking/datasets/MIST_HER2/trainA/HE/40M2101566_19_19.jpg,/trinity/home/m.romanov/benchmarking/datasets/MIST_HER2/trainB/IHC/40M2101566_19_19.jpg
59M2100987,59M2100987_26_7,0,0,2,/trinity/home/m.romanov/benchmarking/datasets/MIST_HER2/trainA/HE/59M2100987_26_7.jpg,/trinity/home/m.romanov/benchmarking/datasets/MIST_HER2/trainB/IHC/59M2100987_26_7.jpg
47M2101316,47M2101316_14_26,0,0,2,/trinity/home/m.romanov/benchmarking/datasets/MIST_HER2/trainA/HE/47M2101316_14_26.jpg,/trinity/home/m.romanov/benchmarking/datasets/MIST_HER2/trainB/IHC/47M2101316_14_26.jpg
25M2102060,25M2102060_37_25,0,0,2,/trinity/home/m.romanov/benchmarking/datasets/MIST_HER2/trainA/HE/25M2102060_37_25.jpg,/trinity/home/m.romanov/benchmarking/datasets/MIST_HER2/trainB/IHC/25M2102060_37_25.jpg
69M2100632,69M2100632_22_14,0,0,2,/trinity/home/m.romanov/benchmarking/datasets/MIST_HER2/trainA/HE/69M2100632_22_14.jpg,/trinity/home/m.romanov/benchmarking/datasets/MIST_HER2/trainB/IHC/69M2100632_22_14.jpg
6M2103024,6M2103024_23_15,0,0,2,/trinity/home/m.romanov/benchmarking/datasets/MIST_HER2/trainA/HE/6M2103024_23_15.jpg,/trinity/home/m.romanov/benchmarking/datasets/MIST_HER2/trainB/IHC/6M2103024_23_15.jpg
39M2101576,39M2101576_16_5,0,0,2,/trinity/home/m.romanov/benchmarking/datasets/MIST_HER2/trainA/HE/39M2101576_16_5.jpg,/trinity/home/m.romanov/benchmarking/datasets/MIST_HER2/trainB/IHC/39M2101576_16_5.jpg
98M2004096,98M2004096_29_8,0,0,2,/trinity/home/m.romanov/benchmarking/datasets/MIST_HER2/trainA/HE/98M2004096_29_8.jpg,/trinity/home/m.romanov/benchmarking/datasets/MIST_HER2/trainB/IHC/98M2004096_29_8.jpg
97M2100034,97M2100034_22_4,0,0,2,/trinity/home/m.romanov/benchmarking/datasets/MIST_HER2/trainA/HE/97M2100034_22_4.jpg,/trinity/home/m.romanov/benchmarking/datasets/MIST_HER2/trainB/IHC/97M2100034_22_4.jpg
80M2100377,80M2100377_20_13,0,0,2,/trinity/home/m.romanov/benchmarking/datasets/MIST_HER2/trainA/HE/80M2100377_20_13.jpg,/trinity/home/m.romanov/benchmarking/datasets/MIST_HER2/trainB/IHC/80M2100377_20_13.jpg
67M2100642,67M2100642_17_9,0,0,2,/trinity/home/m.romanov/benchmarking/datasets/MIST_HER2/trainA/HE/67M2100642_17_9.jpg,/trinity/home/m.romanov/benchmarking/datasets/MIST_HER2/trainB/IHC/67M2100642_17_9.jpg
44M2101492,44M2101492_16_5,0,0,2,/trinity/home/m.romanov/benchmarking/datasets/MIST_HER2/trainA/HE/44M2101492_16_5.jpg,/trinity/home/m.romanov/benchmarking/datasets/MIST_HER2/trainB/IHC/44M2101492_16_5.jpg
99M2004082,99M2004082_25_11,0,0,2,/trinity/home/m.romanov/benchmarking/datasets/MIST_HER2/trainA/HE/99M2004082_25_11.jpg,/trinity/home/m.romanov/benchmarking/datasets/MIST_HER2/trainB/IHC/99M2004082_25_11.jpg
27M2102007,27M2102007_11_23,0,0,2,/trinity/home/m.romanov/benchmarking/datasets/MIST_HER2/trainA/HE/27M2102007_11_23.jpg,/trinity/home/m.romanov/benchmarking/datasets/MIST_HER2/trainB/IHC/27M2102007_11_23.jpg
46M2101353,46M2101353_18_31,0,0,2,/trinity/home/m.romanov/benchmarking/datasets/MIST_HER2/trainA/HE/46M2101353_18_31.jpg,/trinity/home/m.romanov/benchmarking/datasets/MIST_HER2/trainB/IHC/46M2101353_18_31.jpg
97M2100034,97M2100034_17_14,0,0,2,/trinity/home/m.romanov/benchmarking/datasets/MIST_HER2/trainA/HE/97M2100034_17_14.jpg,/trinity/home/m.romanov/benchmarking/datasets/MIST_HER2/trainB/IHC/97M2100034_17_14.jpg
56M2101083,56M2101083_34_18,0,0,2,/trinity/home/m.romanov/benchmarking/datasets/MIST_HER2/trainA/HE/56M2101083_34_18.jpg,/trinity/home/m.romanov/benchmarking/datasets/MIST_HER2/trainB/IHC/56M2101083_34_18.jpg
53M2101258,53M2101258_10_27,0,0,2,/trinity/home/m.romanov/benchmarking/datasets/MIST_HER2/trainA/HE/53M2101258_10_27.jpg,/trinity/home/m.romanov/benchmarking/datasets/MIST_HER2/trainB/IHC/53M2101258_10_27.jpg
44M2101492,44M2101492_32_20,0,0,2,/trinity/home/m.romanov/benchmarking/datasets/MIST_HER2/trainA/HE/44M2101492_32_20.jpg,/trinity/home/m.romanov/benchmarking/datasets/MIST_HER2/trainB/IHC/44M2101492_32_20.jpg
10M2102916,10M2102916_12_4,0,0,2,/trinity/home/m.romanov/benchmarking/datasets/MIST_HER2/trainA/HE/10M2102916_12_4.jpg,/trinity/home/m.romanov/benchmarking/datasets/MIST_HER2/trainB/IHC/10M2102916_12_4.jpg
51M2101285,51M2101285_26_12,0,0,2,/trinity/home/m.romanov/benchmarking/datasets/MIST_HER2/trainA/HE/51M2101285_26_12.jpg,/trinity/home/m.romanov/benchmarking/datasets/MIST_HER2/trainB/IHC/51M2101285_26_12.jpg
44M2101492,44M2101492_13_36,0,0,2,/trinity/home/m.romanov/benchmarking/datasets/MIST_HER2/trainA/HE/44M2101492_13_36.jpg,/trinity/home/m.romanov/benchmarking/datasets/MIST_HER2/trainB/IHC/44M2101492_13_36.jpg
99M2004082,99M2004082_26_8,0,0,2,/trinity/home/m.romanov/benchmarking/datasets/MIST_HER2/trainA/HE/99M2004082_26_8.jpg,/trinity/home/m.romanov/benchmarking/datasets/MIST_HER2/trainB/IHC/99M2004082_26_8.jpg
51M2101285,51M2101285_25_14,0,0,2,/trinity/home/m.romanov/benchmarking/datasets/MIST_HER2/trainA/HE/51M2101285_25_14.jpg,/trinity/home/m.romanov/benchmarking/datasets/MIST_HER2/trainB/IHC/51M2101285_25_14.jpg
80M2100377,80M2100377_24_13,0,0,2,/trinity/home/m.romanov/benchmarking/datasets/MIST_HER2/trainA/HE/80M2100377_24_13.jpg,/trinity/home/m.romanov/benchmarking/datasets/MIST_HER2/trainB/IHC/80M2100377_24_13.jpg
31M2101871,31M2101871_10_18,0,0,2,/trinity/home/m.romanov/benchmarking/datasets/MIST_HER2/trainA/HE/31M2101871_10_18.jpg,/trinity/home/m.romanov/benchmarking/datasets/MIST_HER2/trainB/IHC/31M2101871_10_18.jpg
54M2101205,54M2101205_18_12,0,0,2,/trinity/home/m.romanov/benchmarking/datasets/MIST_HER2/trainA/HE/54M2101205_18_12.jpg,/trinity/home/m.romanov/benchmarking/datasets/MIST_HER2/trainB/IHC/54M2101205_18_12.jpg
54M2101205,54M2101205_12_21,0,0,2,/trinity/home/m.romanov/benchmarking/datasets/MIST_HER2/trainA/HE/54M2101205_12_21.jpg,/trinity/home/m.romanov/benchmarking/datasets/MIST_HER2/trainB/IHC/54M2101205_12_21.jpg
33M2101839,33M2101839_15_7,0,0,2,/trinity/home/m.romanov/benchmarking/datasets/MIST_HER2/trainA/HE/33M2101839_15_7.jpg,/trinity/home/m.romanov/benchmarking/datasets/MIST_HER2/trainB/IHC/33M2101839_15_7.jpg
53M2101258,53M2101258_31_33,0,0,2,/trinity/home/m.romanov/benchmarking/datasets/MIST_HER2/trainA/HE/53M2101258_31_33.jpg,/trinity/home/m.romanov/benchmarking/datasets/MIST_HER2/trainB/IHC/53M2101258_31_33.jpg
80M2100377,80M2100377_23_25,0,0,2,/trinity/home/m.romanov/benchmarking/datasets/MIST_HER2/trainA/HE/80M2100377_23_25.jpg,/trinity/home/m.romanov/benchmarking/datasets/MIST_HER2/trainB/IHC/80M2100377_23_25.jpg
98M2004096,98M2004096_30_12,0,0,2,/trinity/home/m.romanov/benchmarking/datasets/MIST_HER2/trainA/HE/98M2004096_30_12.jpg,/trinity/home/m.romanov/benchmarking/datasets/MIST_HER2/trainB/IHC/98M2004096_30_12.jpg
10M2102916,10M2102916_23_12,0,0,2,/trinity/home/m.romanov/benchmarking/datasets/MIST_HER2/trainA/HE/10M2102916_23_12.jpg,/trinity/home/m.romanov/benchmarking/datasets/MIST_HER2/trainB/IHC/10M2102916_23_12.jpg
44M2101492,44M2101492_14_13,0,0,2,/trinity/home/m.romanov/benchmarking/datasets/MIST_HER2/trainA/HE/44M2101492_14_13.jpg,/trinity/home/m.romanov/benchmarking/datasets/MIST_HER2/trainB/IHC/44M2101492_14_13.jpg
100M2004069,100M2004069_24_14,0,0,2,/trinity/home/m.romanov/benchmarking/datasets/MIST_HER2/trainA/HE/100M2004069_24_14.jpg,/trinity/home/m.romanov/benchmarking/datasets/MIST_HER2/trainB/IHC/100M2004069_24_14.jpg
68M2100640,68M2100640_10_16,0,0,2,/trinity/home/m.romanov/benchmarking/datasets/MIST_HER2/trainA/HE/68M2100640_10_16.jpg,/trinity/home/m.romanov/benchmarking/datasets/MIST_HER2/trainB/IHC/68M2100640_10_16.jpg
69M2100632,69M2100632_23_16,0,0,2,/trinity/home/m.romanov/benchmarking/datasets/MIST_HER2/trainA/HE/69M2100632_23_16.jpg,/trinity/home/m.romanov/benchmarking/datasets/MIST_HER2/trainB/IHC/69M2100632_23_16.jpg
79M2100417,79M2100417_22_23,0,0,2,/trinity/home/m.romanov/benchmarking/datasets/MIST_HER2/trainA/HE/79M2100417_22_23.jpg,/trinity/home/m.romanov/benchmarking/datasets/MIST_HER2/trainB/IHC/79M2100417_22_23.jpg
67M2100642,67M2100642_22_20,0,0,2,/trinity/home/m.romanov/benchmarking/datasets/MIST_HER2/trainA/HE/67M2100642_22_20.jpg,/trinity/home/m.romanov/benchmarking/datasets/MIST_HER2/trainB/IHC/67M2100642_22_20.jpg
46M2101353,46M2101353_13_18,0,0,2,/trinity/home/m.romanov/benchmarking/datasets/MIST_HER2/trainA/HE/46M2101353_13_18.jpg,/trinity/home/m.romanov/benchmarking/datasets/MIST_HER2/trainB/IHC/46M2101353_13_18.jpg
79M2100417,79M2100417_21_17,0,0,2,/trinity/home/m.romanov/benchmarking/datasets/MIST_HER2/trainA/HE/79M2100417_21_17.jpg,/trinity/home/m.romanov/benchmarking/datasets/MIST_HER2/trainB/IHC/79M2100417_21_17.jpg
30M2101953,30M2101953_11_17,0,0,2,/trinity/home/m.romanov/benchmarking/datasets/MIST_HER2/trainA/HE/30M2101953_11_17.jpg,/trinity/home/m.romanov/benchmarking/datasets/MIST_HER2/trainB/IHC/30M2101953_11_17.jpg
80M2100377,80M2100377_35_19,0,0,2,/trinity/home/m.romanov/benchmarking/datasets/MIST_HER2/trainA/HE/80M2100377_35_19.jpg,/trinity/home/m.romanov/benchmarking/datasets/MIST_HER2/trainB/IHC/80M2100377_35_19.jpg
79M2100417,79M2100417_27_12,0,0,2,/trinity/home/m.romanov/benchmarking/datasets/MIST_HER2/trainA/HE/79M2100417_27_12.jpg,/trinity/home/m.romanov/benchmarking/datasets/MIST_HER2/trainB/IHC/79M2100417_27_12.jpg
60M2100980,60M2100980_46_20,0,0,2,/trinity/home/m.romanov/benchmarking/datasets/MIST_HER2/trainA/HE/60M2100980_46_20.jpg,/trinity/home/m.romanov/benchmarking/datasets/MIST_HER2/trainB/IHC/60M2100980_46_20.jpg
4M2103059,4M2103059_22_19,0,0,2,/trinity/home/m.romanov/benchmarking/datasets/MIST_HER2/trainA/HE/4M2103059_22_19.jpg,/trinity/home/m.romanov/benchmarking/datasets/MIST_HER2/trainB/IHC/4M2103059_22_19.jpg
25M2102060,25M2102060_28_19,0,0,2,/trinity/home/m.romanov/benchmarking/datasets/MIST_HER2/trainA/HE/25M2102060_28_19.jpg,/trinity/home/m.romanov/benchmarking/datasets/MIST_HER2/trainB/IHC/25M2102060_28_19.jpg
23M2102136,23M2102136_34_15,0,0,2,/trinity/home/m.romanov/benchmarking/datasets/MIST_HER2/trainA/HE/23M2102136_34_15.jpg,/trinity/home/m.romanov/benchmarking/datasets/MIST_HER2/trainB/IHC/23M2102136_34_15.jpg
54M2101205,54M2101205_20_21,0,0,2,/trinity/home/m.romanov/benchmarking/datasets/MIST_HER2/trainA/HE/54M2101205_20_21.jpg,/trinity/home/m.romanov/benchmarking/datasets/MIST_HER2/trainB/IHC/54M2101205_20_21.jpg
22M2102266,22M2102266_20_22,0,0,2,/trinity/home/m.romanov/benchmarking/datasets/MIST_HER2/trainA/HE/22M2102266_20_22.jpg,/trinity/home/m.romanov/benchmarking/datasets/MIST_HER2/trainB/IHC/22M2102266_20_22.jpg
48M2101314,48M2101314_21_5,0,0,2,/trinity/home/m.romanov/benchmarking/datasets/MIST_HER2/trainA/HE/48M2101314_21_5.jpg,/trinity/home/m.romanov/benchmarking/datasets/MIST_HER2/trainB/IHC/48M2101314_21_5.jpg
60M2100980,60M2100980_19_12,0,0,2,/trinity/home/m.romanov/benchmarking/datasets/MIST_HER2/trainA/HE/60M2100980_19_12.jpg,/trinity/home/m.romanov/benchmarking/datasets/MIST_HER2/trainB/IHC/60M2100980_19_12.jpg
67M2100642,67M2100642_12_17,0,0,2,/trinity/home/m.romanov/benchmarking/datasets/MIST_HER2/trainA/HE/67M2100642_12_17.jpg,/trinity/home/m.romanov/benchmarking/datasets/MIST_HER2/trainB/IHC/67M2100642_12_17.jpg
31M2101871,31M2101871_9_25,0,0,2,/trinity/home/m.romanov/benchmarking/datasets/MIST_HER2/trainA/HE/31M2101871_9_25.jpg,/trinity/home/m.romanov/benchmarking/datasets/MIST_HER2/trainB/IHC/31M2101871_9_25.jpg
94M2100142,94M2100142_15_15,0,0,2,/trinity/home/m.romanov/benchmarking/datasets/MIST_HER2/trainA/HE/94M2100142_15_15.jpg,/trinity/home/m.romanov/benchmarking/datasets/MIST_HER2/trainB/IHC/94M2100142_15_15.jpg
30M2101953,30M2101953_18_13,0,0,2,/trinity/home/m.romanov/benchmarking/datasets/MIST_HER2/trainA/HE/30M2101953_18_13.jpg,/trinity/home/m.romanov/benchmarking/datasets/MIST_HER2/trainB/IHC/30M2101953_18_13.jpg
94M2100142,94M2100142_24_15,0,0,2,/trinity/home/m.romanov/benchmarking/datasets/MIST_HER2/trainA/HE/94M2100142_24_15.jpg,/trinity/home/m.romanov/benchmarking/datasets/MIST_HER2/trainB/IHC/94M2100142_24_15.jpg
98M2004096,98M2004096_29_5,0,0,2,/trinity/home/m.romanov/benchmarking/datasets/MIST_HER2/trainA/HE/98M2004096_29_5.jpg,/trinity/home/m.romanov/benchmarking/datasets/MIST_HER2/trainB/IHC/98M2004096_29_5.jpg
53M2101258,53M2101258_25_10,0,0,2,/trinity/home/m.romanov/benchmarking/datasets/MIST_HER2/trainA/HE/53M2101258_25_10.jpg,/trinity/home/m.romanov/benchmarking/datasets/MIST_HER2/trainB/IHC/53M2101258_25_10.jpg
79M2100417,79M2100417_26_21,0,0,2,/trinity/home/m.romanov/benchmarking/datasets/MIST_HER2/trainA/HE/79M2100417_26_21.jpg,/trinity/home/m.romanov/benchmarking/datasets/MIST_HER2/trainB/IHC/79M2100417_26_21.jpg
59M2100987,59M2100987_24_16,0,0,2,/trinity/home/m.romanov/benchmarking/datasets/MIST_HER2/trainA/HE/59M2100987_24_16.jpg,/trinity/home/m.romanov/benchmarking/datasets/MIST_HER2/trainB/IHC/59M2100987_24_16.jpg
2M2103108,2M2103108_11_16,0,0,2,/trinity/home/m.romanov/benchmarking/datasets/MIST_HER2/trainA/HE/2M2103108_11_16.jpg,/trinity/home/m.romanov/benchmarking/datasets/MIST_HER2/trainB/IHC/2M2103108_11_16.jpg
88M2100218,88M2100218_31_17,0,0,2,/trinity/home/m.romanov/benchmarking/datasets/MIST_HER2/trainA/HE/88M2100218_31_17.jpg,/trinity/home/m.romanov/benchmarking/datasets/MIST_HER2/trainB/IHC/88M2100218_31_17.jpg
83M2100256,83M2100256_12_9,0,0,2,/trinity/home/m.romanov/benchmarking/datasets/MIST_HER2/trainA/HE/83M2100256_12_9.jpg,/trinity/home/m.romanov/benchmarking/datasets/MIST_HER2/trainB/IHC/83M2100256_12_9.jpg
25M2102060,25M2102060_13_23,0,0,2,/trinity/home/m.romanov/benchmarking/datasets/MIST_HER2/trainA/HE/25M2102060_13_23.jpg,/trinity/home/m.romanov/benchmarking/datasets/MIST_HER2/trainB/IHC/25M2102060_13_23.jpg
14M2102785,14M2102785_18_10,0,0,2,/trinity/home/m.romanov/benchmarking/datasets/MIST_HER2/trainA/HE/14M2102785_18_10.jpg,/trinity/home/m.romanov/benchmarking/datasets/MIST_HER2/trainB/IHC/14M2102785_18_10.jpg
14M2102785,14M2102785_21_18,0,0,2,/trinity/home/m.romanov/benchmarking/datasets/MIST_HER2/trainA/HE/14M2102785_21_18.jpg,/trinity/home/m.romanov/benchmarking/datasets/MIST_HER2/trainB/IHC/14M2102785_21_18.jpg
30M2101953,30M2101953_7_9,0,0,2,/trinity/home/m.romanov/benchmarking/datasets/MIST_HER2/trainA/HE/30M2101953_7_9.jpg,/trinity/home/m.romanov/benchmarking/datasets/MIST_HER2/trainB/IHC/30M2101953_7_9.jpg
81M2100356,81M2100356_34_24,0,0,2,/trinity/home/m.romanov/benchmarking/datasets/MIST_HER2/trainA/HE/81M2100356_34_24.jpg,/trinity/home/m.romanov/benchmarking/datasets/MIST_HER2/trainB/IHC/81M2100356_34_24.jpg
31M2101871,31M2101871_2_25,0,0,2,/trinity/home/m.romanov/benchmarking/datasets/MIST_HER2/trainA/HE/31M2101871_2_25.jpg,/trinity/home/m.romanov/benchmarking/datasets/MIST_HER2/trainB/IHC/31M2101871_2_25.jpg
77M2100464,77M2100464_22_3,0,0,2,/trinity/home/m.romanov/benchmarking/datasets/MIST_HER2/trainA/HE/77M2100464_22_3.jpg,/trinity/home/m.romanov/benchmarking/datasets/MIST_HER2/trainB/IHC/77M2100464_22_3.jpg
28M2101987,28M2101987_40_8,0,0,2,/trinity/home/m.romanov/benchmarking/datasets/MIST_HER2/trainA/HE/28M2101987_40_8.jpg,/trinity/home/m.romanov/benchmarking/datasets/MIST_HER2/trainB/IHC/28M2101987_40_8.jpg
60M2100980,60M2100980_36_19,0,0,2,/trinity/home/m.romanov/benchmarking/datasets/MIST_HER2/trainA/HE/60M2100980_36_19.jpg,/trinity/home/m.romanov/benchmarking/datasets/MIST_HER2/trainB/IHC/60M2100980_36_19.jpg
22M2102266,22M2102266_20_14,0,0,2,/trinity/home/m.romanov/benchmarking/datasets/MIST_HER2/trainA/HE/22M2102266_20_14.jpg,/trinity/home/m.romanov/benchmarking/datasets/MIST_HER2/trainB/IHC/22M2102266_20_14.jpg
68M2100640,68M2100640_10_22,0,0,2,/trinity/home/m.romanov/benchmarking/datasets/MIST_HER2/trainA/HE/68M2100640_10_22.jpg,/trinity/home/m.romanov/benchmarking/datasets/MIST_HER2/trainB/IHC/68M2100640_10_22.jpg
75M2100521,75M2100521_22_14,0,0,2,/trinity/home/m.romanov/benchmarking/datasets/MIST_HER2/trainA/HE/75M2100521_22_14.jpg,/trinity/home/m.romanov/benchmarking/datasets/MIST_HER2/trainB/IHC/75M2100521_22_14.jpg
98M2004096,98M2004096_27_15,0,0,2,/trinity/home/m.romanov/benchmarking/datasets/MIST_HER2/trainA/HE/98M2004096_27_15.jpg,/trinity/home/m.romanov/benchmarking/datasets/MIST_HER2/trainB/IHC/98M2004096_27_15.jpg
83M2100256,83M2100256_30_15,0,0,2,/trinity/home/m.romanov/benchmarking/datasets/MIST_HER2/trainA/HE/83M2100256_30_15.jpg,/trinity/home/m.romanov/benchmarking/datasets/MIST_HER2/trainB/IHC/83M2100256_30_15.jpg
22M2102266,22M2102266_13_15,0,0,2,/trinity/home/m.romanov/benchmarking/datasets/MIST_HER2/trainA/HE/22M2102266_13_15.jpg,/trinity/home/m.romanov/benchmarking/datasets/MIST_HER2/trainB/IHC/22M2102266_13_15.jpg
16M2102718,16M2102718_11_7,0,0,2,/trinity/home/m.romanov/benchmarking/datasets/MIST_HER2/trainA/HE/16M2102718_11_7.jpg,/trinity/home/m.romanov/benchmarking/datasets/MIST_HER2/trainB/IHC/16M2102718_11_7.jpg
91M2100173,91M2100173_24_20,0,0,2,/trinity/home/m.romanov/benchmarking/datasets/MIST_HER2/trainA/HE/91M2100173_24_20.jpg,/trinity/home/m.romanov/benchmarking/datasets/MIST_HER2/trainB/IHC/91M2100173_24_20.jpg
93M2100147,93M2100147_7_7,0,0,2,/trinity/home/m.romanov/benchmarking/datasets/MIST_HER2/trainA/HE/93M2100147_7_7.jpg,/trinity/home/m.romanov/benchmarking/datasets/MIST_HER2/trainB/IHC/93M2100147_7_7.jpg
75M2100521,75M2100521_14_14,0,0,2,/trinity/home/m.romanov/benchmarking/datasets/MIST_HER2/trainA/HE/75M2100521_14_14.jpg,/trinity/home/m.romanov/benchmarking/datasets/MIST_HER2/trainB/IHC/75M2100521_14_14.jpg
91M2100173,91M2100173_14_16,0,0,2,/trinity/home/m.romanov/benchmarking/datasets/MIST_HER2/trainA/HE/91M2100173_14_16.jpg,/trinity/home/m.romanov/benchmarking/datasets/MIST_HER2/trainB/IHC/91M2100173_14_16.jpg
60M2100980,60M2100980_34_20,0,0,2,/trinity/home/m.romanov/benchmarking/datasets/MIST_HER2/trainA/HE/60M2100980_34_20.jpg,/trinity/home/m.romanov/benchmarking/datasets/MIST_HER2/trainB/IHC/60M2100980_34_20.jpg
19M2102438,19M2102438_27_16,0,0,2,/trinity/home/m.romanov/benchmarking/datasets/MIST_HER2/trainA/HE/19M2102438_27_16.jpg,/trinity/home/m.romanov/benchmarking/datasets/MIST_HER2/trainB/IHC/19M2102438_27_16.jpg
45M2101377,45M2101377_9_4,0,0,2,/trinity/home/m.romanov/benchmarking/datasets/MIST_HER2/trainA/HE/45M2101377_9_4.jpg,/trinity/home/m.romanov/benchmarking/datasets/MIST_HER2/trainB/IHC/45M2101377_9_4.jpg
79M2100417,79M2100417_27_26,0,0,2,/trinity/home/m.romanov/benchmarking/datasets/MIST_HER2/trainA/HE/79M2100417_27_26.jpg,/trinity/home/m.romanov/benchmarking/datasets/MIST_HER2/trainB/IHC/79M2100417_27_26.jpg
56M2101083,56M2101083_20_9,0,0,2,/trinity/home/m.romanov/benchmarking/datasets/MIST_HER2/trainA/HE/56M2101083_20_9.jpg,/trinity/home/m.romanov/benchmarking/datasets/MIST_HER2/trainB/IHC/56M2101083_20_9.jpg
65M2100668,65M2100668_19_23,0,0,2,/trinity/home/m.romanov/benchmarking/datasets/MIST_HER2/trainA/HE/65M2100668_19_23.jpg,/trinity/home/m.romanov/benchmarking/datasets/MIST_HER2/trainB/IHC/65M2100668_19_23.jpg
68M2100640,68M2100640_20_8,0,0,2,/trinity/home/m.romanov/benchmarking/datasets/MIST_HER2/trainA/HE/68M2100640_20_8.jpg,/trinity/home/m.romanov/benchmarking/datasets/MIST_HER2/trainB/IHC/68M2100640_20_8.jpg
45M2101377,45M2101377_25_7,0,0,2,/trinity/home/m.romanov/benchmarking/datasets/MIST_HER2/trainA/HE/45M2101377_25_7.jpg,/trinity/home/m.romanov/benchmarking/datasets/MIST_HER2/trainB/IHC/45M2101377_25_7.jpg
98M2004096,98M2004096_30_4,0,0,2,/trinity/home/m.romanov/benchmarking/datasets/MIST_HER2/trainA/HE/98M2004096_30_4.jpg,/trinity/home/m.romanov/benchmarking/datasets/MIST_HER2/trainB/IHC/98M2004096_30_4.jpg
62M2100915,62M2100915_34_29,0,0,2,/trinity/home/m.romanov/benchmarking/datasets/MIST_HER2/trainA/HE/62M2100915_34_29.jpg,/trinity/home/m.romanov/benchmarking/datasets/MIST_HER2/trainB/IHC/62M2100915_34_29.jpg
62M2100915,62M2100915_32_26,0,0,2,/trinity/home/m.romanov/benchmarking/datasets/MIST_HER2/trainA/HE/62M2100915_32_26.jpg,/trinity/home/m.romanov/benchmarking/datasets/MIST_HER2/trainB/IHC/62M2100915_32_26.jpg
39M2101576,39M2101576_20_24,0,0,2,/trinity/home/m.romanov/benchmarking/datasets/MIST_HER2/trainA/HE/39M2101576_20_24.jpg,/trinity/home/m.romanov/benchmarking/datasets/MIST_HER2/trainB/IHC/39M2101576_20_24.jpg
81M2100356,81M2100356_32_19,0,0,2,/trinity/home/m.romanov/benchmarking/datasets/MIST_HER2/trainA/HE/81M2100356_32_19.jpg,/trinity/home/m.romanov/benchmarking/datasets/MIST_HER2/trainB/IHC/81M2100356_32_19.jpg
100M2004069,100M2004069_14_19,0,0,2,/trinity/home/m.romanov/benchmarking/datasets/MIST_HER2/trainA/HE/100M2004069_14_19.jpg,/trinity/home/m.romanov/benchmarking/datasets/MIST_HER2/trainB/IHC/100M2004069_14_19.jpg
22M2102266,22M2102266_23_15,0,0,2,/trinity/home/m.romanov/benchmarking/datasets/MIST_HER2/trainA/HE/22M2102266_23_15.jpg,/trinity/home/m.romanov/benchmarking/datasets/MIST_HER2/trainB/IHC/22M2102266_23_15.jpg
65M2100668,65M2100668_31_12,0,0,2,/trinity/home/m.romanov/benchmarking/datasets/MIST_HER2/trainA/HE/65M2100668_31_12.jpg,/trinity/home/m.romanov/benchmarking/datasets/MIST_HER2/trainB/IHC/65M2100668_31_12.jpg
15M2102762,15M2102762_5_23,0,0,2,/trinity/home/m.romanov/benchmarking/datasets/MIST_HER2/trainA/HE/15M2102762_5_23.jpg,/trinity/home/m.romanov/benchmarking/datasets/MIST_HER2/trainB/IHC/15M2102762_5_23.jpg
77M2100464,77M2100464_13_8,0,0,2,/trinity/home/m.romanov/benchmarking/datasets/MIST_HER2/trainA/HE/77M2100464_13_8.jpg,/trinity/home/m.romanov/benchmarking/datasets/MIST_HER2/trainB/IHC/77M2100464_13_8.jpg
47M2101316,47M2101316_21_8,0,0,2,/trinity/home/m.romanov/benchmarking/datasets/MIST_HER2/trainA/HE/47M2101316_21_8.jpg,/trinity/home/m.romanov/benchmarking/datasets/MIST_HER2/trainB/IHC/47M2101316_21_8.jpg
16M2102718,16M2102718_10_18,0,0,2,/trinity/home/m.romanov/benchmarking/datasets/MIST_HER2/trainA/HE/16M2102718_10_18.jpg,/trinity/home/m.romanov/benchmarking/datasets/MIST_HER2/trainB/IHC/16M2102718_10_18.jpg
10M2102916,10M2102916_25_9,0,0,2,/trinity/home/m.romanov/benchmarking/datasets/MIST_HER2/trainA/HE/10M2102916_25_9.jpg,/trinity/home/m.romanov/benchmarking/datasets/MIST_HER2/trainB/IHC/10M2102916_25_9.jpg
25M2102060,25M2102060_30_22,0,0,2,/trinity/home/m.romanov/benchmarking/datasets/MIST_HER2/trainA/HE/25M2102060_30_22.jpg,/trinity/home/m.romanov/benchmarking/datasets/MIST_HER2/trainB/IHC/25M2102060_30_22.jpg
89M2100212,89M2100212_7_21,0,0,2,/trinity/home/m.romanov/benchmarking/datasets/MIST_HER2/trainA/HE/89M2100212_7_21.jpg,/trinity/home/m.romanov/benchmarking/datasets/MIST_HER2/trainB/IHC/89M2100212_7_21.jpg
54M2101205,54M2101205_21_16,0,0,2,/trinity/home/m.romanov/benchmarking/datasets/MIST_HER2/trainA/HE/54M2101205_21_16.jpg,/trinity/home/m.romanov/benchmarking/datasets/MIST_HER2/trainB/IHC/54M2101205_21_16.jpg
100M2004069,100M2004069_16_19,0,0,2,/trinity/home/m.romanov/benchmarking/datasets/MIST_HER2/trainA/HE/100M2004069_16_19.jpg,/trinity/home/m.romanov/benchmarking/datasets/MIST_HER2/trainB/IHC/100M2004069_16_19.jpg
33M2101839,33M2101839_6_11,0,0,2,/trinity/home/m.romanov/benchmarking/datasets/MIST_HER2/trainA/HE/33M2101839_6_11.jpg,/trinity/home/m.romanov/benchmarking/datasets/MIST_HER2/trainB/IHC/33M2101839_6_11.jpg
53M2101258,53M2101258_19_37,0,0,2,/trinity/home/m.romanov/benchmarking/datasets/MIST_HER2/trainA/HE/53M2101258_19_37.jpg,/trinity/home/m.romanov/benchmarking/datasets/MIST_HER2/trainB/IHC/53M2101258_19_37.jpg
58M2100997,58M2100997_12_13,0,0,2,/trinity/home/m.romanov/benchmarking/datasets/MIST_HER2/trainA/HE/58M2100997_12_13.jpg,/trinity/home/m.romanov/benchmarking/datasets/MIST_HER2/trainB/IHC/58M2100997_12_13.jpg
22M2102266,22M2102266_21_15,0,0,2,/trinity/home/m.romanov/benchmarking/datasets/MIST_HER2/trainA/HE/22M2102266_21_15.jpg,/trinity/home/m.romanov/benchmarking/datasets/MIST_HER2/trainB/IHC/22M2102266_21_15.jpg
58M2100997,58M2100997_17_12,0,0,2,/trinity/home/m.romanov/benchmarking/datasets/MIST_HER2/trainA/HE/58M2100997_17_12.jpg,/trinity/home/m.romanov/benchmarking/datasets/MIST_HER2/trainB/IHC/58M2100997_17_12.jpg
14M2102785,14M2102785_24_20,0,0,2,/trinity/home/m.romanov/benchmarking/datasets/MIST_HER2/trainA/HE/14M2102785_24_20.jpg,/trinity/home/m.romanov/benchmarking/datasets/MIST_HER2/trainB/IHC/14M2102785_24_20.jpg
69M2100632,69M2100632_23_17,0,0,2,/trinity/home/m.romanov/benchmarking/datasets/MIST_HER2/trainA/HE/69M2100632_23_17.jpg,/trinity/home/m.romanov/benchmarking/datasets/MIST_HER2/trainB/IHC/69M2100632_23_17.jpg
79M2100417,79M2100417_21_13,0,0,2,/trinity/home/m.romanov/benchmarking/datasets/MIST_HER2/trainA/HE/79M2100417_21_13.jpg,/trinity/home/m.romanov/benchmarking/datasets/MIST_HER2/trainB/IHC/79M2100417_21_13.jpg
27M2102007,27M2102007_11_22,0,0,2,/trinity/home/m.romanov/benchmarking/datasets/MIST_HER2/trainA/HE/27M2102007_11_22.jpg,/trinity/home/m.romanov/benchmarking/datasets/MIST_HER2/trainB/IHC/27M2102007_11_22.jpg
65M2100668,65M2100668_19_18,0,0,2,/trinity/home/m.romanov/benchmarking/datasets/MIST_HER2/trainA/HE/65M2100668_19_18.jpg,/trinity/home/m.romanov/benchmarking/datasets/MIST_HER2/trainB/IHC/65M2100668_19_18.jpg
54M2101205,54M2101205_12_23,0,0,2,/trinity/home/m.romanov/benchmarking/datasets/MIST_HER2/trainA/HE/54M2101205_12_23.jpg,/trinity/home/m.romanov/benchmarking/datasets/MIST_HER2/trainB/IHC/54M2101205_12_23.jpg
77M2100464,77M2100464_33_9,0,0,2,/trinity/home/m.romanov/benchmarking/datasets/MIST_HER2/trainA/HE/77M2100464_33_9.jpg,/trinity/home/m.romanov/benchmarking/datasets/MIST_HER2/trainB/IHC/77M2100464_33_9.jpg
76M2100485,76M2100485_25_9,0,0,2,/trinity/home/m.romanov/benchmarking/datasets/MIST_HER2/trainA/HE/76M2100485_25_9.jpg,/trinity/home/m.romanov/benchmarking/datasets/MIST_HER2/trainB/IHC/76M2100485_25_9.jpg
50M2101298,50M2101298_17_9,0,0,2,/trinity/home/m.romanov/benchmarking/datasets/MIST_HER2/trainA/HE/50M2101298_17_9.jpg,/trinity/home/m.romanov/benchmarking/datasets/MIST_HER2/trainB/IHC/50M2101298_17_9.jpg
23M2102136,23M2102136_33_13,0,0,2,/trinity/home/m.romanov/benchmarking/datasets/MIST_HER2/trainA/HE/23M2102136_33_13.jpg,/trinity/home/m.romanov/benchmarking/datasets/MIST_HER2/trainB/IHC/23M2102136_33_13.jpg
97M2100034,97M2100034_20_9,0,0,2,/trinity/home/m.romanov/benchmarking/datasets/MIST_HER2/trainA/HE/97M2100034_20_9.jpg,/trinity/home/m.romanov/benchmarking/datasets/MIST_HER2/trainB/IHC/97M2100034_20_9.jpg
56M2101083,56M2101083_16_20,0,0,2,/trinity/home/m.romanov/benchmarking/datasets/MIST_HER2/trainA/HE/56M2101083_16_20.jpg,/trinity/home/m.romanov/benchmarking/datasets/MIST_HER2/trainB/IHC/56M2101083_16_20.jpg
91M2100173,91M2100173_30_4,0,0,2,/trinity/home/m.romanov/benchmarking/datasets/MIST_HER2/trainA/HE/91M2100173_30_4.jpg,/trinity/home/m.romanov/benchmarking/datasets/MIST_HER2/trainB/IHC/91M2100173_30_4.jpg
91M2100173,91M2100173_5_6,0,0,2,/trinity/home/m.romanov/benchmarking/datasets/MIST_HER2/trainA/HE/91M2100173_5_6.jpg,/trinity/home/m.romanov/benchmarking/datasets/MIST_HER2/trainB/IHC/91M2100173_5_6.jpg
19M2102438,19M2102438_27_25,0,0,2,/trinity/home/m.romanov/benchmarking/datasets/MIST_HER2/trainA/HE/19M2102438_27_25.jpg,/trinity/home/m.romanov/benchmarking/datasets/MIST_HER2/trainB/IHC/19M2102438_27_25.jpg
62M2100915,62M2100915_6_21,0,0,2,/trinity/home/m.romanov/benchmarking/datasets/MIST_HER2/trainA/HE/62M2100915_6_21.jpg,/trinity/home/m.romanov/benchmarking/datasets/MIST_HER2/trainB/IHC/62M2100915_6_21.jpg
77M2100464,77M2100464_8_6,0,0,2,/trinity/home/m.romanov/benchmarking/datasets/MIST_HER2/trainA/HE/77M2100464_8_6.jpg,/trinity/home/m.romanov/benchmarking/datasets/MIST_HER2/trainB/IHC/77M2100464_8_6.jpg
51M2101285,51M2101285_22_13,0,0,2,/trinity/home/m.romanov/benchmarking/datasets/MIST_HER2/trainA/HE/51M2101285_22_13.jpg,/trinity/home/m.romanov/benchmarking/datasets/MIST_HER2/trainB/IHC/51M2101285_22_13.jpg
23M2102136,23M2102136_11_18,0,0,2,/trinity/home/m.romanov/benchmarking/datasets/MIST_HER2/trainA/HE/23M2102136_11_18.jpg,/trinity/home/m.romanov/benchmarking/datasets/MIST_HER2/trainB/IHC/23M2102136_11_18.jpg
97M2100034,97M2100034_22_5,0,0,2,/trinity/home/m.romanov/benchmarking/datasets/MIST_HER2/trainA/HE/97M2100034_22_5.jpg,/trinity/home/m.romanov/benchmarking/datasets/MIST_HER2/trainB/IHC/97M2100034_22_5.jpg
83M2100256,83M2100256_28_14,0,0,2,/trinity/home/m.romanov/benchmarking/datasets/MIST_HER2/trainA/HE/83M2100256_28_14.jpg,/trinity/home/m.romanov/benchmarking/datasets/MIST_HER2/trainB/IHC/83M2100256_28_14.jpg
44M2101492,44M2101492_7_19,0,0,2,/trinity/home/m.romanov/benchmarking/datasets/MIST_HER2/trainA/HE/44M2101492_7_19.jpg,/trinity/home/m.romanov/benchmarking/datasets/MIST_HER2/trainB/IHC/44M2101492_7_19.jpg
97M2100034,97M2100034_23_18,0,0,2,/trinity/home/m.romanov/benchmarking/datasets/MIST_HER2/trainA/HE/97M2100034_23_18.jpg,/trinity/home/m.romanov/benchmarking/datasets/MIST_HER2/trainB/IHC/97M2100034_23_18.jpg
28M2101987,28M2101987_17_30,0,0,2,/trinity/home/m.romanov/benchmarking/datasets/MIST_HER2/trainA/HE/28M2101987_17_30.jpg,/trinity/home/m.romanov/benchmarking/datasets/MIST_HER2/trainB/IHC/28M2101987_17_30.jpg
4M2103059,4M2103059_7_11,0,0,2,/trinity/home/m.romanov/benchmarking/datasets/MIST_HER2/trainA/HE/4M2103059_7_11.jpg,/trinity/home/m.romanov/benchmarking/datasets/MIST_HER2/trainB/IHC/4M2103059_7_11.jpg
35M2101733,35M2101733_1_14,0,0,2,/trinity/home/m.romanov/benchmarking/datasets/MIST_HER2/trainA/HE/35M2101733_1_14.jpg,/trinity/home/m.romanov/benchmarking/datasets/MIST_HER2/trainB/IHC/35M2101733_1_14.jpg
48M2101314,48M2101314_31_17,0,0,2,/trinity/home/m.romanov/benchmarking/datasets/MIST_HER2/trainA/HE/48M2101314_31_17.jpg,/trinity/home/m.romanov/benchmarking/datasets/MIST_HER2/trainB/IHC/48M2101314_31_17.jpg
4M2103059,4M2103059_21_15,0,0,2,/trinity/home/m.romanov/benchmarking/datasets/MIST_HER2/trainA/HE/4M2103059_21_15.jpg,/trinity/home/m.romanov/benchmarking/datasets/MIST_HER2/trainB/IHC/4M2103059_21_15.jpg
67M2100642,67M2100642_6_17,0,0,2,/trinity/home/m.romanov/benchmarking/datasets/MIST_HER2/trainA/HE/67M2100642_6_17.jpg,/trinity/home/m.romanov/benchmarking/datasets/MIST_HER2/trainB/IHC/67M2100642_6_17.jpg
16M2102718,16M2102718_13_22,0,0,2,/trinity/home/m.romanov/benchmarking/datasets/MIST_HER2/trainA/HE/16M2102718_13_22.jpg,/trinity/home/m.romanov/benchmarking/datasets/MIST_HER2/trainB/IHC/16M2102718_13_22.jpg
51M2101285,51M2101285_26_17,0,0,2,/trinity/home/m.romanov/benchmarking/datasets/MIST_HER2/trainA/HE/51M2101285_26_17.jpg,/trinity/home/m.romanov/benchmarking/datasets/MIST_HER2/trainB/IHC/51M2101285_26_17.jpg
68M2100640,68M2100640_6_28,0,0,2,/trinity/home/m.romanov/benchmarking/datasets/MIST_HER2/trainA/HE/68M2100640_6_28.jpg,/trinity/home/m.romanov/benchmarking/datasets/MIST_HER2/trainB/IHC/68M2100640_6_28.jpg
28M2101987,28M2101987_38_12,0,0,2,/trinity/home/m.romanov/benchmarking/datasets/MIST_HER2/trainA/HE/28M2101987_38_12.jpg,/trinity/home/m.romanov/benchmarking/datasets/MIST_HER2/trainB/IHC/28M2101987_38_12.jpg
81M2100356,81M2100356_19_36,0,0,2,/trinity/home/m.romanov/benchmarking/datasets/MIST_HER2/trainA/HE/81M2100356_19_36.jpg,/trinity/home/m.romanov/benchmarking/datasets/MIST_HER2/trainB/IHC/81M2100356_19_36.jpg
35M2101733,35M2101733_7_14,0,0,2,/trinity/home/m.romanov/benchmarking/datasets/MIST_HER2/trainA/HE/35M2101733_7_14.jpg,/trinity/home/m.romanov/benchmarking/datasets/MIST_HER2/trainB/IHC/35M2101733_7_14.jpg
57M2101034,57M2101034_29_16,0,0,2,/trinity/home/m.romanov/benchmarking/datasets/MIST_HER2/trainA/HE/57M2101034_29_16.jpg,/trinity/home/m.romanov/benchmarking/datasets/MIST_HER2/trainB/IHC/57M2101034_29_16.jpg
6M2103024,6M2103024_22_15,0,0,2,/trinity/home/m.romanov/benchmarking/datasets/MIST_HER2/trainA/HE/6M2103024_22_15.jpg,/trinity/home/m.romanov/benchmarking/datasets/MIST_HER2/trainB/IHC/6M2103024_22_15.jpg
39M2101576,39M2101576_34_13,0,0,2,/trinity/home/m.romanov/benchmarking/datasets/MIST_HER2/trainA/HE/39M2101576_34_13.jpg,/trinity/home/m.romanov/benchmarking/datasets/MIST_HER2/trainB/IHC/39M2101576_34_13.jpg
60M2100980,60M2100980_36_22,0,0,2,/trinity/home/m.romanov/benchmarking/datasets/MIST_HER2/trainA/HE/60M2100980_36_22.jpg,/trinity/home/m.romanov/benchmarking/datasets/MIST_HER2/trainB/IHC/60M2100980_36_22.jpg
75M2100521,75M2100521_24_13,0,0,2,/trinity/home/m.romanov/benchmarking/datasets/MIST_HER2/trainA/HE/75M2100521_24_13.jpg,/trinity/home/m.romanov/benchmarking/datasets/MIST_HER2/trainB/IHC/75M2100521_24_13.jpg
50M2101298,50M2101298_10_14,0,0,2,/trinity/home/m.romanov/benchmarking/datasets/MIST_HER2/trainA/HE/50M2101298_10_14.jpg,/trinity/home/m.romanov/benchmarking/datasets/MIST_HER2/trainB/IHC/50M2101298_10_14.jpg
67M2100642,67M2100642_25_22,0,0,2,/trinity/home/m.romanov/benchmarking/datasets/MIST_HER2/trainA/HE/67M2100642_25_22.jpg,/trinity/home/m.romanov/benchmarking/datasets/MIST_HER2/trainB/IHC/67M2100642_25_22.jpg
68M2100640,68M2100640_5_16,0,0,2,/trinity/home/m.romanov/benchmarking/datasets/MIST_HER2/trainA/HE/68M2100640_5_16.jpg,/trinity/home/m.romanov/benchmarking/datasets/MIST_HER2/trainB/IHC/68M2100640_5_16.jpg
68M2100640,68M2100640_14_14,0,0,2,/trinity/home/m.romanov/benchmarking/datasets/MIST_HER2/trainA/HE/68M2100640_14_14.jpg,/trinity/home/m.romanov/benchmarking/datasets/MIST_HER2/trainB/IHC/68M2100640_14_14.jpg
69M2100632,69M2100632_30_13,0,0,2,/trinity/home/m.romanov/benchmarking/datasets/MIST_HER2/trainA/HE/69M2100632_30_13.jpg,/trinity/home/m.romanov/benchmarking/datasets/MIST_HER2/trainB/IHC/69M2100632_30_13.jpg
4M2103059,4M2103059_12_9,0,0,2,/trinity/home/m.romanov/benchmarking/datasets/MIST_HER2/trainA/HE/4M2103059_12_9.jpg,/trinity/home/m.romanov/benchmarking/datasets/MIST_HER2/trainB/IHC/4M2103059_12_9.jpg
75M2100521,75M2100521_24_15,0,0,2,/trinity/home/m.romanov/benchmarking/datasets/MIST_HER2/trainA/HE/75M2100521_24_15.jpg,/trinity/home/m.romanov/benchmarking/datasets/MIST_HER2/trainB/IHC/75M2100521_24_15.jpg
47M2101316,47M2101316_22_14,0,0,2,/trinity/home/m.romanov/benchmarking/datasets/MIST_HER2/trainA/HE/47M2101316_22_14.jpg,/trinity/home/m.romanov/benchmarking/datasets/MIST_HER2/trainB/IHC/47M2101316_22_14.jpg
27M2102007,27M2102007_8_24,0,0,2,/trinity/home/m.romanov/benchmarking/datasets/MIST_HER2/trainA/HE/27M2102007_8_24.jpg,/trinity/home/m.romanov/benchmarking/datasets/MIST_HER2/trainB/IHC/27M2102007_8_24.jpg
30M2101953,30M2101953_9_6,0,0,2,/trinity/home/m.romanov/benchmarking/datasets/MIST_HER2/trainA/HE/30M2101953_9_6.jpg,/trinity/home/m.romanov/benchmarking/datasets/MIST_HER2/trainB/IHC/30M2101953_9_6.jpg
10M2102916,10M2102916_38_14,0,0,2,/trinity/home/m.romanov/benchmarking/datasets/MIST_HER2/trainA/HE/10M2102916_38_14.jpg,/trinity/home/m.romanov/benchmarking/datasets/MIST_HER2/trainB/IHC/10M2102916_38_14.jpg
65M2100668,65M2100668_14_10,0,0,2,/trinity/home/m.romanov/benchmarking/datasets/MIST_HER2/trainA/HE/65M2100668_14_10.jpg,/trinity/home/m.romanov/benchmarking/datasets/MIST_HER2/trainB/IHC/65M2100668_14_10.jpg
70M2100623,70M2100623_42_14,0,0,2,/trinity/home/m.romanov/benchmarking/datasets/MIST_HER2/trainA/HE/70M2100623_42_14.jpg,/trinity/home/m.romanov/benchmarking/datasets/MIST_HER2/trainB/IHC/70M2100623_42_14.jpg
39M2101576,39M2101576_12_12,0,0,2,/trinity/home/m.romanov/benchmarking/datasets/MIST_HER2/trainA/HE/39M2101576_12_12.jpg,/trinity/home/m.romanov/benchmarking/datasets/MIST_HER2/trainB/IHC/39M2101576_12_12.jpg
19M2102438,19M2102438_31_25,0,0,2,/trinity/home/m.romanov/benchmarking/datasets/MIST_HER2/trainA/HE/19M2102438_31_25.jpg,/trinity/home/m.romanov/benchmarking/datasets/MIST_HER2/trainB/IHC/19M2102438_31_25.jpg
88M2100218,88M2100218_23_5,0,0,2,/trinity/home/m.romanov/benchmarking/datasets/MIST_HER2/trainA/HE/88M2100218_23_5.jpg,/trinity/home/m.romanov/benchmarking/datasets/MIST_HER2/trainB/IHC/88M2100218_23_5.jpg
97M2100034,97M2100034_24_7,0,0,2,/trinity/home/m.romanov/benchmarking/datasets/MIST_HER2/trainA/HE/97M2100034_24_7.jpg,/trinity/home/m.romanov/benchmarking/datasets/MIST_HER2/trainB/IHC/97M2100034_24_7.jpg
16M2102718,16M2102718_10_21,0,0,2,/trinity/home/m.romanov/benchmarking/datasets/MIST_HER2/trainA/HE/16M2102718_10_21.jpg,/trinity/home/m.romanov/benchmarking/datasets/MIST_HER2/trainB/IHC/16M2102718_10_21.jpg
75M2100521,75M2100521_23_21,0,0,2,/trinity/home/m.romanov/benchmarking/datasets/MIST_HER2/trainA/HE/75M2100521_23_21.jpg,/trinity/home/m.romanov/benchmarking/datasets/MIST_HER2/trainB/IHC/75M2100521_23_21.jpg
77M2100464,77M2100464_11_4,0,0,2,/trinity/home/m.romanov/benchmarking/datasets/MIST_HER2/trainA/HE/77M2100464_11_4.jpg,/trinity/home/m.romanov/benchmarking/datasets/MIST_HER2/trainB/IHC/77M2100464_11_4.jpg
59M2100987,59M2100987_15_10,0,0,2,/trinity/home/m.romanov/benchmarking/datasets/MIST_HER2/trainA/HE/59M2100987_15_10.jpg,/trinity/home/m.romanov/benchmarking/datasets/MIST_HER2/trainB/IHC/59M2100987_15_10.jpg
74M2100526,74M2100526_16_13,0,0,2,/trinity/home/m.romanov/benchmarking/datasets/MIST_HER2/trainA/HE/74M2100526_16_13.jpg,/trinity/home/m.romanov/benchmarking/datasets/MIST_HER2/trainB/IHC/74M2100526_16_13.jpg
92M2100150,92M2100150_15_25,0,0,2,/trinity/home/m.romanov/benchmarking/datasets/MIST_HER2/trainA/HE/92M2100150_15_25.jpg,/trinity/home/m.romanov/benchmarking/datasets/MIST_HER2/trainB/IHC/92M2100150_15_25.jpg
67M2100642,67M2100642_10_18,0,0,2,/trinity/home/m.romanov/benchmarking/datasets/MIST_HER2/trainA/HE/67M2100642_10_18.jpg,/trinity/home/m.romanov/benchmarking/datasets/MIST_HER2/trainB/IHC/67M2100642_10_18.jpg
65M2100668,65M2100668_31_7,0,0,2,/trinity/home/m.romanov/benchmarking/datasets/MIST_HER2/trainA/HE/65M2100668_31_7.jpg,/trinity/home/m.romanov/benchmarking/datasets/MIST_HER2/trainB/IHC/65M2100668_31_7.jpg
28M2101987,28M2101987_11_24,0,0,2,/trinity/home/m.romanov/benchmarking/datasets/MIST_HER2/trainA/HE/28M2101987_11_24.jpg,/trinity/home/m.romanov/benchmarking/datasets/MIST_HER2/trainB/IHC/28M2101987_11_24.jpg
56M2101083,56M2101083_34_16,0,0,2,/trinity/home/m.romanov/benchmarking/datasets/MIST_HER2/trainA/HE/56M2101083_34_16.jpg,/trinity/home/m.romanov/benchmarking/datasets/MIST_HER2/trainB/IHC/56M2101083_34_16.jpg
31M2101871,31M2101871_7_17,0,0,2,/trinity/home/m.romanov/benchmarking/datasets/MIST_HER2/trainA/HE/31M2101871_7_17.jpg,/trinity/home/m.romanov/benchmarking/datasets/MIST_HER2/trainB/IHC/31M2101871_7_17.jpg
53M2101258,53M2101258_30_31,0,0,2,/trinity/home/m.romanov/benchmarking/datasets/MIST_HER2/trainA/HE/53M2101258_30_31.jpg,/trinity/home/m.romanov/benchmarking/datasets/MIST_HER2/trainB/IHC/53M2101258_30_31.jpg
65M2100668,65M2100668_15_8,0,0,2,/trinity/home/m.romanov/benchmarking/datasets/MIST_HER2/trainA/HE/65M2100668_15_8.jpg,/trinity/home/m.romanov/benchmarking/datasets/MIST_HER2/trainB/IHC/65M2100668_15_8.jpg
92M2100150,92M2100150_12_19,0,0,2,/trinity/home/m.romanov/benchmarking/datasets/MIST_HER2/trainA/HE/92M2100150_12_19.jpg,/trinity/home/m.romanov/benchmarking/datasets/MIST_HER2/trainB/IHC/92M2100150_12_19.jpg
69M2100632,69M2100632_12_23,0,0,2,/trinity/home/m.romanov/benchmarking/datasets/MIST_HER2/trainA/HE/69M2100632_12_23.jpg,/trinity/home/m.romanov/benchmarking/datasets/MIST_HER2/trainB/IHC/69M2100632_12_23.jpg
33M2101839,33M2101839_9_5,0,0,2,/trinity/home/m.romanov/benchmarking/datasets/MIST_HER2/trainA/HE/33M2101839_9_5.jpg,/trinity/home/m.romanov/benchmarking/datasets/MIST_HER2/trainB/IHC/33M2101839_9_5.jpg
94M2100142,94M2100142_15_14,0,0,2,/trinity/home/m.romanov/benchmarking/datasets/MIST_HER2/trainA/HE/94M2100142_15_14.jpg,/trinity/home/m.romanov/benchmarking/datasets/MIST_HER2/trainB/IHC/94M2100142_15_14.jpg
69M2100632,69M2100632_29_14,0,0,2,/trinity/home/m.romanov/benchmarking/datasets/MIST_HER2/trainA/HE/69M2100632_29_14.jpg,/trinity/home/m.romanov/benchmarking/datasets/MIST_HER2/trainB/IHC/69M2100632_29_14.jpg
48M2101314,48M2101314_5_17,0,0,2,/trinity/home/m.romanov/benchmarking/datasets/MIST_HER2/trainA/HE/48M2101314_5_17.jpg,/trinity/home/m.romanov/benchmarking/datasets/MIST_HER2/trainB/IHC/48M2101314_5_17.jpg
33M2101839,33M2101839_7_12,0,0,2,/trinity/home/m.romanov/benchmarking/datasets/MIST_HER2/trainA/HE/33M2101839_7_12.jpg,/trinity/home/m.romanov/benchmarking/datasets/MIST_HER2/trainB/IHC/33M2101839_7_12.jpg
69M2100632,69M2100632_19_6,0,0,2,/trinity/home/m.romanov/benchmarking/datasets/MIST_HER2/trainA/HE/69M2100632_19_6.jpg,/trinity/home/m.romanov/benchmarking/datasets/MIST_HER2/trainB/IHC/69M2100632_19_6.jpg
58M2100997,58M2100997_15_12,0,0,2,/trinity/home/m.romanov/benchmarking/datasets/MIST_HER2/trainA/HE/58M2100997_15_12.jpg,/trinity/home/m.romanov/benchmarking/datasets/MIST_HER2/trainB/IHC/58M2100997_15_12.jpg
2M2103108,2M2103108_20_26,0,0,2,/trinity/home/m.romanov/benchmarking/datasets/MIST_HER2/trainA/HE/2M2103108_20_26.jpg,/trinity/home/m.romanov/benchmarking/datasets/MIST_HER2/trainB/IHC/2M2103108_20_26.jpg
59M2100987,59M2100987_15_8,0,0,2,/trinity/home/m.romanov/benchmarking/datasets/MIST_HER2/trainA/HE/59M2100987_15_8.jpg,/trinity/home/m.romanov/benchmarking/datasets/MIST_HER2/trainB/IHC/59M2100987_15_8.jpg
54M2101205,54M2101205_9_11,0,0,2,/trinity/home/m.romanov/benchmarking/datasets/MIST_HER2/trainA/HE/54M2101205_9_11.jpg,/trinity/home/m.romanov/benchmarking/datasets/MIST_HER2/trainB/IHC/54M2101205_9_11.jpg
89M2100212,89M2100212_1_19,0,0,2,/trinity/home/m.romanov/benchmarking/datasets/MIST_HER2/trainA/HE/89M2100212_1_19.jpg,/trinity/home/m.romanov/benchmarking/datasets/MIST_HER2/trainB/IHC/89M2100212_1_19.jpg
51M2101285,51M2101285_26_14,0,0,2,/trinity/home/m.romanov/benchmarking/datasets/MIST_HER2/trainA/HE/51M2101285_26_14.jpg,/trinity/home/m.romanov/benchmarking/datasets/MIST_HER2/trainB/IHC/51M2101285_26_14.jpg
30M2101953,30M2101953_8_9,0,0,2,/trinity/home/m.romanov/benchmarking/datasets/MIST_HER2/trainA/HE/30M2101953_8_9.jpg,/trinity/home/m.romanov/benchmarking/datasets/MIST_HER2/trainB/IHC/30M2101953_8_9.jpg
88M2100218,88M2100218_29_19,0,0,2,/trinity/home/m.romanov/benchmarking/datasets/MIST_HER2/trainA/HE/88M2100218_29_19.jpg,/trinity/home/m.romanov/benchmarking/datasets/MIST_HER2/trainB/IHC/88M2100218_29_19.jpg
83M2100256,83M2100256_12_15,0,0,2,/trinity/home/m.romanov/benchmarking/datasets/MIST_HER2/trainA/HE/83M2100256_12_15.jpg,/trinity/home/m.romanov/benchmarking/datasets/MIST_HER2/trainB/IHC/83M2100256_12_15.jpg
76M2100485,76M2100485_23_15,0,0,2,/trinity/home/m.romanov/benchmarking/datasets/MIST_HER2/trainA/HE/76M2100485_23_15.jpg,/trinity/home/m.romanov/benchmarking/datasets/MIST_HER2/trainB/IHC/76M2100485_23_15.jpg
77M2100464,77M2100464_25_29,0,0,2,/trinity/home/m.romanov/benchmarking/datasets/MIST_HER2/trainA/HE/77M2100464_25_29.jpg,/trinity/home/m.romanov/benchmarking/datasets/MIST_HER2/trainB/IHC/77M2100464_25_29.jpg
56M2101083,56M2101083_22_6,0,0,2,/trinity/home/m.romanov/benchmarking/datasets/MIST_HER2/trainA/HE/56M2101083_22_6.jpg,/trinity/home/m.romanov/benchmarking/datasets/MIST_HER2/trainB/IHC/56M2101083_22_6.jpg
58M2100997,58M2100997_23_22,0,0,2,/trinity/home/m.romanov/benchmarking/datasets/MIST_HER2/trainA/HE/58M2100997_23_22.jpg,/trinity/home/m.romanov/benchmarking/datasets/MIST_HER2/trainB/IHC/58M2100997_23_22.jpg
25M2102060,25M2102060_16_22,0,0,2,/trinity/home/m.romanov/benchmarking/datasets/MIST_HER2/trainA/HE/25M2102060_16_22.jpg,/trinity/home/m.romanov/benchmarking/datasets/MIST_HER2/trainB/IHC/25M2102060_16_22.jpg
47M2101316,47M2101316_10_26,0,0,2,/trinity/home/m.romanov/benchmarking/datasets/MIST_HER2/trainA/HE/47M2101316_10_26.jpg,/trinity/home/m.romanov/benchmarking/datasets/MIST_HER2/trainB/IHC/47M2101316_10_26.jpg
15M2102762,15M2102762_15_14,0,0,2,/trinity/home/m.romanov/benchmarking/datasets/MIST_HER2/trainA/HE/15M2102762_15_14.jpg,/trinity/home/m.romanov/benchmarking/datasets/MIST_HER2/trainB/IHC/15M2102762_15_14.jpg
48M2101314,48M2101314_6_32,0,0,2,/trinity/home/m.romanov/benchmarking/datasets/MIST_HER2/trainA/HE/48M2101314_6_32.jpg,/trinity/home/m.romanov/benchmarking/datasets/MIST_HER2/trainB/IHC/48M2101314_6_32.jpg
76M2100485,76M2100485_2_19,0,0,2,/trinity/home/m.romanov/benchmarking/datasets/MIST_HER2/trainA/HE/76M2100485_2_19.jpg,/trinity/home/m.romanov/benchmarking/datasets/MIST_HER2/trainB/IHC/76M2100485_2_19.jpg
16M2102718,16M2102718_29_27,0,0,2,/trinity/home/m.romanov/benchmarking/datasets/MIST_HER2/trainA/HE/16M2102718_29_27.jpg,/trinity/home/m.romanov/benchmarking/datasets/MIST_HER2/trainB/IHC/16M2102718_29_27.jpg
68M2100640,68M2100640_32_19,0,0,2,/trinity/home/m.romanov/benchmarking/datasets/MIST_HER2/trainA/HE/68M2100640_32_19.jpg,/trinity/home/m.romanov/benchmarking/datasets/MIST_HER2/trainB/IHC/68M2100640_32_19.jpg
70M2100623,70M2100623_29_11,0,0,2,/trinity/home/m.romanov/benchmarking/datasets/MIST_HER2/trainA/HE/70M2100623_29_11.jpg,/trinity/home/m.romanov/benchmarking/datasets/MIST_HER2/trainB/IHC/70M2100623_29_11.jpg
94M2100142,94M2100142_22_15,0,0,2,/trinity/home/m.romanov/benchmarking/datasets/MIST_HER2/trainA/HE/94M2100142_22_15.jpg,/trinity/home/m.romanov/benchmarking/datasets/MIST_HER2/trainB/IHC/94M2100142_22_15.jpg
40M2101566,40M2101566_20_0,0,0,2,/trinity/home/m.romanov/benchmarking/datasets/MIST_HER2/trainA/HE/40M2101566_20_0.jpg,/trinity/home/m.romanov/benchmarking/datasets/MIST_HER2/trainB/IHC/40M2101566_20_0.jpg
46M2101353,46M2101353_27_29,0,0,2,/trinity/home/m.romanov/benchmarking/datasets/MIST_HER2/trainA/HE/46M2101353_27_29.jpg,/trinity/home/m.romanov/benchmarking/datasets/MIST_HER2/trainB/IHC/46M2101353_27_29.jpg
19M2102438,19M2102438_34_20,0,0,2,/trinity/home/m.romanov/benchmarking/datasets/MIST_HER2/trainA/HE/19M2102438_34_20.jpg,/trinity/home/m.romanov/benchmarking/datasets/MIST_HER2/trainB/IHC/19M2102438_34_20.jpg
79M2100417,79M2100417_18_11,0,0,2,/trinity/home/m.romanov/benchmarking/datasets/MIST_HER2/trainA/HE/79M2100417_18_11.jpg,/trinity/home/m.romanov/benchmarking/datasets/MIST_HER2/trainB/IHC/79M2100417_18_11.jpg
56M2101083,56M2101083_18_21,0,0,2,/trinity/home/m.romanov/benchmarking/datasets/MIST_HER2/trainA/HE/56M2101083_18_21.jpg,/trinity/home/m.romanov/benchmarking/datasets/MIST_HER2/trainB/IHC/56M2101083_18_21.jpg
2M2103108,2M2103108_15_23,0,0,2,/trinity/home/m.romanov/benchmarking/datasets/MIST_HER2/trainA/HE/2M2103108_15_23.jpg,/trinity/home/m.romanov/benchmarking/datasets/MIST_HER2/trainB/IHC/2M2103108_15_23.jpg
52M2101275,52M2101275_10_10,0,0,2,/trinity/home/m.romanov/benchmarking/datasets/MIST_HER2/trainA/HE/52M2101275_10_10.jpg,/trinity/home/m.romanov/benchmarking/datasets/MIST_HER2/trainB/IHC/52M2101275_10_10.jpg
75M2100521,75M2100521_26_8,0,0,2,/trinity/home/m.romanov/benchmarking/datasets/MIST_HER2/trainA/HE/75M2100521_26_8.jpg,/trinity/home/m.romanov/benchmarking/datasets/MIST_HER2/trainB/IHC/75M2100521_26_8.jpg
4M2103059,4M2103059_18_10,0,0,2,/trinity/home/m.romanov/benchmarking/datasets/MIST_HER2/trainA/HE/4M2103059_18_10.jpg,/trinity/home/m.romanov/benchmarking/datasets/MIST_HER2/trainB/IHC/4M2103059_18_10.jpg
16M2102718,16M2102718_11_25,0,0,2,/trinity/home/m.romanov/benchmarking/datasets/MIST_HER2/trainA/HE/16M2102718_11_25.jpg,/trinity/home/m.romanov/benchmarking/datasets/MIST_HER2/trainB/IHC/16M2102718_11_25.jpg
75M2100521,75M2100521_27_7,0,0,2,/trinity/home/m.romanov/benchmarking/datasets/MIST_HER2/trainA/HE/75M2100521_27_7.jpg,/trinity/home/m.romanov/benchmarking/datasets/MIST_HER2/trainB/IHC/75M2100521_27_7.jpg
14M2102785,14M2102785_18_5,0,0,2,/trinity/home/m.romanov/benchmarking/datasets/MIST_HER2/trainA/HE/14M2102785_18_5.jpg,/trinity/home/m.romanov/benchmarking/datasets/MIST_HER2/trainB/IHC/14M2102785_18_5.jpg
50M2101298,50M2101298_11_13,0,0,2,/trinity/home/m.romanov/benchmarking/datasets/MIST_HER2/trainA/HE/50M2101298_11_13.jpg,/trinity/home/m.romanov/benchmarking/datasets/MIST_HER2/trainB/IHC/50M2101298_11_13.jpg
59M2100987,59M2100987_23_23,0,0,2,/trinity/home/m.romanov/benchmarking/datasets/MIST_HER2/trainA/HE/59M2100987_23_23.jpg,/trinity/home/m.romanov/benchmarking/datasets/MIST_HER2/trainB/IHC/59M2100987_23_23.jpg
93M2100147,93M2100147_16_14,0,0,2,/trinity/home/m.romanov/benchmarking/datasets/MIST_HER2/trainA/HE/93M2100147_16_14.jpg,/trinity/home/m.romanov/benchmarking/datasets/MIST_HER2/trainB/IHC/93M2100147_16_14.jpg
46M2101353,46M2101353_19_15,0,0,2,/trinity/home/m.romanov/benchmarking/datasets/MIST_HER2/trainA/HE/46M2101353_19_15.jpg,/trinity/home/m.romanov/benchmarking/datasets/MIST_HER2/trainB/IHC/46M2101353_19_15.jpg
54M2101205,54M2101205_22_14,0,0,2,/trinity/home/m.romanov/benchmarking/datasets/MIST_HER2/trainA/HE/54M2101205_22_14.jpg,/trinity/home/m.romanov/benchmarking/datasets/MIST_HER2/trainB/IHC/54M2101205_22_14.jpg
4M2103059,4M2103059_21_7,0,0,2,/trinity/home/m.romanov/benchmarking/datasets/MIST_HER2/trainA/HE/4M2103059_21_7.jpg,/trinity/home/m.romanov/benchmarking/datasets/MIST_HER2/trainB/IHC/4M2103059_21_7.jpg
48M2101314,48M2101314_3_23,0,0,2,/trinity/home/m.romanov/benchmarking/datasets/MIST_HER2/trainA/HE/48M2101314_3_23.jpg,/trinity/home/m.romanov/benchmarking/datasets/MIST_HER2/trainB/IHC/48M2101314_3_23.jpg
39M2101576,39M2101576_15_33,0,0,2,/trinity/home/m.romanov/benchmarking/datasets/MIST_HER2/trainA/HE/39M2101576_15_33.jpg,/trinity/home/m.romanov/benchmarking/datasets/MIST_HER2/trainB/IHC/39M2101576_15_33.jpg
94M2100142,94M2100142_12_18,0,0,2,/trinity/home/m.romanov/benchmarking/datasets/MIST_HER2/trainA/HE/94M2100142_12_18.jpg,/trinity/home/m.romanov/benchmarking/datasets/MIST_HER2/trainB/IHC/94M2100142_12_18.jpg
31M2101871,31M2101871_10_15,0,0,2,/trinity/home/m.romanov/benchmarking/datasets/MIST_HER2/trainA/HE/31M2101871_10_15.jpg,/trinity/home/m.romanov/benchmarking/datasets/MIST_HER2/trainB/IHC/31M2101871_10_15.jpg
57M2101034,57M2101034_20_6,0,0,2,/trinity/home/m.romanov/benchmarking/datasets/MIST_HER2/trainA/HE/57M2101034_20_6.jpg,/trinity/home/m.romanov/benchmarking/datasets/MIST_HER2/trainB/IHC/57M2101034_20_6.jpg
25M2102060,25M2102060_28_26,0,0,2,/trinity/home/m.romanov/benchmarking/datasets/MIST_HER2/trainA/HE/25M2102060_28_26.jpg,/trinity/home/m.romanov/benchmarking/datasets/MIST_HER2/trainB/IHC/25M2102060_28_26.jpg
59M2100987,59M2100987_32_7,0,0,2,/trinity/home/m.romanov/benchmarking/datasets/MIST_HER2/trainA/HE/59M2100987_32_7.jpg,/trinity/home/m.romanov/benchmarking/datasets/MIST_HER2/trainB/IHC/59M2100987_32_7.jpg
23M2102136,23M2102136_26_14,0,0,2,/trinity/home/m.romanov/benchmarking/datasets/MIST_HER2/trainA/HE/23M2102136_26_14.jpg,/trinity/home/m.romanov/benchmarking/datasets/MIST_HER2/trainB/IHC/23M2102136_26_14.jpg
14M2102785,14M2102785_28_10,0,0,2,/trinity/home/m.romanov/benchmarking/datasets/MIST_HER2/trainA/HE/14M2102785_28_10.jpg,/trinity/home/m.romanov/benchmarking/datasets/MIST_HER2/trainB/IHC/14M2102785_28_10.jpg
4M2103059,4M2103059_25_15,0,0,2,/trinity/home/m.romanov/benchmarking/datasets/MIST_HER2/trainA/HE/4M2103059_25_15.jpg,/trinity/home/m.romanov/benchmarking/datasets/MIST_HER2/trainB/IHC/4M2103059_25_15.jpg
22M2102266,22M2102266_15_22,0,0,2,/trinity/home/m.romanov/benchmarking/datasets/MIST_HER2/trainA/HE/22M2102266_15_22.jpg,/trinity/home/m.romanov/benchmarking/datasets/MIST_HER2/trainB/IHC/22M2102266_15_22.jpg
94M2100142,94M2100142_13_9,0,0,2,/trinity/home/m.romanov/benchmarking/datasets/MIST_HER2/trainA/HE/94M2100142_13_9.jpg,/trinity/home/m.romanov/benchmarking/datasets/MIST_HER2/trainB/IHC/94M2100142_13_9.jpg
44M2101492,44M2101492_26_27,0,0,2,/trinity/home/m.romanov/benchmarking/datasets/MIST_HER2/trainA/HE/44M2101492_26_27.jpg,/trinity/home/m.romanov/benchmarking/datasets/MIST_HER2/trainB/IHC/44M2101492_26_27.jpg
68M2100640,68M2100640_4_17,0,0,2,/trinity/home/m.romanov/benchmarking/datasets/MIST_HER2/trainA/HE/68M2100640_4_17.jpg,/trinity/home/m.romanov/benchmarking/datasets/MIST_HER2/trainB/IHC/68M2100640_4_17.jpg
92M2100150,92M2100150_3_36,0,0,2,/trinity/home/m.romanov/benchmarking/datasets/MIST_HER2/trainA/HE/92M2100150_3_36.jpg,/trinity/home/m.romanov/benchmarking/datasets/MIST_HER2/trainB/IHC/92M2100150_3_36.jpg
25M2102060,25M2102060_11_11,0,0,2,/trinity/home/m.romanov/benchmarking/datasets/MIST_HER2/trainA/HE/25M2102060_11_11.jpg,/trinity/home/m.romanov/benchmarking/datasets/MIST_HER2/trainB/IHC/25M2102060_11_11.jpg
14M2102785,14M2102785_24_12,0,0,2,/trinity/home/m.romanov/benchmarking/datasets/MIST_HER2/trainA/HE/14M2102785_24_12.jpg,/trinity/home/m.romanov/benchmarking/datasets/MIST_HER2/trainB/IHC/14M2102785_24_12.jpg
81M2100356,81M2100356_10_13,0,0,2,/trinity/home/m.romanov/benchmarking/datasets/MIST_HER2/trainA/HE/81M2100356_10_13.jpg,/trinity/home/m.romanov/benchmarking/datasets/MIST_HER2/trainB/IHC/81M2100356_10_13.jpg
10M2102916,10M2102916_11_9,0,0,2,/trinity/home/m.romanov/benchmarking/datasets/MIST_HER2/trainA/HE/10M2102916_11_9.jpg,/trinity/home/m.romanov/benchmarking/datasets/MIST_HER2/trainB/IHC/10M2102916_11_9.jpg
70M2100623,70M2100623_36_16,0,0,2,/trinity/home/m.romanov/benchmarking/datasets/MIST_HER2/trainA/HE/70M2100623_36_16.jpg,/trinity/home/m.romanov/benchmarking/datasets/MIST_HER2/trainB/IHC/70M2100623_36_16.jpg
30M2101953,30M2101953_19_16,0,0,2,/trinity/home/m.romanov/benchmarking/datasets/MIST_HER2/trainA/HE/30M2101953_19_16.jpg,/trinity/home/m.romanov/benchmarking/datasets/MIST_HER2/trainB/IHC/30M2101953_19_16.jpg
16M2102718,16M2102718_13_19,0,0,2,/trinity/home/m.romanov/benchmarking/datasets/MIST_HER2/trainA/HE/16M2102718_13_19.jpg,/trinity/home/m.romanov/benchmarking/datasets/MIST_HER2/trainB/IHC/16M2102718_13_19.jpg
77M2100464,77M2100464_4_14,0,0,2,/trinity/home/m.romanov/benchmarking/datasets/MIST_HER2/trainA/HE/77M2100464_4_14.jpg,/trinity/home/m.romanov/benchmarking/datasets/MIST_HER2/trainB/IHC/77M2100464_4_14.jpg
80M2100377,80M2100377_14_25,0,0,2,/trinity/home/m.romanov/benchmarking/datasets/MIST_HER2/trainA/HE/80M2100377_14_25.jpg,/trinity/home/m.romanov/benchmarking/datasets/MIST_HER2/trainB/IHC/80M2100377_14_25.jpg
31M2101871,31M2101871_37_12,0,0,2,/trinity/home/m.romanov/benchmarking/datasets/MIST_HER2/trainA/HE/31M2101871_37_12.jpg,/trinity/home/m.romanov/benchmarking/datasets/MIST_HER2/trainB/IHC/31M2101871_37_12.jpg
16M2102718,16M2102718_14_22,0,0,2,/trinity/home/m.romanov/benchmarking/datasets/MIST_HER2/trainA/HE/16M2102718_14_22.jpg,/trinity/home/m.romanov/benchmarking/datasets/MIST_HER2/trainB/IHC/16M2102718_14_22.jpg
62M2100915,62M2100915_18_30,0,0,2,/trinity/home/m.romanov/benchmarking/datasets/MIST_HER2/trainA/HE/62M2100915_18_30.jpg,/trinity/home/m.romanov/benchmarking/datasets/MIST_HER2/trainB/IHC/62M2100915_18_30.jpg
39M2101576,39M2101576_34_15,0,0,2,/trinity/home/m.romanov/benchmarking/datasets/MIST_HER2/trainA/HE/39M2101576_34_15.jpg,/trinity/home/m.romanov/benchmarking/datasets/MIST_HER2/trainB/IHC/39M2101576_34_15.jpg
93M2100147,93M2100147_4_17,0,0,2,/trinity/home/m.romanov/benchmarking/datasets/MIST_HER2/trainA/HE/93M2100147_4_17.jpg,/trinity/home/m.romanov/benchmarking/datasets/MIST_HER2/trainB/IHC/93M2100147_4_17.jpg
48M2101314,48M2101314_4_19,0,0,2,/trinity/home/m.romanov/benchmarking/datasets/MIST_HER2/trainA/HE/48M2101314_4_19.jpg,/trinity/home/m.romanov/benchmarking/datasets/MIST_HER2/trainB/IHC/48M2101314_4_19.jpg
57M2101034,57M2101034_19_18,0,0,2,/trinity/home/m.romanov/benchmarking/datasets/MIST_HER2/trainA/HE/57M2101034_19_18.jpg,/trinity/home/m.romanov/benchmarking/datasets/MIST_HER2/trainB/IHC/57M2101034_19_18.jpg
15M2102762,15M2102762_7_16,0,0,2,/trinity/home/m.romanov/benchmarking/datasets/MIST_HER2/trainA/HE/15M2102762_7_16.jpg,/trinity/home/m.romanov/benchmarking/datasets/MIST_HER2/trainB/IHC/15M2102762_7_16.jpg
47M2101316,47M2101316_9_26,0,0,2,/trinity/home/m.romanov/benchmarking/datasets/MIST_HER2/trainA/HE/47M2101316_9_26.jpg,/trinity/home/m.romanov/benchmarking/datasets/MIST_HER2/trainB/IHC/47M2101316_9_26.jpg
77M2100464,77M2100464_34_26,0,0,2,/trinity/home/m.romanov/benchmarking/datasets/MIST_HER2/trainA/HE/77M2100464_34_26.jpg,/trinity/home/m.romanov/benchmarking/datasets/MIST_HER2/trainB/IHC/77M2100464_34_26.jpg
68M2100640,68M2100640_22_9,0,0,2,/trinity/home/m.romanov/benchmarking/datasets/MIST_HER2/trainA/HE/68M2100640_22_9.jpg,/trinity/home/m.romanov/benchmarking/datasets/MIST_HER2/trainB/IHC/68M2100640_22_9.jpg
59M2100987,59M2100987_8_5,0,0,2,/trinity/home/m.romanov/benchmarking/datasets/MIST_HER2/trainA/HE/59M2100987_8_5.jpg,/trinity/home/m.romanov/benchmarking/datasets/MIST_HER2/trainB/IHC/59M2100987_8_5.jpg
100M2004069,100M2004069_17_11,0,0,2,/trinity/home/m.romanov/benchmarking/datasets/MIST_HER2/trainA/HE/100M2004069_17_11.jpg,/trinity/home/m.romanov/benchmarking/datasets/MIST_HER2/trainB/IHC/100M2004069_17_11.jpg
68M2100640,68M2100640_31_13,0,0,2,/trinity/home/m.romanov/benchmarking/datasets/MIST_HER2/trainA/HE/68M2100640_31_13.jpg,/trinity/home/m.romanov/benchmarking/datasets/MIST_HER2/trainB/IHC/68M2100640_31_13.jpg
4M2103059,4M2103059_23_15,0,0,2,/trinity/home/m.romanov/benchmarking/datasets/MIST_HER2/trainA/HE/4M2103059_23_15.jpg,/trinity/home/m.romanov/benchmarking/datasets/MIST_HER2/trainB/IHC/4M2103059_23_15.jpg
89M2100212,89M2100212_7_24,0,0,2,/trinity/home/m.romanov/benchmarking/datasets/MIST_HER2/trainA/HE/89M2100212_7_24.jpg,/trinity/home/m.romanov/benchmarking/datasets/MIST_HER2/trainB/IHC/89M2100212_7_24.jpg
16M2102718,16M2102718_17_28,0,0,2,/trinity/home/m.romanov/benchmarking/datasets/MIST_HER2/trainA/HE/16M2102718_17_28.jpg,/trinity/home/m.romanov/benchmarking/datasets/MIST_HER2/trainB/IHC/16M2102718_17_28.jpg
19M2102438,19M2102438_33_11,0,0,2,/trinity/home/m.romanov/benchmarking/datasets/MIST_HER2/trainA/HE/19M2102438_33_11.jpg,/trinity/home/m.romanov/benchmarking/datasets/MIST_HER2/trainB/IHC/19M2102438_33_11.jpg
47M2101316,47M2101316_12_30,0,0,2,/trinity/home/m.romanov/benchmarking/datasets/MIST_HER2/trainA/HE/47M2101316_12_30.jpg,/trinity/home/m.romanov/benchmarking/datasets/MIST_HER2/trainB/IHC/47M2101316_12_30.jpg
35M2101733,35M2101733_3_3,0,0,2,/trinity/home/m.romanov/benchmarking/datasets/MIST_HER2/trainA/HE/35M2101733_3_3.jpg,/trinity/home/m.romanov/benchmarking/datasets/MIST_HER2/trainB/IHC/35M2101733_3_3.jpg
59M2100987,59M2100987_38_29,0,0,2,/trinity/home/m.romanov/benchmarking/datasets/MIST_HER2/trainA/HE/59M2100987_38_29.jpg,/trinity/home/m.romanov/benchmarking/datasets/MIST_HER2/trainB/IHC/59M2100987_38_29.jpg
16M2102718,16M2102718_21_14,0,0,2,/trinity/home/m.romanov/benchmarking/datasets/MIST_HER2/trainA/HE/16M2102718_21_14.jpg,/trinity/home/m.romanov/benchmarking/datasets/MIST_HER2/trainB/IHC/16M2102718_21_14.jpg
25M2102060,25M2102060_25_23,0,0,2,/trinity/home/m.romanov/benchmarking/datasets/MIST_HER2/trainA/HE/25M2102060_25_23.jpg,/trinity/home/m.romanov/benchmarking/datasets/MIST_HER2/trainB/IHC/25M2102060_25_23.jpg
79M2100417,79M2100417_19_21,0,0,2,/trinity/home/m.romanov/benchmarking/datasets/MIST_HER2/trainA/HE/79M2100417_19_21.jpg,/trinity/home/m.romanov/benchmarking/datasets/MIST_HER2/trainB/IHC/79M2100417_19_21.jpg
47M2101316,47M2101316_21_15,0,0,2,/trinity/home/m.romanov/benchmarking/datasets/MIST_HER2/trainA/HE/47M2101316_21_15.jpg,/trinity/home/m.romanov/benchmarking/datasets/MIST_HER2/trainB/IHC/47M2101316_21_15.jpg
76M2100485,76M2100485_16_27,0,0,2,/trinity/home/m.romanov/benchmarking/datasets/MIST_HER2/trainA/HE/76M2100485_16_27.jpg,/trinity/home/m.romanov/benchmarking/datasets/MIST_HER2/trainB/IHC/76M2100485_16_27.jpg
65M2100668,65M2100668_13_19,0,0,2,/trinity/home/m.romanov/benchmarking/datasets/MIST_HER2/trainA/HE/65M2100668_13_19.jpg,/trinity/home/m.romanov/benchmarking/datasets/MIST_HER2/trainB/IHC/65M2100668_13_19.jpg
22M2102266,22M2102266_11_19,0,0,2,/trinity/home/m.romanov/benchmarking/datasets/MIST_HER2/trainA/HE/22M2102266_11_19.jpg,/trinity/home/m.romanov/benchmarking/datasets/MIST_HER2/trainB/IHC/22M2102266_11_19.jpg
6M2103024,6M2103024_9_22,0,0,2,/trinity/home/m.romanov/benchmarking/datasets/MIST_HER2/trainA/HE/6M2103024_9_22.jpg,/trinity/home/m.romanov/benchmarking/datasets/MIST_HER2/trainB/IHC/6M2103024_9_22.jpg
56M2101083,56M2101083_37_30,0,0,2,/trinity/home/m.romanov/benchmarking/datasets/MIST_HER2/trainA/HE/56M2101083_37_30.jpg,/trinity/home/m.romanov/benchmarking/datasets/MIST_HER2/trainB/IHC/56M2101083_37_30.jpg
56M2101083,56M2101083_30_21,0,0,2,/trinity/home/m.romanov/benchmarking/datasets/MIST_HER2/trainA/HE/56M2101083_30_21.jpg,/trinity/home/m.romanov/benchmarking/datasets/MIST_HER2/trainB/IHC/56M2101083_30_21.jpg
19M2102438,19M2102438_20_25,0,0,2,/trinity/home/m.romanov/benchmarking/datasets/MIST_HER2/trainA/HE/19M2102438_20_25.jpg,/trinity/home/m.romanov/benchmarking/datasets/MIST_HER2/trainB/IHC/19M2102438_20_25.jpg
40M2101566,40M2101566_24_22,0,0,2,/trinity/home/m.romanov/benchmarking/datasets/MIST_HER2/trainA/HE/40M2101566_24_22.jpg,/trinity/home/m.romanov/benchmarking/datasets/MIST_HER2/trainB/IHC/40M2101566_24_22.jpg
100M2004069,100M2004069_31_27,0,0,2,/trinity/home/m.romanov/benchmarking/datasets/MIST_HER2/trainA/HE/100M2004069_31_27.jpg,/trinity/home/m.romanov/benchmarking/datasets/MIST_HER2/trainB/IHC/100M2004069_31_27.jpg
77M2100464,77M2100464_21_25,0,0,2,/trinity/home/m.romanov/benchmarking/datasets/MIST_HER2/trainA/HE/77M2100464_21_25.jpg,/trinity/home/m.romanov/benchmarking/datasets/MIST_HER2/trainB/IHC/77M2100464_21_25.jpg
98M2004096,98M2004096_24_12,0,0,2,/trinity/home/m.romanov/benchmarking/datasets/MIST_HER2/trainA/HE/98M2004096_24_12.jpg,/trinity/home/m.romanov/benchmarking/datasets/MIST_HER2/trainB/IHC/98M2004096_24_12.jpg
91M2100173,91M2100173_12_18,0,0,2,/trinity/home/m.romanov/benchmarking/datasets/MIST_HER2/trainA/HE/91M2100173_12_18.jpg,/trinity/home/m.romanov/benchmarking/datasets/MIST_HER2/trainB/IHC/91M2100173_12_18.jpg
10M2102916,10M2102916_6_28,0,0,2,/trinity/home/m.romanov/benchmarking/datasets/MIST_HER2/trainA/HE/10M2102916_6_28.jpg,/trinity/home/m.romanov/benchmarking/datasets/MIST_HER2/trainB/IHC/10M2102916_6_28.jpg
39M2101576,39M2101576_17_10,0,0,2,/trinity/home/m.romanov/benchmarking/datasets/MIST_HER2/trainA/HE/39M2101576_17_10.jpg,/trinity/home/m.romanov/benchmarking/datasets/MIST_HER2/trainB/IHC/39M2101576_17_10.jpg
92M2100150,92M2100150_5_11,0,0,2,/trinity/home/m.romanov/benchmarking/datasets/MIST_HER2/trainA/HE/92M2100150_5_11.jpg,/trinity/home/m.romanov/benchmarking/datasets/MIST_HER2/trainB/IHC/92M2100150_5_11.jpg
45M2101377,45M2101377_24_11,0,0,2,/trinity/home/m.romanov/benchmarking/datasets/MIST_HER2/trainA/HE/45M2101377_24_11.jpg,/trinity/home/m.romanov/benchmarking/datasets/MIST_HER2/trainB/IHC/45M2101377_24_11.jpg
27M2102007,27M2102007_15_16,0,0,2,/trinity/home/m.romanov/benchmarking/datasets/MIST_HER2/trainA/HE/27M2102007_15_16.jpg,/trinity/home/m.romanov/benchmarking/datasets/MIST_HER2/trainB/IHC/27M2102007_15_16.jpg
31M2101871,31M2101871_29_13,0,0,2,/trinity/home/m.romanov/benchmarking/datasets/MIST_HER2/trainA/HE/31M2101871_29_13.jpg,/trinity/home/m.romanov/benchmarking/datasets/MIST_HER2/trainB/IHC/31M2101871_29_13.jpg
28M2101987,28M2101987_32_34,0,0,2,/trinity/home/m.romanov/benchmarking/datasets/MIST_HER2/trainA/HE/28M2101987_32_34.jpg,/trinity/home/m.romanov/benchmarking/datasets/MIST_HER2/trainB/IHC/28M2101987_32_34.jpg
91M2100173,91M2100173_22_23,0,0,2,/trinity/home/m.romanov/benchmarking/datasets/MIST_HER2/trainA/HE/91M2100173_22_23.jpg,/trinity/home/m.romanov/benchmarking/datasets/MIST_HER2/trainB/IHC/91M2100173_22_23.jpg
14M2102785,14M2102785_20_8,0,0,2,/trinity/home/m.romanov/benchmarking/datasets/MIST_HER2/trainA/HE/14M2102785_20_8.jpg,/trinity/home/m.romanov/benchmarking/datasets/MIST_HER2/trainB/IHC/14M2102785_20_8.jpg
39M2101576,39M2101576_23_7,0,0,2,/trinity/home/m.romanov/benchmarking/datasets/MIST_HER2/trainA/HE/39M2101576_23_7.jpg,/trinity/home/m.romanov/benchmarking/datasets/MIST_HER2/trainB/IHC/39M2101576_23_7.jpg
47M2101316,47M2101316_7_31,0,0,2,/trinity/home/m.romanov/benchmarking/datasets/MIST_HER2/trainA/HE/47M2101316_7_31.jpg,/trinity/home/m.romanov/benchmarking/datasets/MIST_HER2/trainB/IHC/47M2101316_7_31.jpg
31M2101871,31M2101871_10_13,0,0,2,/trinity/home/m.romanov/benchmarking/datasets/MIST_HER2/trainA/HE/31M2101871_10_13.jpg,/trinity/home/m.romanov/benchmarking/datasets/MIST_HER2/trainB/IHC/31M2101871_10_13.jpg
44M2101492,44M2101492_27_24,0,0,2,/trinity/home/m.romanov/benchmarking/datasets/MIST_HER2/trainA/HE/44M2101492_27_24.jpg,/trinity/home/m.romanov/benchmarking/datasets/MIST_HER2/trainB/IHC/44M2101492_27_24.jpg
59M2100987,59M2100987_6_10,0,0,2,/trinity/home/m.romanov/benchmarking/datasets/MIST_HER2/trainA/HE/59M2100987_6_10.jpg,/trinity/home/m.romanov/benchmarking/datasets/MIST_HER2/trainB/IHC/59M2100987_6_10.jpg
48M2101314,48M2101314_34_32,0,0,2,/trinity/home/m.romanov/benchmarking/datasets/MIST_HER2/trainA/HE/48M2101314_34_32.jpg,/trinity/home/m.romanov/benchmarking/datasets/MIST_HER2/trainB/IHC/48M2101314_34_32.jpg
65M2100668,65M2100668_14_15,0,0,2,/trinity/home/m.romanov/benchmarking/datasets/MIST_HER2/trainA/HE/65M2100668_14_15.jpg,/trinity/home/m.romanov/benchmarking/datasets/MIST_HER2/trainB/IHC/65M2100668_14_15.jpg
23M2102136,23M2102136_25_14,0,0,2,/trinity/home/m.romanov/benchmarking/datasets/MIST_HER2/trainA/HE/23M2102136_25_14.jpg,/trinity/home/m.romanov/benchmarking/datasets/MIST_HER2/trainB/IHC/23M2102136_25_14.jpg
79M2100417,79M2100417_22_18,0,0,2,/trinity/home/m.romanov/benchmarking/datasets/MIST_HER2/trainA/HE/79M2100417_22_18.jpg,/trinity/home/m.romanov/benchmarking/datasets/MIST_HER2/trainB/IHC/79M2100417_22_18.jpg
75M2100521,75M2100521_14_21,0,0,2,/trinity/home/m.romanov/benchmarking/datasets/MIST_HER2/trainA/HE/75M2100521_14_21.jpg,/trinity/home/m.romanov/benchmarking/datasets/MIST_HER2/trainB/IHC/75M2100521_14_21.jpg
40M2101566,40M2101566_30_27,0,0,2,/trinity/home/m.romanov/benchmarking/datasets/MIST_HER2/trainA/HE/40M2101566_30_27.jpg,/trinity/home/m.romanov/benchmarking/datasets/MIST_HER2/trainB/IHC/40M2101566_30_27.jpg
100M2004069,100M2004069_27_24,0,0,2,/trinity/home/m.romanov/benchmarking/datasets/MIST_HER2/trainA/HE/100M2004069_27_24.jpg,/trinity/home/m.romanov/benchmarking/datasets/MIST_HER2/trainB/IHC/100M2004069_27_24.jpg
19M2102438,19M2102438_10_10,0,0,2,/trinity/home/m.romanov/benchmarking/datasets/MIST_HER2/trainA/HE/19M2102438_10_10.jpg,/trinity/home/m.romanov/benchmarking/datasets/MIST_HER2/trainB/IHC/19M2102438_10_10.jpg
53M2101258,53M2101258_19_30,0,0,2,/trinity/home/m.romanov/benchmarking/datasets/MIST_HER2/trainA/HE/53M2101258_19_30.jpg,/trinity/home/m.romanov/benchmarking/datasets/MIST_HER2/trainB/IHC/53M2101258_19_30.jpg
48M2101314,48M2101314_20_19,0,0,2,/trinity/home/m.romanov/benchmarking/datasets/MIST_HER2/trainA/HE/48M2101314_20_19.jpg,/trinity/home/m.romanov/benchmarking/datasets/MIST_HER2/trainB/IHC/48M2101314_20_19.jpg
69M2100632,69M2100632_17_29,0,0,2,/trinity/home/m.romanov/benchmarking/datasets/MIST_HER2/trainA/HE/69M2100632_17_29.jpg,/trinity/home/m.romanov/benchmarking/datasets/MIST_HER2/trainB/IHC/69M2100632_17_29.jpg
98M2004096,98M2004096_27_7,0,0,2,/trinity/home/m.romanov/benchmarking/datasets/MIST_HER2/trainA/HE/98M2004096_27_7.jpg,/trinity/home/m.romanov/benchmarking/datasets/MIST_HER2/trainB/IHC/98M2004096_27_7.jpg
44M2101492,44M2101492_14_6,0,0,2,/trinity/home/m.romanov/benchmarking/datasets/MIST_HER2/trainA/HE/44M2101492_14_6.jpg,/trinity/home/m.romanov/benchmarking/datasets/MIST_HER2/trainB/IHC/44M2101492_14_6.jpg
27M2102007,27M2102007_19_22,0,0,2,/trinity/home/m.romanov/benchmarking/datasets/MIST_HER2/trainA/HE/27M2102007_19_22.jpg,/trinity/home/m.romanov/benchmarking/datasets/MIST_HER2/trainB/IHC/27M2102007_19_22.jpg
94M2100142,94M2100142_12_20,0,0,2,/trinity/home/m.romanov/benchmarking/datasets/MIST_HER2/trainA/HE/94M2100142_12_20.jpg,/trinity/home/m.romanov/benchmarking/datasets/MIST_HER2/trainB/IHC/94M2100142_12_20.jpg
2M2103108,2M2103108_32_12,0,0,2,/trinity/home/m.romanov/benchmarking/datasets/MIST_HER2/trainA/HE/2M2103108_32_12.jpg,/trinity/home/m.romanov/benchmarking/datasets/MIST_HER2/trainB/IHC/2M2103108_32_12.jpg
70M2100623,70M2100623_9_8,0,0,2,/trinity/home/m.romanov/benchmarking/datasets/MIST_HER2/trainA/HE/70M2100623_9_8.jpg,/trinity/home/m.romanov/benchmarking/datasets/MIST_HER2/trainB/IHC/70M2100623_9_8.jpg
80M2100377,80M2100377_0_25,0,0,2,/trinity/home/m.romanov/benchmarking/datasets/MIST_HER2/trainA/HE/80M2100377_0_25.jpg,/trinity/home/m.romanov/benchmarking/datasets/MIST_HER2/trainB/IHC/80M2100377_0_25.jpg
77M2100464,77M2100464_39_20,0,0,2,/trinity/home/m.romanov/benchmarking/datasets/MIST_HER2/trainA/HE/77M2100464_39_20.jpg,/trinity/home/m.romanov/benchmarking/datasets/MIST_HER2/trainB/IHC/77M2100464_39_20.jpg
77M2100464,77M2100464_29_12,0,0,2,/trinity/home/m.romanov/benchmarking/datasets/MIST_HER2/trainA/HE/77M2100464_29_12.jpg,/trinity/home/m.romanov/benchmarking/datasets/MIST_HER2/trainB/IHC/77M2100464_29_12.jpg
89M2100212,89M2100212_16_19,0,0,2,/trinity/home/m.romanov/benchmarking/datasets/MIST_HER2/trainA/HE/89M2100212_16_19.jpg,/trinity/home/m.romanov/benchmarking/datasets/MIST_HER2/trainB/IHC/89M2100212_16_19.jpg
14M2102785,14M2102785_22_4,0,0,2,/trinity/home/m.romanov/benchmarking/datasets/MIST_HER2/trainA/HE/14M2102785_22_4.jpg,/trinity/home/m.romanov/benchmarking/datasets/MIST_HER2/trainB/IHC/14M2102785_22_4.jpg
83M2100256,83M2100256_30_19,0,0,2,/trinity/home/m.romanov/benchmarking/datasets/MIST_HER2/trainA/HE/83M2100256_30_19.jpg,/trinity/home/m.romanov/benchmarking/datasets/MIST_HER2/trainB/IHC/83M2100256_30_19.jpg
6M2103024,6M2103024_4_22,0,0,2,/trinity/home/m.romanov/benchmarking/datasets/MIST_HER2/trainA/HE/6M2103024_4_22.jpg,/trinity/home/m.romanov/benchmarking/datasets/MIST_HER2/trainB/IHC/6M2103024_4_22.jpg
93M2100147,93M2100147_7_6,0,0,2,/trinity/home/m.romanov/benchmarking/datasets/MIST_HER2/trainA/HE/93M2100147_7_6.jpg,/trinity/home/m.romanov/benchmarking/datasets/MIST_HER2/trainB/IHC/93M2100147_7_6.jpg
88M2100218,88M2100218_28_24,0,0,2,/trinity/home/m.romanov/benchmarking/datasets/MIST_HER2/trainA/HE/88M2100218_28_24.jpg,/trinity/home/m.romanov/benchmarking/datasets/MIST_HER2/trainB/IHC/88M2100218_28_24.jpg
76M2100485,76M2100485_28_23,0,0,2,/trinity/home/m.romanov/benchmarking/datasets/MIST_HER2/trainA/HE/76M2100485_28_23.jpg,/trinity/home/m.romanov/benchmarking/datasets/MIST_HER2/trainB/IHC/76M2100485_28_23.jpg
88M2100218,88M2100218_22_11,0,0,2,/trinity/home/m.romanov/benchmarking/datasets/MIST_HER2/trainA/HE/88M2100218_22_11.jpg,/trinity/home/m.romanov/benchmarking/datasets/MIST_HER2/trainB/IHC/88M2100218_22_11.jpg
76M2100485,76M2100485_18_28,0,0,2,/trinity/home/m.romanov/benchmarking/datasets/MIST_HER2/trainA/HE/76M2100485_18_28.jpg,/trinity/home/m.romanov/benchmarking/datasets/MIST_HER2/trainB/IHC/76M2100485_18_28.jpg
57M2101034,57M2101034_12_2,0,0,2,/trinity/home/m.romanov/benchmarking/datasets/MIST_HER2/trainA/HE/57M2101034_12_2.jpg,/trinity/home/m.romanov/benchmarking/datasets/MIST_HER2/trainB/IHC/57M2101034_12_2.jpg
40M2101566,40M2101566_16_25,0,0,2,/trinity/home/m.romanov/benchmarking/datasets/MIST_HER2/trainA/HE/40M2101566_16_25.jpg,/trinity/home/m.romanov/benchmarking/datasets/MIST_HER2/trainB/IHC/40M2101566_16_25.jpg
67M2100642,67M2100642_8_11,0,0,2,/trinity/home/m.romanov/benchmarking/datasets/MIST_HER2/trainA/HE/67M2100642_8_11.jpg,/trinity/home/m.romanov/benchmarking/datasets/MIST_HER2/trainB/IHC/67M2100642_8_11.jpg
30M2101953,30M2101953_10_4,0,0,2,/trinity/home/m.romanov/benchmarking/datasets/MIST_HER2/trainA/HE/30M2101953_10_4.jpg,/trinity/home/m.romanov/benchmarking/datasets/MIST_HER2/trainB/IHC/30M2101953_10_4.jpg
52M2101275,52M2101275_14_14,0,0,2,/trinity/home/m.romanov/benchmarking/datasets/MIST_HER2/trainA/HE/52M2101275_14_14.jpg,/trinity/home/m.romanov/benchmarking/datasets/MIST_HER2/trainB/IHC/52M2101275_14_14.jpg
28M2101987,28M2101987_23_21,0,0,2,/trinity/home/m.romanov/benchmarking/datasets/MIST_HER2/trainA/HE/28M2101987_23_21.jpg,/trinity/home/m.romanov/benchmarking/datasets/MIST_HER2/trainB/IHC/28M2101987_23_21.jpg
47M2101316,47M2101316_24_17,0,0,2,/trinity/home/m.romanov/benchmarking/datasets/MIST_HER2/trainA/HE/47M2101316_24_17.jpg,/trinity/home/m.romanov/benchmarking/datasets/MIST_HER2/trainB/IHC/47M2101316_24_17.jpg
23M2102136,23M2102136_18_10,0,0,2,/trinity/home/m.romanov/benchmarking/datasets/MIST_HER2/trainA/HE/23M2102136_18_10.jpg,/trinity/home/m.romanov/benchmarking/datasets/MIST_HER2/trainB/IHC/23M2102136_18_10.jpg
76M2100485,76M2100485_22_24,0,0,2,/trinity/home/m.romanov/benchmarking/datasets/MIST_HER2/trainA/HE/76M2100485_22_24.jpg,/trinity/home/m.romanov/benchmarking/datasets/MIST_HER2/trainB/IHC/76M2100485_22_24.jpg
27M2102007,27M2102007_15_30,0,0,2,/trinity/home/m.romanov/benchmarking/datasets/MIST_HER2/trainA/HE/27M2102007_15_30.jpg,/trinity/home/m.romanov/benchmarking/datasets/MIST_HER2/trainB/IHC/27M2102007_15_30.jpg
45M2101377,45M2101377_36_30,0,0,2,/trinity/home/m.romanov/benchmarking/datasets/MIST_HER2/trainA/HE/45M2101377_36_30.jpg,/trinity/home/m.romanov/benchmarking/datasets/MIST_HER2/trainB/IHC/45M2101377_36_30.jpg
98M2004096,98M2004096_20_14,0,0,2,/trinity/home/m.romanov/benchmarking/datasets/MIST_HER2/trainA/HE/98M2004096_20_14.jpg,/trinity/home/m.romanov/benchmarking/datasets/MIST_HER2/trainB/IHC/98M2004096_20_14.jpg
45M2101377,45M2101377_36_25,0,0,2,/trinity/home/m.romanov/benchmarking/datasets/MIST_HER2/trainA/HE/45M2101377_36_25.jpg,/trinity/home/m.romanov/benchmarking/datasets/MIST_HER2/trainB/IHC/45M2101377_36_25.jpg
54M2101205,54M2101205_27_19,0,0,2,/trinity/home/m.romanov/benchmarking/datasets/MIST_HER2/trainA/HE/54M2101205_27_19.jpg,/trinity/home/m.romanov/benchmarking/datasets/MIST_HER2/trainB/IHC/54M2101205_27_19.jpg
69M2100632,69M2100632_22_4,0,0,2,/trinity/home/m.romanov/benchmarking/datasets/MIST_HER2/trainA/HE/69M2100632_22_4.jpg,/trinity/home/m.romanov/benchmarking/datasets/MIST_HER2/trainB/IHC/69M2100632_22_4.jpg
77M2100464,77M2100464_18_10,0,0,2,/trinity/home/m.romanov/benchmarking/datasets/MIST_HER2/trainA/HE/77M2100464_18_10.jpg,/trinity/home/m.romanov/benchmarking/datasets/MIST_HER2/trainB/IHC/77M2100464_18_10.jpg
92M2100150,92M2100150_12_21,0,0,2,/trinity/home/m.romanov/benchmarking/datasets/MIST_HER2/trainA/HE/92M2100150_12_21.jpg,/trinity/home/m.romanov/benchmarking/datasets/MIST_HER2/trainB/IHC/92M2100150_12_21.jpg
80M2100377,80M2100377_31_25,0,0,2,/trinity/home/m.romanov/benchmarking/datasets/MIST_HER2/trainA/HE/80M2100377_31_25.jpg,/trinity/home/m.romanov/benchmarking/datasets/MIST_HER2/trainB/IHC/80M2100377_31_25.jpg
52M2101275,52M2101275_12_9,0,0,2,/trinity/home/m.romanov/benchmarking/datasets/MIST_HER2/trainA/HE/52M2101275_12_9.jpg,/trinity/home/m.romanov/benchmarking/datasets/MIST_HER2/trainB/IHC/52M2101275_12_9.jpg
52M2101275,52M2101275_16_7,0,0,2,/trinity/home/m.romanov/benchmarking/datasets/MIST_HER2/trainA/HE/52M2101275_16_7.jpg,/trinity/home/m.romanov/benchmarking/datasets/MIST_HER2/trainB/IHC/52M2101275_16_7.jpg
69M2100632,69M2100632_37_17,0,0,2,/trinity/home/m.romanov/benchmarking/datasets/MIST_HER2/trainA/HE/69M2100632_37_17.jpg,/trinity/home/m.romanov/benchmarking/datasets/MIST_HER2/trainB/IHC/69M2100632_37_17.jpg
30M2101953,30M2101953_15_10,0,0,2,/trinity/home/m.romanov/benchmarking/datasets/MIST_HER2/trainA/HE/30M2101953_15_10.jpg,/trinity/home/m.romanov/benchmarking/datasets/MIST_HER2/trainB/IHC/30M2101953_15_10.jpg
77M2100464,77M2100464_11_23,0,0,2,/trinity/home/m.romanov/benchmarking/datasets/MIST_HER2/trainA/HE/77M2100464_11_23.jpg,/trinity/home/m.romanov/benchmarking/datasets/MIST_HER2/trainB/IHC/77M2100464_11_23.jpg
23M2102136,23M2102136_18_18,0,0,2,/trinity/home/m.romanov/benchmarking/datasets/MIST_HER2/trainA/HE/23M2102136_18_18.jpg,/trinity/home/m.romanov/benchmarking/datasets/MIST_HER2/trainB/IHC/23M2102136_18_18.jpg
70M2100623,70M2100623_28_21,0,0,2,/trinity/home/m.romanov/benchmarking/datasets/MIST_HER2/trainA/HE/70M2100623_28_21.jpg,/trinity/home/m.romanov/benchmarking/datasets/MIST_HER2/trainB/IHC/70M2100623_28_21.jpg
30M2101953,30M2101953_13_15,0,0,2,/trinity/home/m.romanov/benchmarking/datasets/MIST_HER2/trainA/HE/30M2101953_13_15.jpg,/trinity/home/m.romanov/benchmarking/datasets/MIST_HER2/trainB/IHC/30M2101953_13_15.jpg
19M2102438,19M2102438_23_21,0,0,2,/trinity/home/m.romanov/benchmarking/datasets/MIST_HER2/trainA/HE/19M2102438_23_21.jpg,/trinity/home/m.romanov/benchmarking/datasets/MIST_HER2/trainB/IHC/19M2102438_23_21.jpg
50M2101298,50M2101298_13_10,0,0,2,/trinity/home/m.romanov/benchmarking/datasets/MIST_HER2/trainA/HE/50M2101298_13_10.jpg,/trinity/home/m.romanov/benchmarking/datasets/MIST_HER2/trainB/IHC/50M2101298_13_10.jpg
76M2100485,76M2100485_20_19,0,0,2,/trinity/home/m.romanov/benchmarking/datasets/MIST_HER2/trainA/HE/76M2100485_20_19.jpg,/trinity/home/m.romanov/benchmarking/datasets/MIST_HER2/trainB/IHC/76M2100485_20_19.jpg
60M2100980,60M2100980_9_20,0,0,2,/trinity/home/m.romanov/benchmarking/datasets/MIST_HER2/trainA/HE/60M2100980_9_20.jpg,/trinity/home/m.romanov/benchmarking/datasets/MIST_HER2/trainB/IHC/60M2100980_9_20.jpg
79M2100417,79M2100417_10_19,0,0,2,/trinity/home/m.romanov/benchmarking/datasets/MIST_HER2/trainA/HE/79M2100417_10_19.jpg,/trinity/home/m.romanov/benchmarking/datasets/MIST_HER2/trainB/IHC/79M2100417_10_19.jpg
91M2100173,91M2100173_23_19,0,0,2,/trinity/home/m.romanov/benchmarking/datasets/MIST_HER2/trainA/HE/91M2100173_23_19.jpg,/trinity/home/m.romanov/benchmarking/datasets/MIST_HER2/trainB/IHC/91M2100173_23_19.jpg
51M2101285,51M2101285_8_24,0,0,2,/trinity/home/m.romanov/benchmarking/datasets/MIST_HER2/trainA/HE/51M2101285_8_24.jpg,/trinity/home/m.romanov/benchmarking/datasets/MIST_HER2/trainB/IHC/51M2101285_8_24.jpg
59M2100987,59M2100987_21_5,0,0,2,/trinity/home/m.romanov/benchmarking/datasets/MIST_HER2/trainA/HE/59M2100987_21_5.jpg,/trinity/home/m.romanov/benchmarking/datasets/MIST_HER2/trainB/IHC/59M2100987_21_5.jpg
81M2100356,81M2100356_22_16,0,0,2,/trinity/home/m.romanov/benchmarking/datasets/MIST_HER2/trainA/HE/81M2100356_22_16.jpg,/trinity/home/m.romanov/benchmarking/datasets/MIST_HER2/trainB/IHC/81M2100356_22_16.jpg
31M2101871,31M2101871_8_21,0,0,2,/trinity/home/m.romanov/benchmarking/datasets/MIST_HER2/trainA/HE/31M2101871_8_21.jpg,/trinity/home/m.romanov/benchmarking/datasets/MIST_HER2/trainB/IHC/31M2101871_8_21.jpg
16M2102718,16M2102718_22_18,0,0,2,/trinity/home/m.romanov/benchmarking/datasets/MIST_HER2/trainA/HE/16M2102718_22_18.jpg,/trinity/home/m.romanov/benchmarking/datasets/MIST_HER2/trainB/IHC/16M2102718_22_18.jpg
62M2100915,62M2100915_23_11,0,0,2,/trinity/home/m.romanov/benchmarking/datasets/MIST_HER2/trainA/HE/62M2100915_23_11.jpg,/trinity/home/m.romanov/benchmarking/datasets/MIST_HER2/trainB/IHC/62M2100915_23_11.jpg
70M2100623,70M2100623_16_17,0,0,2,/trinity/home/m.romanov/benchmarking/datasets/MIST_HER2/trainA/HE/70M2100623_16_17.jpg,/trinity/home/m.romanov/benchmarking/datasets/MIST_HER2/trainB/IHC/70M2100623_16_17.jpg
2M2103108,2M2103108_30_16,0,0,2,/trinity/home/m.romanov/benchmarking/datasets/MIST_HER2/trainA/HE/2M2103108_30_16.jpg,/trinity/home/m.romanov/benchmarking/datasets/MIST_HER2/trainB/IHC/2M2103108_30_16.jpg
39M2101576,39M2101576_10_18,0,0,2,/trinity/home/m.romanov/benchmarking/datasets/MIST_HER2/trainA/HE/39M2101576_10_18.jpg,/trinity/home/m.romanov/benchmarking/datasets/MIST_HER2/trainB/IHC/39M2101576_10_18.jpg
33M2101839,33M2101839_15_8,0,0,2,/trinity/home/m.romanov/benchmarking/datasets/MIST_HER2/trainA/HE/33M2101839_15_8.jpg,/trinity/home/m.romanov/benchmarking/datasets/MIST_HER2/trainB/IHC/33M2101839_15_8.jpg
59M2100987,59M2100987_33_29,0,0,2,/trinity/home/m.romanov/benchmarking/datasets/MIST_HER2/trainA/HE/59M2100987_33_29.jpg,/trinity/home/m.romanov/benchmarking/datasets/MIST_HER2/trainB/IHC/59M2100987_33_29.jpg
88M2100218,88M2100218_6_18,0,0,2,/trinity/home/m.romanov/benchmarking/datasets/MIST_HER2/trainA/HE/88M2100218_6_18.jpg,/trinity/home/m.romanov/benchmarking/datasets/MIST_HER2/trainB/IHC/88M2100218_6_18.jpg
23M2102136,23M2102136_23_14,0,0,2,/trinity/home/m.romanov/benchmarking/datasets/MIST_HER2/trainA/HE/23M2102136_23_14.jpg,/trinity/home/m.romanov/benchmarking/datasets/MIST_HER2/trainB/IHC/23M2102136_23_14.jpg
31M2101871,31M2101871_22_31,0,0,2,/trinity/home/m.romanov/benchmarking/datasets/MIST_HER2/trainA/HE/31M2101871_22_31.jpg,/trinity/home/m.romanov/benchmarking/datasets/MIST_HER2/trainB/IHC/31M2101871_22_31.jpg
67M2100642,67M2100642_15_17,0,0,2,/trinity/home/m.romanov/benchmarking/datasets/MIST_HER2/trainA/HE/67M2100642_15_17.jpg,/trinity/home/m.romanov/benchmarking/datasets/MIST_HER2/trainB/IHC/67M2100642_15_17.jpg
79M2100417,79M2100417_16_18,0,0,2,/trinity/home/m.romanov/benchmarking/datasets/MIST_HER2/trainA/HE/79M2100417_16_18.jpg,/trinity/home/m.romanov/benchmarking/datasets/MIST_HER2/trainB/IHC/79M2100417_16_18.jpg
58M2100997,58M2100997_8_10,0,0,2,/trinity/home/m.romanov/benchmarking/datasets/MIST_HER2/trainA/HE/58M2100997_8_10.jpg,/trinity/home/m.romanov/benchmarking/datasets/MIST_HER2/trainB/IHC/58M2100997_8_10.jpg
23M2102136,23M2102136_14_17,0,0,2,/trinity/home/m.romanov/benchmarking/datasets/MIST_HER2/trainA/HE/23M2102136_14_17.jpg,/trinity/home/m.romanov/benchmarking/datasets/MIST_HER2/trainB/IHC/23M2102136_14_17.jpg
98M2004096,98M2004096_3_5,0,0,2,/trinity/home/m.romanov/benchmarking/datasets/MIST_HER2/trainA/HE/98M2004096_3_5.jpg,/trinity/home/m.romanov/benchmarking/datasets/MIST_HER2/trainB/IHC/98M2004096_3_5.jpg
19M2102438,19M2102438_35_26,0,0,2,/trinity/home/m.romanov/benchmarking/datasets/MIST_HER2/trainA/HE/19M2102438_35_26.jpg,/trinity/home/m.romanov/benchmarking/datasets/MIST_HER2/trainB/IHC/19M2102438_35_26.jpg
46M2101353,46M2101353_18_25,0,0,2,/trinity/home/m.romanov/benchmarking/datasets/MIST_HER2/trainA/HE/46M2101353_18_25.jpg,/trinity/home/m.romanov/benchmarking/datasets/MIST_HER2/trainB/IHC/46M2101353_18_25.jpg
47M2101316,47M2101316_9_19,0,0,2,/trinity/home/m.romanov/benchmarking/datasets/MIST_HER2/trainA/HE/47M2101316_9_19.jpg,/trinity/home/m.romanov/benchmarking/datasets/MIST_HER2/trainB/IHC/47M2101316_9_19.jpg
99M2004082,99M2004082_28_11,0,0,2,/trinity/home/m.romanov/benchmarking/datasets/MIST_HER2/trainA/HE/99M2004082_28_11.jpg,/trinity/home/m.romanov/benchmarking/datasets/MIST_HER2/trainB/IHC/99M2004082_28_11.jpg
76M2100485,76M2100485_17_10,0,0,2,/trinity/home/m.romanov/benchmarking/datasets/MIST_HER2/trainA/HE/76M2100485_17_10.jpg,/trinity/home/m.romanov/benchmarking/datasets/MIST_HER2/trainB/IHC/76M2100485_17_10.jpg
97M2100034,97M2100034_12_14,0,0,2,/trinity/home/m.romanov/benchmarking/datasets/MIST_HER2/trainA/HE/97M2100034_12_14.jpg,/trinity/home/m.romanov/benchmarking/datasets/MIST_HER2/trainB/IHC/97M2100034_12_14.jpg
59M2100987,59M2100987_23_24,0,0,2,/trinity/home/m.romanov/benchmarking/datasets/MIST_HER2/trainA/HE/59M2100987_23_24.jpg,/trinity/home/m.romanov/benchmarking/datasets/MIST_HER2/trainB/IHC/59M2100987_23_24.jpg
59M2100987,59M2100987_26_25,0,0,2,/trinity/home/m.romanov/benchmarking/datasets/MIST_HER2/trainA/HE/59M2100987_26_25.jpg,/trinity/home/m.romanov/benchmarking/datasets/MIST_HER2/trainB/IHC/59M2100987_26_25.jpg
79M2100417,79M2100417_19_19,0,0,2,/trinity/home/m.romanov/benchmarking/datasets/MIST_HER2/trainA/HE/79M2100417_19_19.jpg,/trinity/home/m.romanov/benchmarking/datasets/MIST_HER2/trainB/IHC/79M2100417_19_19.jpg
28M2101987,28M2101987_43_9,0,0,2,/trinity/home/m.romanov/benchmarking/datasets/MIST_HER2/trainA/HE/28M2101987_43_9.jpg,/trinity/home/m.romanov/benchmarking/datasets/MIST_HER2/trainB/IHC/28M2101987_43_9.jpg
23M2102136,23M2102136_11_14,0,0,2,/trinity/home/m.romanov/benchmarking/datasets/MIST_HER2/trainA/HE/23M2102136_11_14.jpg,/trinity/home/m.romanov/benchmarking/datasets/MIST_HER2/trainB/IHC/23M2102136_11_14.jpg
65M2100668,65M2100668_19_7,0,0,2,/trinity/home/m.romanov/benchmarking/datasets/MIST_HER2/trainA/HE/65M2100668_19_7.jpg,/trinity/home/m.romanov/benchmarking/datasets/MIST_HER2/trainB/IHC/65M2100668_19_7.jpg
52M2101275,52M2101275_17_8,0,0,2,/trinity/home/m.romanov/benchmarking/datasets/MIST_HER2/trainA/HE/52M2101275_17_8.jpg,/trinity/home/m.romanov/benchmarking/datasets/MIST_HER2/trainB/IHC/52M2101275_17_8.jpg
14M2102785,14M2102785_26_18,0,0,2,/trinity/home/m.romanov/benchmarking/datasets/MIST_HER2/trainA/HE/14M2102785_26_18.jpg,/trinity/home/m.romanov/benchmarking/datasets/MIST_HER2/trainB/IHC/14M2102785_26_18.jpg
68M2100640,68M2100640_32_24,0,0,2,/trinity/home/m.romanov/benchmarking/datasets/MIST_HER2/trainA/HE/68M2100640_32_24.jpg,/trinity/home/m.romanov/benchmarking/datasets/MIST_HER2/trainB/IHC/68M2100640_32_24.jpg
98M2004096,98M2004096_17_12,0,0,2,/trinity/home/m.romanov/benchmarking/datasets/MIST_HER2/trainA/HE/98M2004096_17_12.jpg,/trinity/home/m.romanov/benchmarking/datasets/MIST_HER2/trainB/IHC/98M2004096_17_12.jpg
94M2100142,94M2100142_26_19,0,0,2,/trinity/home/m.romanov/benchmarking/datasets/MIST_HER2/trainA/HE/94M2100142_26_19.jpg,/trinity/home/m.romanov/benchmarking/datasets/MIST_HER2/trainB/IHC/94M2100142_26_19.jpg
52M2101275,52M2101275_8_9,0,0,2,/trinity/home/m.romanov/benchmarking/datasets/MIST_HER2/trainA/HE/52M2101275_8_9.jpg,/trinity/home/m.romanov/benchmarking/datasets/MIST_HER2/trainB/IHC/52M2101275_8_9.jpg
31M2101871,31M2101871_36_19,0,0,2,/trinity/home/m.romanov/benchmarking/datasets/MIST_HER2/trainA/HE/31M2101871_36_19.jpg,/trinity/home/m.romanov/benchmarking/datasets/MIST_HER2/trainB/IHC/31M2101871_36_19.jpg
58M2100997,58M2100997_20_19,0,0,2,/trinity/home/m.romanov/benchmarking/datasets/MIST_HER2/trainA/HE/58M2100997_20_19.jpg,/trinity/home/m.romanov/benchmarking/datasets/MIST_HER2/trainB/IHC/58M2100997_20_19.jpg
100M2004069,100M2004069_18_14,0,0,2,/trinity/home/m.romanov/benchmarking/datasets/MIST_HER2/trainA/HE/100M2004069_18_14.jpg,/trinity/home/m.romanov/benchmarking/datasets/MIST_HER2/trainB/IHC/100M2004069_18_14.jpg
74M2100526,74M2100526_30_22,0,0,2,/trinity/home/m.romanov/benchmarking/datasets/MIST_HER2/trainA/HE/74M2100526_30_22.jpg,/trinity/home/m.romanov/benchmarking/datasets/MIST_HER2/trainB/IHC/74M2100526_30_22.jpg
65M2100668,65M2100668_18_11,0,0,2,/trinity/home/m.romanov/benchmarking/datasets/MIST_HER2/trainA/HE/65M2100668_18_11.jpg,/trinity/home/m.romanov/benchmarking/datasets/MIST_HER2/trainB/IHC/65M2100668_18_11.jpg
19M2102438,19M2102438_22_19,0,0,2,/trinity/home/m.romanov/benchmarking/datasets/MIST_HER2/trainA/HE/19M2102438_22_19.jpg,/trinity/home/m.romanov/benchmarking/datasets/MIST_HER2/trainB/IHC/19M2102438_22_19.jpg
25M2102060,25M2102060_31_22,0,0,2,/trinity/home/m.romanov/benchmarking/datasets/MIST_HER2/trainA/HE/25M2102060_31_22.jpg,/trinity/home/m.romanov/benchmarking/datasets/MIST_HER2/trainB/IHC/25M2102060_31_22.jpg
33M2101839,33M2101839_10_14,0,0,2,/trinity/home/m.romanov/benchmarking/datasets/MIST_HER2/trainA/HE/33M2101839_10_14.jpg,/trinity/home/m.romanov/benchmarking/datasets/MIST_HER2/trainB/IHC/33M2101839_10_14.jpg
56M2101083,56M2101083_19_23,0,0,2,/trinity/home/m.romanov/benchmarking/datasets/MIST_HER2/trainA/HE/56M2101083_19_23.jpg,/trinity/home/m.romanov/benchmarking/datasets/MIST_HER2/trainB/IHC/56M2101083_19_23.jpg
60M2100980,60M2100980_36_17,0,0,2,/trinity/home/m.romanov/benchmarking/datasets/MIST_HER2/trainA/HE/60M2100980_36_17.jpg,/trinity/home/m.romanov/benchmarking/datasets/MIST_HER2/trainB/IHC/60M2100980_36_17.jpg
98M2004096,98M2004096_6_3,0,0,2,/trinity/home/m.romanov/benchmarking/datasets/MIST_HER2/trainA/HE/98M2004096_6_3.jpg,/trinity/home/m.romanov/benchmarking/datasets/MIST_HER2/trainB/IHC/98M2004096_6_3.jpg
2M2103108,2M2103108_17_16,0,0,2,/trinity/home/m.romanov/benchmarking/datasets/MIST_HER2/trainA/HE/2M2103108_17_16.jpg,/trinity/home/m.romanov/benchmarking/datasets/MIST_HER2/trainB/IHC/2M2103108_17_16.jpg
58M2100997,58M2100997_18_12,0,0,2,/trinity/home/m.romanov/benchmarking/datasets/MIST_HER2/trainA/HE/58M2100997_18_12.jpg,/trinity/home/m.romanov/benchmarking/datasets/MIST_HER2/trainB/IHC/58M2100997_18_12.jpg
51M2101285,51M2101285_21_14,0,0,2,/trinity/home/m.romanov/benchmarking/datasets/MIST_HER2/trainA/HE/51M2101285_21_14.jpg,/trinity/home/m.romanov/benchmarking/datasets/MIST_HER2/trainB/IHC/51M2101285_21_14.jpg
57M2101034,57M2101034_15_21,0,0,2,/trinity/home/m.romanov/benchmarking/datasets/MIST_HER2/trainA/HE/57M2101034_15_21.jpg,/trinity/home/m.romanov/benchmarking/datasets/MIST_HER2/trainB/IHC/57M2101034_15_21.jpg
4M2103059,4M2103059_19_12,0,0,2,/trinity/home/m.romanov/benchmarking/datasets/MIST_HER2/trainA/HE/4M2103059_19_12.jpg,/trinity/home/m.romanov/benchmarking/datasets/MIST_HER2/trainB/IHC/4M2103059_19_12.jpg
6M2103024,6M2103024_15_17,0,0,2,/trinity/home/m.romanov/benchmarking/datasets/MIST_HER2/trainA/HE/6M2103024_15_17.jpg,/trinity/home/m.romanov/benchmarking/datasets/MIST_HER2/trainB/IHC/6M2103024_15_17.jpg
52M2101275,52M2101275_22_5,0,0,2,/trinity/home/m.romanov/benchmarking/datasets/MIST_HER2/trainA/HE/52M2101275_22_5.jpg,/trinity/home/m.romanov/benchmarking/datasets/MIST_HER2/trainB/IHC/52M2101275_22_5.jpg
69M2100632,69M2100632_23_6,0,0,2,/trinity/home/m.romanov/benchmarking/datasets/MIST_HER2/trainA/HE/69M2100632_23_6.jpg,/trinity/home/m.romanov/benchmarking/datasets/MIST_HER2/trainB/IHC/69M2100632_23_6.jpg
57M2101034,57M2101034_14_19,0,0,2,/trinity/home/m.romanov/benchmarking/datasets/MIST_HER2/trainA/HE/57M2101034_14_19.jpg,/trinity/home/m.romanov/benchmarking/datasets/MIST_HER2/trainB/IHC/57M2101034_14_19.jpg
77M2100464,77M2100464_8_15,0,0,2,/trinity/home/m.romanov/benchmarking/datasets/MIST_HER2/trainA/HE/77M2100464_8_15.jpg,/trinity/home/m.romanov/benchmarking/datasets/MIST_HER2/trainB/IHC/77M2100464_8_15.jpg
83M2100256,83M2100256_30_21,0,0,2,/trinity/home/m.romanov/benchmarking/datasets/MIST_HER2/trainA/HE/83M2100256_30_21.jpg,/trinity/home/m.romanov/benchmarking/datasets/MIST_HER2/trainB/IHC/83M2100256_30_21.jpg
46M2101353,46M2101353_18_16,0,0,2,/trinity/home/m.romanov/benchmarking/datasets/MIST_HER2/trainA/HE/46M2101353_18_16.jpg,/trinity/home/m.romanov/benchmarking/datasets/MIST_HER2/trainB/IHC/46M2101353_18_16.jpg
80M2100377,80M2100377_10_31,0,0,2,/trinity/home/m.romanov/benchmarking/datasets/MIST_HER2/trainA/HE/80M2100377_10_31.jpg,/trinity/home/m.romanov/benchmarking/datasets/MIST_HER2/trainB/IHC/80M2100377_10_31.jpg
52M2101275,52M2101275_8_10,0,0,2,/trinity/home/m.romanov/benchmarking/datasets/MIST_HER2/trainA/HE/52M2101275_8_10.jpg,/trinity/home/m.romanov/benchmarking/datasets/MIST_HER2/trainB/IHC/52M2101275_8_10.jpg
69M2100632,69M2100632_26_26,0,0,2,/trinity/home/m.romanov/benchmarking/datasets/MIST_HER2/trainA/HE/69M2100632_26_26.jpg,/trinity/home/m.romanov/benchmarking/datasets/MIST_HER2/trainB/IHC/69M2100632_26_26.jpg
14M2102785,14M2102785_26_11,0,0,2,/trinity/home/m.romanov/benchmarking/datasets/MIST_HER2/trainA/HE/14M2102785_26_11.jpg,/trinity/home/m.romanov/benchmarking/datasets/MIST_HER2/trainB/IHC/14M2102785_26_11.jpg
47M2101316,47M2101316_8_23,0,0,2,/trinity/home/m.romanov/benchmarking/datasets/MIST_HER2/trainA/HE/47M2101316_8_23.jpg,/trinity/home/m.romanov/benchmarking/datasets/MIST_HER2/trainB/IHC/47M2101316_8_23.jpg
93M2100147,93M2100147_18_11,0,0,2,/trinity/home/m.romanov/benchmarking/datasets/MIST_HER2/trainA/HE/93M2100147_18_11.jpg,/trinity/home/m.romanov/benchmarking/datasets/MIST_HER2/trainB/IHC/93M2100147_18_11.jpg
47M2101316,47M2101316_4_34,0,0,2,/trinity/home/m.romanov/benchmarking/datasets/MIST_HER2/trainA/HE/47M2101316_4_34.jpg,/trinity/home/m.romanov/benchmarking/datasets/MIST_HER2/trainB/IHC/47M2101316_4_34.jpg
97M2100034,97M2100034_14_10,0,0,2,/trinity/home/m.romanov/benchmarking/datasets/MIST_HER2/trainA/HE/97M2100034_14_10.jpg,/trinity/home/m.romanov/benchmarking/datasets/MIST_HER2/trainB/IHC/97M2100034_14_10.jpg
28M2101987,28M2101987_23_7,0,0,2,/trinity/home/m.romanov/benchmarking/datasets/MIST_HER2/trainA/HE/28M2101987_23_7.jpg,/trinity/home/m.romanov/benchmarking/datasets/MIST_HER2/trainB/IHC/28M2101987_23_7.jpg
70M2100623,70M2100623_16_10,0,0,2,/trinity/home/m.romanov/benchmarking/datasets/MIST_HER2/trainA/HE/70M2100623_16_10.jpg,/trinity/home/m.romanov/benchmarking/datasets/MIST_HER2/trainB/IHC/70M2100623_16_10.jpg
6M2103024,6M2103024_26_12,0,0,2,/trinity/home/m.romanov/benchmarking/datasets/MIST_HER2/trainA/HE/6M2103024_26_12.jpg,/trinity/home/m.romanov/benchmarking/datasets/MIST_HER2/trainB/IHC/6M2103024_26_12.jpg
92M2100150,92M2100150_4_22,0,0,2,/trinity/home/m.romanov/benchmarking/datasets/MIST_HER2/trainA/HE/92M2100150_4_22.jpg,/trinity/home/m.romanov/benchmarking/datasets/MIST_HER2/trainB/IHC/92M2100150_4_22.jpg
56M2101083,56M2101083_15_8,0,0,2,/trinity/home/m.romanov/benchmarking/datasets/MIST_HER2/trainA/HE/56M2101083_15_8.jpg,/trinity/home/m.romanov/benchmarking/datasets/MIST_HER2/trainB/IHC/56M2101083_15_8.jpg
56M2101083,56M2101083_31_25,0,0,2,/trinity/home/m.romanov/benchmarking/datasets/MIST_HER2/trainA/HE/56M2101083_31_25.jpg,/trinity/home/m.romanov/benchmarking/datasets/MIST_HER2/trainB/IHC/56M2101083_31_25.jpg
23M2102136,23M2102136_21_13,0,0,2,/trinity/home/m.romanov/benchmarking/datasets/MIST_HER2/trainA/HE/23M2102136_21_13.jpg,/trinity/home/m.romanov/benchmarking/datasets/MIST_HER2/trainB/IHC/23M2102136_21_13.jpg
14M2102785,14M2102785_23_10,0,0,2,/trinity/home/m.romanov/benchmarking/datasets/MIST_HER2/trainA/HE/14M2102785_23_10.jpg,/trinity/home/m.romanov/benchmarking/datasets/MIST_HER2/trainB/IHC/14M2102785_23_10.jpg
97M2100034,97M2100034_7_20,0,0,2,/trinity/home/m.romanov/benchmarking/datasets/MIST_HER2/trainA/HE/97M2100034_7_20.jpg,/trinity/home/m.romanov/benchmarking/datasets/MIST_HER2/trainB/IHC/97M2100034_7_20.jpg
53M2101258,53M2101258_21_20,0,0,2,/trinity/home/m.romanov/benchmarking/datasets/MIST_HER2/trainA/HE/53M2101258_21_20.jpg,/trinity/home/m.romanov/benchmarking/datasets/MIST_HER2/trainB/IHC/53M2101258_21_20.jpg
22M2102266,22M2102266_15_17,0,0,2,/trinity/home/m.romanov/benchmarking/datasets/MIST_HER2/trainA/HE/22M2102266_15_17.jpg,/trinity/home/m.romanov/benchmarking/datasets/MIST_HER2/trainB/IHC/22M2102266_15_17.jpg
22M2102266,22M2102266_13_20,0,0,2,/trinity/home/m.romanov/benchmarking/datasets/MIST_HER2/trainA/HE/22M2102266_13_20.jpg,/trinity/home/m.romanov/benchmarking/datasets/MIST_HER2/trainB/IHC/22M2102266_13_20.jpg
39M2101576,39M2101576_12_3,0,0,2,/trinity/home/m.romanov/benchmarking/datasets/MIST_HER2/trainA/HE/39M2101576_12_3.jpg,/trinity/home/m.romanov/benchmarking/datasets/MIST_HER2/trainB/IHC/39M2101576_12_3.jpg
70M2100623,70M2100623_20_6,0,0,2,/trinity/home/m.romanov/benchmarking/datasets/MIST_HER2/trainA/HE/70M2100623_20_6.jpg,/trinity/home/m.romanov/benchmarking/datasets/MIST_HER2/trainB/IHC/70M2100623_20_6.jpg
62M2100915,62M2100915_16_33,0,0,2,/trinity/home/m.romanov/benchmarking/datasets/MIST_HER2/trainA/HE/62M2100915_16_33.jpg,/trinity/home/m.romanov/benchmarking/datasets/MIST_HER2/trainB/IHC/62M2100915_16_33.jpg
30M2101953,30M2101953_12_4,0,0,2,/trinity/home/m.romanov/benchmarking/datasets/MIST_HER2/trainA/HE/30M2101953_12_4.jpg,/trinity/home/m.romanov/benchmarking/datasets/MIST_HER2/trainB/IHC/30M2101953_12_4.jpg
57M2101034,57M2101034_12_8,0,0,2,/trinity/home/m.romanov/benchmarking/datasets/MIST_HER2/trainA/HE/57M2101034_12_8.jpg,/trinity/home/m.romanov/benchmarking/datasets/MIST_HER2/trainB/IHC/57M2101034_12_8.jpg
33M2101839,33M2101839_8_2,0,0,2,/trinity/home/m.romanov/benchmarking/datasets/MIST_HER2/trainA/HE/33M2101839_8_2.jpg,/trinity/home/m.romanov/benchmarking/datasets/MIST_HER2/trainB/IHC/33M2101839_8_2.jpg
91M2100173,91M2100173_17_22,0,0,2,/trinity/home/m.romanov/benchmarking/datasets/MIST_HER2/trainA/HE/91M2100173_17_22.jpg,/trinity/home/m.romanov/benchmarking/datasets/MIST_HER2/trainB/IHC/91M2100173_17_22.jpg
4M2103059,4M2103059_21_17,0,0,2,/trinity/home/m.romanov/benchmarking/datasets/MIST_HER2/trainA/HE/4M2103059_21_17.jpg,/trinity/home/m.romanov/benchmarking/datasets/MIST_HER2/trainB/IHC/4M2103059_21_17.jpg
2M2103108,2M2103108_4_13,0,0,2,/trinity/home/m.romanov/benchmarking/datasets/MIST_HER2/trainA/HE/2M2103108_4_13.jpg,/trinity/home/m.romanov/benchmarking/datasets/MIST_HER2/trainB/IHC/2M2103108_4_13.jpg
22M2102266,22M2102266_14_22,0,0,2,/trinity/home/m.romanov/benchmarking/datasets/MIST_HER2/trainA/HE/22M2102266_14_22.jpg,/trinity/home/m.romanov/benchmarking/datasets/MIST_HER2/trainB/IHC/22M2102266_14_22.jpg
48M2101314,48M2101314_34_31,0,0,2,/trinity/home/m.romanov/benchmarking/datasets/MIST_HER2/trainA/HE/48M2101314_34_31.jpg,/trinity/home/m.romanov/benchmarking/datasets/MIST_HER2/trainB/IHC/48M2101314_34_31.jpg
94M2100142,94M2100142_30_15,0,0,2,/trinity/home/m.romanov/benchmarking/datasets/MIST_HER2/trainA/HE/94M2100142_30_15.jpg,/trinity/home/m.romanov/benchmarking/datasets/MIST_HER2/trainB/IHC/94M2100142_30_15.jpg
88M2100218,88M2100218_8_18,0,0,2,/trinity/home/m.romanov/benchmarking/datasets/MIST_HER2/trainA/HE/88M2100218_8_18.jpg,/trinity/home/m.romanov/benchmarking/datasets/MIST_HER2/trainB/IHC/88M2100218_8_18.jpg
2M2103108,2M2103108_19_22,0,0,2,/trinity/home/m.romanov/benchmarking/datasets/MIST_HER2/trainA/HE/2M2103108_19_22.jpg,/trinity/home/m.romanov/benchmarking/datasets/MIST_HER2/trainB/IHC/2M2103108_19_22.jpg
91M2100173,91M2100173_12_17,0,0,2,/trinity/home/m.romanov/benchmarking/datasets/MIST_HER2/trainA/HE/91M2100173_12_17.jpg,/trinity/home/m.romanov/benchmarking/datasets/MIST_HER2/trainB/IHC/91M2100173_12_17.jpg
39M2101576,39M2101576_16_34,0,0,2,/trinity/home/m.romanov/benchmarking/datasets/MIST_HER2/trainA/HE/39M2101576_16_34.jpg,/trinity/home/m.romanov/benchmarking/datasets/MIST_HER2/trainB/IHC/39M2101576_16_34.jpg
40M2101566,40M2101566_32_30,0,0,2,/trinity/home/m.romanov/benchmarking/datasets/MIST_HER2/trainA/HE/40M2101566_32_30.jpg,/trinity/home/m.romanov/benchmarking/datasets/MIST_HER2/trainB/IHC/40M2101566_32_30.jpg
23M2102136,23M2102136_23_12,0,0,2,/trinity/home/m.romanov/benchmarking/datasets/MIST_HER2/trainA/HE/23M2102136_23_12.jpg,/trinity/home/m.romanov/benchmarking/datasets/MIST_HER2/trainB/IHC/23M2102136_23_12.jpg
68M2100640,68M2100640_27_25,0,0,2,/trinity/home/m.romanov/benchmarking/datasets/MIST_HER2/trainA/HE/68M2100640_27_25.jpg,/trinity/home/m.romanov/benchmarking/datasets/MIST_HER2/trainB/IHC/68M2100640_27_25.jpg
91M2100173,91M2100173_23_21,0,0,2,/trinity/home/m.romanov/benchmarking/datasets/MIST_HER2/trainA/HE/91M2100173_23_21.jpg,/trinity/home/m.romanov/benchmarking/datasets/MIST_HER2/trainB/IHC/91M2100173_23_21.jpg
60M2100980,60M2100980_19_20,0,0,2,/trinity/home/m.romanov/benchmarking/datasets/MIST_HER2/trainA/HE/60M2100980_19_20.jpg,/trinity/home/m.romanov/benchmarking/datasets/MIST_HER2/trainB/IHC/60M2100980_19_20.jpg
98M2004096,98M2004096_3_4,0,0,2,/trinity/home/m.romanov/benchmarking/datasets/MIST_HER2/trainA/HE/98M2004096_3_4.jpg,/trinity/home/m.romanov/benchmarking/datasets/MIST_HER2/trainB/IHC/98M2004096_3_4.jpg
97M2100034,97M2100034_13_8,0,0,2,/trinity/home/m.romanov/benchmarking/datasets/MIST_HER2/trainA/HE/97M2100034_13_8.jpg,/trinity/home/m.romanov/benchmarking/datasets/MIST_HER2/trainB/IHC/97M2100034_13_8.jpg
22M2102266,22M2102266_16_16,0,0,2,/trinity/home/m.romanov/benchmarking/datasets/MIST_HER2/trainA/HE/22M2102266_16_16.jpg,/trinity/home/m.romanov/benchmarking/datasets/MIST_HER2/trainB/IHC/22M2102266_16_16.jpg
19M2102438,19M2102438_24_15,0,0,2,/trinity/home/m.romanov/benchmarking/datasets/MIST_HER2/trainA/HE/19M2102438_24_15.jpg,/trinity/home/m.romanov/benchmarking/datasets/MIST_HER2/trainB/IHC/19M2102438_24_15.jpg
6M2103024,6M2103024_24_17,0,0,2,/trinity/home/m.romanov/benchmarking/datasets/MIST_HER2/trainA/HE/6M2103024_24_17.jpg,/trinity/home/m.romanov/benchmarking/datasets/MIST_HER2/trainB/IHC/6M2103024_24_17.jpg
100M2004069,100M2004069_12_15,0,0,2,/trinity/home/m.romanov/benchmarking/datasets/MIST_HER2/trainA/HE/100M2004069_12_15.jpg,/trinity/home/m.romanov/benchmarking/datasets/MIST_HER2/trainB/IHC/100M2004069_12_15.jpg
91M2100173,91M2100173_8_9,0,0,2,/trinity/home/m.romanov/benchmarking/datasets/MIST_HER2/trainA/HE/91M2100173_8_9.jpg,/trinity/home/m.romanov/benchmarking/datasets/MIST_HER2/trainB/IHC/91M2100173_8_9.jpg
70M2100623,70M2100623_31_10,0,0,2,/trinity/home/m.romanov/benchmarking/datasets/MIST_HER2/trainA/HE/70M2100623_31_10.jpg,/trinity/home/m.romanov/benchmarking/datasets/MIST_HER2/trainB/IHC/70M2100623_31_10.jpg
35M2101733,35M2101733_5_10,0,0,2,/trinity/home/m.romanov/benchmarking/datasets/MIST_HER2/trainA/HE/35M2101733_5_10.jpg,/trinity/home/m.romanov/benchmarking/datasets/MIST_HER2/trainB/IHC/35M2101733_5_10.jpg
54M2101205,54M2101205_15_23,0,0,2,/trinity/home/m.romanov/benchmarking/datasets/MIST_HER2/trainA/HE/54M2101205_15_23.jpg,/trinity/home/m.romanov/benchmarking/datasets/MIST_HER2/trainB/IHC/54M2101205_15_23.jpg
27M2102007,27M2102007_20_24,0,0,2,/trinity/home/m.romanov/benchmarking/datasets/MIST_HER2/trainA/HE/27M2102007_20_24.jpg,/trinity/home/m.romanov/benchmarking/datasets/MIST_HER2/trainB/IHC/27M2102007_20_24.jpg
15M2102762,15M2102762_21_6,0,0,2,/trinity/home/m.romanov/benchmarking/datasets/MIST_HER2/trainA/HE/15M2102762_21_6.jpg,/trinity/home/m.romanov/benchmarking/datasets/MIST_HER2/trainB/IHC/15M2102762_21_6.jpg
94M2100142,94M2100142_8_11,0,0,2,/trinity/home/m.romanov/benchmarking/datasets/MIST_HER2/trainA/HE/94M2100142_8_11.jpg,/trinity/home/m.romanov/benchmarking/datasets/MIST_HER2/trainB/IHC/94M2100142_8_11.jpg
98M2004096,98M2004096_26_7,0,0,2,/trinity/home/m.romanov/benchmarking/datasets/MIST_HER2/trainA/HE/98M2004096_26_7.jpg,/trinity/home/m.romanov/benchmarking/datasets/MIST_HER2/trainB/IHC/98M2004096_26_7.jpg
76M2100485,76M2100485_30_17,0,0,2,/trinity/home/m.romanov/benchmarking/datasets/MIST_HER2/trainA/HE/76M2100485_30_17.jpg,/trinity/home/m.romanov/benchmarking/datasets/MIST_HER2/trainB/IHC/76M2100485_30_17.jpg
44M2101492,44M2101492_4_34,0,0,2,/trinity/home/m.romanov/benchmarking/datasets/MIST_HER2/trainA/HE/44M2101492_4_34.jpg,/trinity/home/m.romanov/benchmarking/datasets/MIST_HER2/trainB/IHC/44M2101492_4_34.jpg
88M2100218,88M2100218_10_10,0,0,2,/trinity/home/m.romanov/benchmarking/datasets/MIST_HER2/trainA/HE/88M2100218_10_10.jpg,/trinity/home/m.romanov/benchmarking/datasets/MIST_HER2/trainB/IHC/88M2100218_10_10.jpg
30M2101953,30M2101953_9_16,0,0,2,/trinity/home/m.romanov/benchmarking/datasets/MIST_HER2/trainA/HE/30M2101953_9_16.jpg,/trinity/home/m.romanov/benchmarking/datasets/MIST_HER2/trainB/IHC/30M2101953_9_16.jpg
51M2101285,51M2101285_27_11,0,0,2,/trinity/home/m.romanov/benchmarking/datasets/MIST_HER2/trainA/HE/51M2101285_27_11.jpg,/trinity/home/m.romanov/benchmarking/datasets/MIST_HER2/trainB/IHC/51M2101285_27_11.jpg
57M2101034,57M2101034_17_3,0,0,2,/trinity/home/m.romanov/benchmarking/datasets/MIST_HER2/trainA/HE/57M2101034_17_3.jpg,/trinity/home/m.romanov/benchmarking/datasets/MIST_HER2/trainB/IHC/57M2101034_17_3.jpg
91M2100173,91M2100173_12_5,0,0,2,/trinity/home/m.romanov/benchmarking/datasets/MIST_HER2/trainA/HE/91M2100173_12_5.jpg,/trinity/home/m.romanov/benchmarking/datasets/MIST_HER2/trainB/IHC/91M2100173_12_5.jpg
22M2102266,22M2102266_17_14,0,0,2,/trinity/home/m.romanov/benchmarking/datasets/MIST_HER2/trainA/HE/22M2102266_17_14.jpg,/trinity/home/m.romanov/benchmarking/datasets/MIST_HER2/trainB/IHC/22M2102266_17_14.jpg
51M2101285,51M2101285_18_14,0,0,2,/trinity/home/m.romanov/benchmarking/datasets/MIST_HER2/trainA/HE/51M2101285_18_14.jpg,/trinity/home/m.romanov/benchmarking/datasets/MIST_HER2/trainB/IHC/51M2101285_18_14.jpg
44M2101492,44M2101492_16_6,0,0,2,/trinity/home/m.romanov/benchmarking/datasets/MIST_HER2/trainA/HE/44M2101492_16_6.jpg,/trinity/home/m.romanov/benchmarking/datasets/MIST_HER2/trainB/IHC/44M2101492_16_6.jpg
40M2101566,40M2101566_40_17,0,0,2,/trinity/home/m.romanov/benchmarking/datasets/MIST_HER2/trainA/HE/40M2101566_40_17.jpg,/trinity/home/m.romanov/benchmarking/datasets/MIST_HER2/trainB/IHC/40M2101566_40_17.jpg
67M2100642,67M2100642_4_18,0,0,2,/trinity/home/m.romanov/benchmarking/datasets/MIST_HER2/trainA/HE/67M2100642_4_18.jpg,/trinity/home/m.romanov/benchmarking/datasets/MIST_HER2/trainB/IHC/67M2100642_4_18.jpg
41M2101552,41M2101552_27_11,0,0,2,/trinity/home/m.romanov/benchmarking/datasets/MIST_HER2/trainA/HE/41M2101552_27_11.jpg,/trinity/home/m.romanov/benchmarking/datasets/MIST_HER2/trainB/IHC/41M2101552_27_11.jpg
2M2103108,2M2103108_15_26,0,0,2,/trinity/home/m.romanov/benchmarking/datasets/MIST_HER2/trainA/HE/2M2103108_15_26.jpg,/trinity/home/m.romanov/benchmarking/datasets/MIST_HER2/trainB/IHC/2M2103108_15_26.jpg
57M2101034,57M2101034_16_20,0,0,2,/trinity/home/m.romanov/benchmarking/datasets/MIST_HER2/trainA/HE/57M2101034_16_20.jpg,/trinity/home/m.romanov/benchmarking/datasets/MIST_HER2/trainB/IHC/57M2101034_16_20.jpg
25M2102060,25M2102060_16_19,0,0,2,/trinity/home/m.romanov/benchmarking/datasets/MIST_HER2/trainA/HE/25M2102060_16_19.jpg,/trinity/home/m.romanov/benchmarking/datasets/MIST_HER2/trainB/IHC/25M2102060_16_19.jpg
16M2102718,16M2102718_11_28,0,0,2,/trinity/home/m.romanov/benchmarking/datasets/MIST_HER2/trainA/HE/16M2102718_11_28.jpg,/trinity/home/m.romanov/benchmarking/datasets/MIST_HER2/trainB/IHC/16M2102718_11_28.jpg
33M2101839,33M2101839_7_11,0,0,2,/trinity/home/m.romanov/benchmarking/datasets/MIST_HER2/trainA/HE/33M2101839_7_11.jpg,/trinity/home/m.romanov/benchmarking/datasets/MIST_HER2/trainB/IHC/33M2101839_7_11.jpg
19M2102438,19M2102438_13_6,0,0,2,/trinity/home/m.romanov/benchmarking/datasets/MIST_HER2/trainA/HE/19M2102438_13_6.jpg,/trinity/home/m.romanov/benchmarking/datasets/MIST_HER2/trainB/IHC/19M2102438_13_6.jpg
46M2101353,46M2101353_18_19,0,0,2,/trinity/home/m.romanov/benchmarking/datasets/MIST_HER2/trainA/HE/46M2101353_18_19.jpg,/trinity/home/m.romanov/benchmarking/datasets/MIST_HER2/trainB/IHC/46M2101353_18_19.jpg
25M2102060,25M2102060_12_26,0,0,2,/trinity/home/m.romanov/benchmarking/datasets/MIST_HER2/trainA/HE/25M2102060_12_26.jpg,/trinity/home/m.romanov/benchmarking/datasets/MIST_HER2/trainB/IHC/25M2102060_12_26.jpg
59M2100987,59M2100987_32_29,0,0,2,/trinity/home/m.romanov/benchmarking/datasets/MIST_HER2/trainA/HE/59M2100987_32_29.jpg,/trinity/home/m.romanov/benchmarking/datasets/MIST_HER2/trainB/IHC/59M2100987_32_29.jpg
2M2103108,2M2103108_31_16,0,0,2,/trinity/home/m.romanov/benchmarking/datasets/MIST_HER2/trainA/HE/2M2103108_31_16.jpg,/trinity/home/m.romanov/benchmarking/datasets/MIST_HER2/trainB/IHC/2M2103108_31_16.jpg
14M2102785,14M2102785_22_17,0,0,2,/trinity/home/m.romanov/benchmarking/datasets/MIST_HER2/trainA/HE/14M2102785_22_17.jpg,/trinity/home/m.romanov/benchmarking/datasets/MIST_HER2/trainB/IHC/14M2102785_22_17.jpg
14M2102785,14M2102785_27_11,0,0,2,/trinity/home/m.romanov/benchmarking/datasets/MIST_HER2/trainA/HE/14M2102785_27_11.jpg,/trinity/home/m.romanov/benchmarking/datasets/MIST_HER2/trainB/IHC/14M2102785_27_11.jpg
44M2101492,44M2101492_10_32,0,0,2,/trinity/home/m.romanov/benchmarking/datasets/MIST_HER2/trainA/HE/44M2101492_10_32.jpg,/trinity/home/m.romanov/benchmarking/datasets/MIST_HER2/trainB/IHC/44M2101492_10_32.jpg
51M2101285,51M2101285_38_18,0,0,2,/trinity/home/m.romanov/benchmarking/datasets/MIST_HER2/trainA/HE/51M2101285_38_18.jpg,/trinity/home/m.romanov/benchmarking/datasets/MIST_HER2/trainB/IHC/51M2101285_38_18.jpg
33M2101839,33M2101839_13_8,0,0,2,/trinity/home/m.romanov/benchmarking/datasets/MIST_HER2/trainA/HE/33M2101839_13_8.jpg,/trinity/home/m.romanov/benchmarking/datasets/MIST_HER2/trainB/IHC/33M2101839_13_8.jpg
2M2103108,2M2103108_29_16,0,0,2,/trinity/home/m.romanov/benchmarking/datasets/MIST_HER2/trainA/HE/2M2103108_29_16.jpg,/trinity/home/m.romanov/benchmarking/datasets/MIST_HER2/trainB/IHC/2M2103108_29_16.jpg
88M2100218,88M2100218_22_31,0,0,2,/trinity/home/m.romanov/benchmarking/datasets/MIST_HER2/trainA/HE/88M2100218_22_31.jpg,/trinity/home/m.romanov/benchmarking/datasets/MIST_HER2/trainB/IHC/88M2100218_22_31.jpg
87M2100227,87M2100227_20_10,0,0,2,/trinity/home/m.romanov/benchmarking/datasets/MIST_HER2/trainA/HE/87M2100227_20_10.jpg,/trinity/home/m.romanov/benchmarking/datasets/MIST_HER2/trainB/IHC/87M2100227_20_10.jpg
100M2004069,100M2004069_29_27,0,0,2,/trinity/home/m.romanov/benchmarking/datasets/MIST_HER2/trainA/HE/100M2004069_29_27.jpg,/trinity/home/m.romanov/benchmarking/datasets/MIST_HER2/trainB/IHC/100M2004069_29_27.jpg
65M2100668,65M2100668_24_6,0,0,2,/trinity/home/m.romanov/benchmarking/datasets/MIST_HER2/trainA/HE/65M2100668_24_6.jpg,/trinity/home/m.romanov/benchmarking/datasets/MIST_HER2/trainB/IHC/65M2100668_24_6.jpg
77M2100464,77M2100464_35_13,0,0,2,/trinity/home/m.romanov/benchmarking/datasets/MIST_HER2/trainA/HE/77M2100464_35_13.jpg,/trinity/home/m.romanov/benchmarking/datasets/MIST_HER2/trainB/IHC/77M2100464_35_13.jpg
74M2100526,74M2100526_27_26,0,0,2,/trinity/home/m.romanov/benchmarking/datasets/MIST_HER2/trainA/HE/74M2100526_27_26.jpg,/trinity/home/m.romanov/benchmarking/datasets/MIST_HER2/trainB/IHC/74M2100526_27_26.jpg
59M2100987,59M2100987_29_29,0,0,2,/trinity/home/m.romanov/benchmarking/datasets/MIST_HER2/trainA/HE/59M2100987_29_29.jpg,/trinity/home/m.romanov/benchmarking/datasets/MIST_HER2/trainB/IHC/59M2100987_29_29.jpg
58M2100997,58M2100997_29_22,0,0,2,/trinity/home/m.romanov/benchmarking/datasets/MIST_HER2/trainA/HE/58M2100997_29_22.jpg,/trinity/home/m.romanov/benchmarking/datasets/MIST_HER2/trainB/IHC/58M2100997_29_22.jpg
10M2102916,10M2102916_7_30,0,0,2,/trinity/home/m.romanov/benchmarking/datasets/MIST_HER2/trainA/HE/10M2102916_7_30.jpg,/trinity/home/m.romanov/benchmarking/datasets/MIST_HER2/trainB/IHC/10M2102916_7_30.jpg
58M2100997,58M2100997_16_19,0,0,2,/trinity/home/m.romanov/benchmarking/datasets/MIST_HER2/trainA/HE/58M2100997_16_19.jpg,/trinity/home/m.romanov/benchmarking/datasets/MIST_HER2/trainB/IHC/58M2100997_16_19.jpg
88M2100218,88M2100218_25_6,0,0,2,/trinity/home/m.romanov/benchmarking/datasets/MIST_HER2/trainA/HE/88M2100218_25_6.jpg,/trinity/home/m.romanov/benchmarking/datasets/MIST_HER2/trainB/IHC/88M2100218_25_6.jpg
16M2102718,16M2102718_5_13,0,0,2,/trinity/home/m.romanov/benchmarking/datasets/MIST_HER2/trainA/HE/16M2102718_5_13.jpg,/trinity/home/m.romanov/benchmarking/datasets/MIST_HER2/trainB/IHC/16M2102718_5_13.jpg
19M2102438,19M2102438_17_20,0,0,2,/trinity/home/m.romanov/benchmarking/datasets/MIST_HER2/trainA/HE/19M2102438_17_20.jpg,/trinity/home/m.romanov/benchmarking/datasets/MIST_HER2/trainB/IHC/19M2102438_17_20.jpg
70M2100623,70M2100623_18_5,0,0,2,/trinity/home/m.romanov/benchmarking/datasets/MIST_HER2/trainA/HE/70M2100623_18_5.jpg,/trinity/home/m.romanov/benchmarking/datasets/MIST_HER2/trainB/IHC/70M2100623_18_5.jpg
4M2103059,4M2103059_26_14,0,0,2,/trinity/home/m.romanov/benchmarking/datasets/MIST_HER2/trainA/HE/4M2103059_26_14.jpg,/trinity/home/m.romanov/benchmarking/datasets/MIST_HER2/trainB/IHC/4M2103059_26_14.jpg
50M2101298,50M2101298_17_12,0,0,2,/trinity/home/m.romanov/benchmarking/datasets/MIST_HER2/trainA/HE/50M2101298_17_12.jpg,/trinity/home/m.romanov/benchmarking/datasets/MIST_HER2/trainB/IHC/50M2101298_17_12.jpg
98M2004096,98M2004096_12_5,0,0,2,/trinity/home/m.romanov/benchmarking/datasets/MIST_HER2/trainA/HE/98M2004096_12_5.jpg,/trinity/home/m.romanov/benchmarking/datasets/MIST_HER2/trainB/IHC/98M2004096_12_5.jpg
77M2100464,77M2100464_11_6,0,0,2,/trinity/home/m.romanov/benchmarking/datasets/MIST_HER2/trainA/HE/77M2100464_11_6.jpg,/trinity/home/m.romanov/benchmarking/datasets/MIST_HER2/trainB/IHC/77M2100464_11_6.jpg
97M2100034,97M2100034_13_12,0,0,2,/trinity/home/m.romanov/benchmarking/datasets/MIST_HER2/trainA/HE/97M2100034_13_12.jpg,/trinity/home/m.romanov/benchmarking/datasets/MIST_HER2/trainB/IHC/97M2100034_13_12.jpg
48M2101314,48M2101314_12_25,0,0,2,/trinity/home/m.romanov/benchmarking/datasets/MIST_HER2/trainA/HE/48M2101314_12_25.jpg,/trinity/home/m.romanov/benchmarking/datasets/MIST_HER2/trainB/IHC/48M2101314_12_25.jpg
67M2100642,67M2100642_14_11,0,0,2,/trinity/home/m.romanov/benchmarking/datasets/MIST_HER2/trainA/HE/67M2100642_14_11.jpg,/trinity/home/m.romanov/benchmarking/datasets/MIST_HER2/trainB/IHC/67M2100642_14_11.jpg
4M2103059,4M2103059_23_11,0,0,2,/trinity/home/m.romanov/benchmarking/datasets/MIST_HER2/trainA/HE/4M2103059_23_11.jpg,/trinity/home/m.romanov/benchmarking/datasets/MIST_HER2/trainB/IHC/4M2103059_23_11.jpg
98M2004096,98M2004096_23_15,0,0,2,/trinity/home/m.romanov/benchmarking/datasets/MIST_HER2/trainA/HE/98M2004096_23_15.jpg,/trinity/home/m.romanov/benchmarking/datasets/MIST_HER2/trainB/IHC/98M2004096_23_15.jpg
94M2100142,94M2100142_11_6,0,0,2,/trinity/home/m.romanov/benchmarking/datasets/MIST_HER2/trainA/HE/94M2100142_11_6.jpg,/trinity/home/m.romanov/benchmarking/datasets/MIST_HER2/trainB/IHC/94M2100142_11_6.jpg
93M2100147,93M2100147_9_7,0,0,2,/trinity/home/m.romanov/benchmarking/datasets/MIST_HER2/trainA/HE/93M2100147_9_7.jpg,/trinity/home/m.romanov/benchmarking/datasets/MIST_HER2/trainB/IHC/93M2100147_9_7.jpg
59M2100987,59M2100987_25_23,0,0,2,/trinity/home/m.romanov/benchmarking/datasets/MIST_HER2/trainA/HE/59M2100987_25_23.jpg,/trinity/home/m.romanov/benchmarking/datasets/MIST_HER2/trainB/IHC/59M2100987_25_23.jpg
2M2103108,2M2103108_18_25,0,0,2,/trinity/home/m.romanov/benchmarking/datasets/MIST_HER2/trainA/HE/2M2103108_18_25.jpg,/trinity/home/m.romanov/benchmarking/datasets/MIST_HER2/trainB/IHC/2M2103108_18_25.jpg
22M2102266,22M2102266_21_18,0,0,2,/trinity/home/m.romanov/benchmarking/datasets/MIST_HER2/trainA/HE/22M2102266_21_18.jpg,/trinity/home/m.romanov/benchmarking/datasets/MIST_HER2/trainB/IHC/22M2102266_21_18.jpg
50M2101298,50M2101298_18_12,0,0,2,/trinity/home/m.romanov/benchmarking/datasets/MIST_HER2/trainA/HE/50M2101298_18_12.jpg,/trinity/home/m.romanov/benchmarking/datasets/MIST_HER2/trainB/IHC/50M2101298_18_12.jpg
92M2100150,92M2100150_10_13,0,0,2,/trinity/home/m.romanov/benchmarking/datasets/MIST_HER2/trainA/HE/92M2100150_10_13.jpg,/trinity/home/m.romanov/benchmarking/datasets/MIST_HER2/trainB/IHC/92M2100150_10_13.jpg
23M2102136,23M2102136_36_15,0,0,2,/trinity/home/m.romanov/benchmarking/datasets/MIST_HER2/trainA/HE/23M2102136_36_15.jpg,/trinity/home/m.romanov/benchmarking/datasets/MIST_HER2/trainB/IHC/23M2102136_36_15.jpg
62M2100915,62M2100915_18_17,0,0,2,/trinity/home/m.romanov/benchmarking/datasets/MIST_HER2/trainA/HE/62M2100915_18_17.jpg,/trinity/home/m.romanov/benchmarking/datasets/MIST_HER2/trainB/IHC/62M2100915_18_17.jpg
28M2101987,28M2101987_20_26,0,0,2,/trinity/home/m.romanov/benchmarking/datasets/MIST_HER2/trainA/HE/28M2101987_20_26.jpg,/trinity/home/m.romanov/benchmarking/datasets/MIST_HER2/trainB/IHC/28M2101987_20_26.jpg
80M2100377,80M2100377_35_24,0,0,2,/trinity/home/m.romanov/benchmarking/datasets/MIST_HER2/trainA/HE/80M2100377_35_24.jpg,/trinity/home/m.romanov/benchmarking/datasets/MIST_HER2/trainB/IHC/80M2100377_35_24.jpg
53M2101258,53M2101258_10_26,0,0,2,/trinity/home/m.romanov/benchmarking/datasets/MIST_HER2/trainA/HE/53M2101258_10_26.jpg,/trinity/home/m.romanov/benchmarking/datasets/MIST_HER2/trainB/IHC/53M2101258_10_26.jpg
56M2101083,56M2101083_27_17,0,0,2,/trinity/home/m.romanov/benchmarking/datasets/MIST_HER2/trainA/HE/56M2101083_27_17.jpg,/trinity/home/m.romanov/benchmarking/datasets/MIST_HER2/trainB/IHC/56M2101083_27_17.jpg
19M2102438,19M2102438_33_21,0,0,2,/trinity/home/m.romanov/benchmarking/datasets/MIST_HER2/trainA/HE/19M2102438_33_21.jpg,/trinity/home/m.romanov/benchmarking/datasets/MIST_HER2/trainB/IHC/19M2102438_33_21.jpg
15M2102762,15M2102762_20_8,0,0,2,/trinity/home/m.romanov/benchmarking/datasets/MIST_HER2/trainA/HE/15M2102762_20_8.jpg,/trinity/home/m.romanov/benchmarking/datasets/MIST_HER2/trainB/IHC/15M2102762_20_8.jpg
70M2100623,70M2100623_31_17,0,0,2,/trinity/home/m.romanov/benchmarking/datasets/MIST_HER2/trainA/HE/70M2100623_31_17.jpg,/trinity/home/m.romanov/benchmarking/datasets/MIST_HER2/trainB/IHC/70M2100623_31_17.jpg
98M2004096,98M2004096_27_9,0,0,2,/trinity/home/m.romanov/benchmarking/datasets/MIST_HER2/trainA/HE/98M2004096_27_9.jpg,/trinity/home/m.romanov/benchmarking/datasets/MIST_HER2/trainB/IHC/98M2004096_27_9.jpg
65M2100668,65M2100668_14_17,0,0,2,/trinity/home/m.romanov/benchmarking/datasets/MIST_HER2/trainA/HE/65M2100668_14_17.jpg,/trinity/home/m.romanov/benchmarking/datasets/MIST_HER2/trainB/IHC/65M2100668_14_17.jpg
53M2101258,53M2101258_29_42,0,0,2,/trinity/home/m.romanov/benchmarking/datasets/MIST_HER2/trainA/HE/53M2101258_29_42.jpg,/trinity/home/m.romanov/benchmarking/datasets/MIST_HER2/trainB/IHC/53M2101258_29_42.jpg
79M2100417,79M2100417_25_25,0,0,2,/trinity/home/m.romanov/benchmarking/datasets/MIST_HER2/trainA/HE/79M2100417_25_25.jpg,/trinity/home/m.romanov/benchmarking/datasets/MIST_HER2/trainB/IHC/79M2100417_25_25.jpg
35M2101733,35M2101733_5_14,0,0,2,/trinity/home/m.romanov/benchmarking/datasets/MIST_HER2/trainA/HE/35M2101733_5_14.jpg,/trinity/home/m.romanov/benchmarking/datasets/MIST_HER2/trainB/IHC/35M2101733_5_14.jpg
68M2100640,68M2100640_28_12,0,0,2,/trinity/home/m.romanov/benchmarking/datasets/MIST_HER2/trainA/HE/68M2100640_28_12.jpg,/trinity/home/m.romanov/benchmarking/datasets/MIST_HER2/trainB/IHC/68M2100640_28_12.jpg
88M2100218,88M2100218_27_21,0,0,2,/trinity/home/m.romanov/benchmarking/datasets/MIST_HER2/trainA/HE/88M2100218_27_21.jpg,/trinity/home/m.romanov/benchmarking/datasets/MIST_HER2/trainB/IHC/88M2100218_27_21.jpg
80M2100377,80M2100377_22_20,0,0,2,/trinity/home/m.romanov/benchmarking/datasets/MIST_HER2/trainA/HE/80M2100377_22_20.jpg,/trinity/home/m.romanov/benchmarking/datasets/MIST_HER2/trainB/IHC/80M2100377_22_20.jpg
52M2101275,52M2101275_13_7,0,0,2,/trinity/home/m.romanov/benchmarking/datasets/MIST_HER2/trainA/HE/52M2101275_13_7.jpg,/trinity/home/m.romanov/benchmarking/datasets/MIST_HER2/trainB/IHC/52M2101275_13_7.jpg
14M2102785,14M2102785_23_8,0,0,2,/trinity/home/m.romanov/benchmarking/datasets/MIST_HER2/trainA/HE/14M2102785_23_8.jpg,/trinity/home/m.romanov/benchmarking/datasets/MIST_HER2/trainB/IHC/14M2102785_23_8.jpg
94M2100142,94M2100142_29_10,0,0,2,/trinity/home/m.romanov/benchmarking/datasets/MIST_HER2/trainA/HE/94M2100142_29_10.jpg,/trinity/home/m.romanov/benchmarking/datasets/MIST_HER2/trainB/IHC/94M2100142_29_10.jpg
39M2101576,39M2101576_11_18,0,0,2,/trinity/home/m.romanov/benchmarking/datasets/MIST_HER2/trainA/HE/39M2101576_11_18.jpg,/trinity/home/m.romanov/benchmarking/datasets/MIST_HER2/trainB/IHC/39M2101576_11_18.jpg
16M2102718,16M2102718_18_21,0,0,2,/trinity/home/m.romanov/benchmarking/datasets/MIST_HER2/trainA/HE/16M2102718_18_21.jpg,/trinity/home/m.romanov/benchmarking/datasets/MIST_HER2/trainB/IHC/16M2102718_18_21.jpg
67M2100642,67M2100642_20_10,0,0,2,/trinity/home/m.romanov/benchmarking/datasets/MIST_HER2/trainA/HE/67M2100642_20_10.jpg,/trinity/home/m.romanov/benchmarking/datasets/MIST_HER2/trainB/IHC/67M2100642_20_10.jpg
93M2100147,93M2100147_3_5,0,0,2,/trinity/home/m.romanov/benchmarking/datasets/MIST_HER2/trainA/HE/93M2100147_3_5.jpg,/trinity/home/m.romanov/benchmarking/datasets/MIST_HER2/trainB/IHC/93M2100147_3_5.jpg
44M2101492,44M2101492_11_28,0,0,2,/trinity/home/m.romanov/benchmarking/datasets/MIST_HER2/trainA/HE/44M2101492_11_28.jpg,/trinity/home/m.romanov/benchmarking/datasets/MIST_HER2/trainB/IHC/44M2101492_11_28.jpg
50M2101298,50M2101298_16_9,0,0,2,/trinity/home/m.romanov/benchmarking/datasets/MIST_HER2/trainA/HE/50M2101298_16_9.jpg,/trinity/home/m.romanov/benchmarking/datasets/MIST_HER2/trainB/IHC/50M2101298_16_9.jpg
59M2100987,59M2100987_26_9,0,0,2,/trinity/home/m.romanov/benchmarking/datasets/MIST_HER2/trainA/HE/59M2100987_26_9.jpg,/trinity/home/m.romanov/benchmarking/datasets/MIST_HER2/trainB/IHC/59M2100987_26_9.jpg
69M2100632,69M2100632_6_26,0,0,2,/trinity/home/m.romanov/benchmarking/datasets/MIST_HER2/trainA/HE/69M2100632_6_26.jpg,/trinity/home/m.romanov/benchmarking/datasets/MIST_HER2/trainB/IHC/69M2100632_6_26.jpg
52M2101275,52M2101275_19_6,0,0,2,/trinity/home/m.romanov/benchmarking/datasets/MIST_HER2/trainA/HE/52M2101275_19_6.jpg,/trinity/home/m.romanov/benchmarking/datasets/MIST_HER2/trainB/IHC/52M2101275_19_6.jpg
52M2101275,52M2101275_23_6,0,0,2,/trinity/home/m.romanov/benchmarking/datasets/MIST_HER2/trainA/HE/52M2101275_23_6.jpg,/trinity/home/m.romanov/benchmarking/datasets/MIST_HER2/trainB/IHC/52M2101275_23_6.jpg
39M2101576,39M2101576_19_22,0,0,2,/trinity/home/m.romanov/benchmarking/datasets/MIST_HER2/trainA/HE/39M2101576_19_22.jpg,/trinity/home/m.romanov/benchmarking/datasets/MIST_HER2/trainB/IHC/39M2101576_19_22.jpg
98M2004096,98M2004096_16_8,0,0,2,/trinity/home/m.romanov/benchmarking/datasets/MIST_HER2/trainA/HE/98M2004096_16_8.jpg,/trinity/home/m.romanov/benchmarking/datasets/MIST_HER2/trainB/IHC/98M2004096_16_8.jpg
94M2100142,94M2100142_24_19,0,0,2,/trinity/home/m.romanov/benchmarking/datasets/MIST_HER2/trainA/HE/94M2100142_24_19.jpg,/trinity/home/m.romanov/benchmarking/datasets/MIST_HER2/trainB/IHC/94M2100142_24_19.jpg
45M2101377,45M2101377_25_10,0,0,2,/trinity/home/m.romanov/benchmarking/datasets/MIST_HER2/trainA/HE/45M2101377_25_10.jpg,/trinity/home/m.romanov/benchmarking/datasets/MIST_HER2/trainB/IHC/45M2101377_25_10.jpg
81M2100356,81M2100356_11_20,0,0,2,/trinity/home/m.romanov/benchmarking/datasets/MIST_HER2/trainA/HE/81M2100356_11_20.jpg,/trinity/home/m.romanov/benchmarking/datasets/MIST_HER2/trainB/IHC/81M2100356_11_20.jpg
81M2100356,81M2100356_43_29,0,0,2,/trinity/home/m.romanov/benchmarking/datasets/MIST_HER2/trainA/HE/81M2100356_43_29.jpg,/trinity/home/m.romanov/benchmarking/datasets/MIST_HER2/trainB/IHC/81M2100356_43_29.jpg
19M2102438,19M2102438_17_23,0,0,2,/trinity/home/m.romanov/benchmarking/datasets/MIST_HER2/trainA/HE/19M2102438_17_23.jpg,/trinity/home/m.romanov/benchmarking/datasets/MIST_HER2/trainB/IHC/19M2102438_17_23.jpg
19M2102438,19M2102438_20_16,0,0,2,/trinity/home/m.romanov/benchmarking/datasets/MIST_HER2/trainA/HE/19M2102438_20_16.jpg,/trinity/home/m.romanov/benchmarking/datasets/MIST_HER2/trainB/IHC/19M2102438_20_16.jpg
2M2103108,2M2103108_25_10,0,0,2,/trinity/home/m.romanov/benchmarking/datasets/MIST_HER2/trainA/HE/2M2103108_25_10.jpg,/trinity/home/m.romanov/benchmarking/datasets/MIST_HER2/trainB/IHC/2M2103108_25_10.jpg
23M2102136,23M2102136_36_11,0,0,2,/trinity/home/m.romanov/benchmarking/datasets/MIST_HER2/trainA/HE/23M2102136_36_11.jpg,/trinity/home/m.romanov/benchmarking/datasets/MIST_HER2/trainB/IHC/23M2102136_36_11.jpg
65M2100668,65M2100668_17_13,0,0,2,/trinity/home/m.romanov/benchmarking/datasets/MIST_HER2/trainA/HE/65M2100668_17_13.jpg,/trinity/home/m.romanov/benchmarking/datasets/MIST_HER2/trainB/IHC/65M2100668_17_13.jpg
74M2100526,74M2100526_22_18,0,0,2,/trinity/home/m.romanov/benchmarking/datasets/MIST_HER2/trainA/HE/74M2100526_22_18.jpg,/trinity/home/m.romanov/benchmarking/datasets/MIST_HER2/trainB/IHC/74M2100526_22_18.jpg
27M2102007,27M2102007_14_26,0,0,2,/trinity/home/m.romanov/benchmarking/datasets/MIST_HER2/trainA/HE/27M2102007_14_26.jpg,/trinity/home/m.romanov/benchmarking/datasets/MIST_HER2/trainB/IHC/27M2102007_14_26.jpg
19M2102438,19M2102438_23_22,0,0,2,/trinity/home/m.romanov/benchmarking/datasets/MIST_HER2/trainA/HE/19M2102438_23_22.jpg,/trinity/home/m.romanov/benchmarking/datasets/MIST_HER2/trainB/IHC/19M2102438_23_22.jpg
75M2100521,75M2100521_12_14,0,0,2,/trinity/home/m.romanov/benchmarking/datasets/MIST_HER2/trainA/HE/75M2100521_12_14.jpg,/trinity/home/m.romanov/benchmarking/datasets/MIST_HER2/trainB/IHC/75M2100521_12_14.jpg
94M2100142,94M2100142_24_14,0,0,2,/trinity/home/m.romanov/benchmarking/datasets/MIST_HER2/trainA/HE/94M2100142_24_14.jpg,/trinity/home/m.romanov/benchmarking/datasets/MIST_HER2/trainB/IHC/94M2100142_24_14.jpg
33M2101839,33M2101839_18_15,0,0,2,/trinity/home/m.romanov/benchmarking/datasets/MIST_HER2/trainA/HE/33M2101839_18_15.jpg,/trinity/home/m.romanov/benchmarking/datasets/MIST_HER2/trainB/IHC/33M2101839_18_15.jpg
68M2100640,68M2100640_31_12,0,0,2,/trinity/home/m.romanov/benchmarking/datasets/MIST_HER2/trainA/HE/68M2100640_31_12.jpg,/trinity/home/m.romanov/benchmarking/datasets/MIST_HER2/trainB/IHC/68M2100640_31_12.jpg
47M2101316,47M2101316_28_19,0,0,2,/trinity/home/m.romanov/benchmarking/datasets/MIST_HER2/trainA/HE/47M2101316_28_19.jpg,/trinity/home/m.romanov/benchmarking/datasets/MIST_HER2/trainB/IHC/47M2101316_28_19.jpg
58M2100997,58M2100997_23_30,0,0,2,/trinity/home/m.romanov/benchmarking/datasets/MIST_HER2/trainA/HE/58M2100997_23_30.jpg,/trinity/home/m.romanov/benchmarking/datasets/MIST_HER2/trainB/IHC/58M2100997_23_30.jpg
70M2100623,70M2100623_37_18,0,0,2,/trinity/home/m.romanov/benchmarking/datasets/MIST_HER2/trainA/HE/70M2100623_37_18.jpg,/trinity/home/m.romanov/benchmarking/datasets/MIST_HER2/trainB/IHC/70M2100623_37_18.jpg
75M2100521,75M2100521_20_14,0,0,2,/trinity/home/m.romanov/benchmarking/datasets/MIST_HER2/trainA/HE/75M2100521_20_14.jpg,/trinity/home/m.romanov/benchmarking/datasets/MIST_HER2/trainB/IHC/75M2100521_20_14.jpg
16M2102718,16M2102718_16_15,0,0,2,/trinity/home/m.romanov/benchmarking/datasets/MIST_HER2/trainA/HE/16M2102718_16_15.jpg,/trinity/home/m.romanov/benchmarking/datasets/MIST_HER2/trainB/IHC/16M2102718_16_15.jpg
87M2100227,87M2100227_19_10,0,0,2,/trinity/home/m.romanov/benchmarking/datasets/MIST_HER2/trainA/HE/87M2100227_19_10.jpg,/trinity/home/m.romanov/benchmarking/datasets/MIST_HER2/trainB/IHC/87M2100227_19_10.jpg
88M2100218,88M2100218_8_20,0,0,2,/trinity/home/m.romanov/benchmarking/datasets/MIST_HER2/trainA/HE/88M2100218_8_20.jpg,/trinity/home/m.romanov/benchmarking/datasets/MIST_HER2/trainB/IHC/88M2100218_8_20.jpg
22M2102266,22M2102266_16_10,0,0,2,/trinity/home/m.romanov/benchmarking/datasets/MIST_HER2/trainA/HE/22M2102266_16_10.jpg,/trinity/home/m.romanov/benchmarking/datasets/MIST_HER2/trainB/IHC/22M2102266_16_10.jpg
54M2101205,54M2101205_19_15,0,0,2,/trinity/home/m.romanov/benchmarking/datasets/MIST_HER2/trainA/HE/54M2101205_19_15.jpg,/trinity/home/m.romanov/benchmarking/datasets/MIST_HER2/trainB/IHC/54M2101205_19_15.jpg
67M2100642,67M2100642_18_12,0,0,2,/trinity/home/m.romanov/benchmarking/datasets/MIST_HER2/trainA/HE/67M2100642_18_12.jpg,/trinity/home/m.romanov/benchmarking/datasets/MIST_HER2/trainB/IHC/67M2100642_18_12.jpg
67M2100642,67M2100642_13_9,0,0,2,/trinity/home/m.romanov/benchmarking/datasets/MIST_HER2/trainA/HE/67M2100642_13_9.jpg,/trinity/home/m.romanov/benchmarking/datasets/MIST_HER2/trainB/IHC/67M2100642_13_9.jpg
60M2100980,60M2100980_19_23,0,0,2,/trinity/home/m.romanov/benchmarking/datasets/MIST_HER2/trainA/HE/60M2100980_19_23.jpg,/trinity/home/m.romanov/benchmarking/datasets/MIST_HER2/trainB/IHC/60M2100980_19_23.jpg
48M2101314,48M2101314_35_39,0,0,2,/trinity/home/m.romanov/benchmarking/datasets/MIST_HER2/trainA/HE/48M2101314_35_39.jpg,/trinity/home/m.romanov/benchmarking/datasets/MIST_HER2/trainB/IHC/48M2101314_35_39.jpg
30M2101953,30M2101953_17_14,0,0,2,/trinity/home/m.romanov/benchmarking/datasets/MIST_HER2/trainA/HE/30M2101953_17_14.jpg,/trinity/home/m.romanov/benchmarking/datasets/MIST_HER2/trainB/IHC/30M2101953_17_14.jpg
99M2004082,99M2004082_25_15,0,0,2,/trinity/home/m.romanov/benchmarking/datasets/MIST_HER2/trainA/HE/99M2004082_25_15.jpg,/trinity/home/m.romanov/benchmarking/datasets/MIST_HER2/trainB/IHC/99M2004082_25_15.jpg
56M2101083,56M2101083_33_15,0,0,2,/trinity/home/m.romanov/benchmarking/datasets/MIST_HER2/trainA/HE/56M2101083_33_15.jpg,/trinity/home/m.romanov/benchmarking/datasets/MIST_HER2/trainB/IHC/56M2101083_33_15.jpg
35M2101733,35M2101733_9_4,0,0,2,/trinity/home/m.romanov/benchmarking/datasets/MIST_HER2/trainA/HE/35M2101733_9_4.jpg,/trinity/home/m.romanov/benchmarking/datasets/MIST_HER2/trainB/IHC/35M2101733_9_4.jpg
67M2100642,67M2100642_15_20,0,0,2,/trinity/home/m.romanov/benchmarking/datasets/MIST_HER2/trainA/HE/67M2100642_15_20.jpg,/trinity/home/m.romanov/benchmarking/datasets/MIST_HER2/trainB/IHC/67M2100642_15_20.jpg
93M2100147,93M2100147_13_19,0,0,2,/trinity/home/m.romanov/benchmarking/datasets/MIST_HER2/trainA/HE/93M2100147_13_19.jpg,/trinity/home/m.romanov/benchmarking/datasets/MIST_HER2/trainB/IHC/93M2100147_13_19.jpg
80M2100377,80M2100377_18_29,0,0,2,/trinity/home/m.romanov/benchmarking/datasets/MIST_HER2/trainA/HE/80M2100377_18_29.jpg,/trinity/home/m.romanov/benchmarking/datasets/MIST_HER2/trainB/IHC/80M2100377_18_29.jpg
45M2101377,45M2101377_10_7,0,0,2,/trinity/home/m.romanov/benchmarking/datasets/MIST_HER2/trainA/HE/45M2101377_10_7.jpg,/trinity/home/m.romanov/benchmarking/datasets/MIST_HER2/trainB/IHC/45M2101377_10_7.jpg
45M2101377,45M2101377_24_7,0,0,2,/trinity/home/m.romanov/benchmarking/datasets/MIST_HER2/trainA/HE/45M2101377_24_7.jpg,/trinity/home/m.romanov/benchmarking/datasets/MIST_HER2/trainB/IHC/45M2101377_24_7.jpg
68M2100640,68M2100640_6_19,0,0,2,/trinity/home/m.romanov/benchmarking/datasets/MIST_HER2/trainA/HE/68M2100640_6_19.jpg,/trinity/home/m.romanov/benchmarking/datasets/MIST_HER2/trainB/IHC/68M2100640_6_19.jpg
79M2100417,79M2100417_25_14,0,0,2,/trinity/home/m.romanov/benchmarking/datasets/MIST_HER2/trainA/HE/79M2100417_25_14.jpg,/trinity/home/m.romanov/benchmarking/datasets/MIST_HER2/trainB/IHC/79M2100417_25_14.jpg
28M2101987,28M2101987_18_10,0,0,2,/trinity/home/m.romanov/benchmarking/datasets/MIST_HER2/trainA/HE/28M2101987_18_10.jpg,/trinity/home/m.romanov/benchmarking/datasets/MIST_HER2/trainB/IHC/28M2101987_18_10.jpg
27M2102007,27M2102007_3_24,0,0,2,/trinity/home/m.romanov/benchmarking/datasets/MIST_HER2/trainA/HE/27M2102007_3_24.jpg,/trinity/home/m.romanov/benchmarking/datasets/MIST_HER2/trainB/IHC/27M2102007_3_24.jpg
99M2004082,99M2004082_14_22,0,0,2,/trinity/home/m.romanov/benchmarking/datasets/MIST_HER2/trainA/HE/99M2004082_14_22.jpg,/trinity/home/m.romanov/benchmarking/datasets/MIST_HER2/trainB/IHC/99M2004082_14_22.jpg
68M2100640,68M2100640_33_21,0,0,2,/trinity/home/m.romanov/benchmarking/datasets/MIST_HER2/trainA/HE/68M2100640_33_21.jpg,/trinity/home/m.romanov/benchmarking/datasets/MIST_HER2/trainB/IHC/68M2100640_33_21.jpg
59M2100987,59M2100987_8_10,0,0,2,/trinity/home/m.romanov/benchmarking/datasets/MIST_HER2/trainA/HE/59M2100987_8_10.jpg,/trinity/home/m.romanov/benchmarking/datasets/MIST_HER2/trainB/IHC/59M2100987_8_10.jpg
65M2100668,65M2100668_30_9,0,0,2,/trinity/home/m.romanov/benchmarking/datasets/MIST_HER2/trainA/HE/65M2100668_30_9.jpg,/trinity/home/m.romanov/benchmarking/datasets/MIST_HER2/trainB/IHC/65M2100668_30_9.jpg
62M2100915,62M2100915_8_31,0,0,2,/trinity/home/m.romanov/benchmarking/datasets/MIST_HER2/trainA/HE/62M2100915_8_31.jpg,/trinity/home/m.romanov/benchmarking/datasets/MIST_HER2/trainB/IHC/62M2100915_8_31.jpg
47M2101316,47M2101316_3_25,0,0,2,/trinity/home/m.romanov/benchmarking/datasets/MIST_HER2/trainA/HE/47M2101316_3_25.jpg,/trinity/home/m.romanov/benchmarking/datasets/MIST_HER2/trainB/IHC/47M2101316_3_25.jpg
75M2100521,75M2100521_17_16,0,0,2,/trinity/home/m.romanov/benchmarking/datasets/MIST_HER2/trainA/HE/75M2100521_17_16.jpg,/trinity/home/m.romanov/benchmarking/datasets/MIST_HER2/trainB/IHC/75M2100521_17_16.jpg
22M2102266,22M2102266_20_15,0,0,2,/trinity/home/m.romanov/benchmarking/datasets/MIST_HER2/trainA/HE/22M2102266_20_15.jpg,/trinity/home/m.romanov/benchmarking/datasets/MIST_HER2/trainB/IHC/22M2102266_20_15.jpg
99M2004082,99M2004082_26_5,0,0,2,/trinity/home/m.romanov/benchmarking/datasets/MIST_HER2/trainA/HE/99M2004082_26_5.jpg,/trinity/home/m.romanov/benchmarking/datasets/MIST_HER2/trainB/IHC/99M2004082_26_5.jpg
47M2101316,47M2101316_6_24,0,0,2,/trinity/home/m.romanov/benchmarking/datasets/MIST_HER2/trainA/HE/47M2101316_6_24.jpg,/trinity/home/m.romanov/benchmarking/datasets/MIST_HER2/trainB/IHC/47M2101316_6_24.jpg
35M2101733,35M2101733_4_13,0,0,2,/trinity/home/m.romanov/benchmarking/datasets/MIST_HER2/trainA/HE/35M2101733_4_13.jpg,/trinity/home/m.romanov/benchmarking/datasets/MIST_HER2/trainB/IHC/35M2101733_4_13.jpg
47M2101316,47M2101316_13_28,0,0,2,/trinity/home/m.romanov/benchmarking/datasets/MIST_HER2/trainA/HE/47M2101316_13_28.jpg,/trinity/home/m.romanov/benchmarking/datasets/MIST_HER2/trainB/IHC/47M2101316_13_28.jpg
19M2102438,19M2102438_19_20,0,0,2,/trinity/home/m.romanov/benchmarking/datasets/MIST_HER2/trainA/HE/19M2102438_19_20.jpg,/trinity/home/m.romanov/benchmarking/datasets/MIST_HER2/trainB/IHC/19M2102438_19_20.jpg
77M2100464,77M2100464_12_23,0,0,2,/trinity/home/m.romanov/benchmarking/datasets/MIST_HER2/trainA/HE/77M2100464_12_23.jpg,/trinity/home/m.romanov/benchmarking/datasets/MIST_HER2/trainB/IHC/77M2100464_12_23.jpg
94M2100142,94M2100142_25_14,0,0,2,/trinity/home/m.romanov/benchmarking/datasets/MIST_HER2/trainA/HE/94M2100142_25_14.jpg,/trinity/home/m.romanov/benchmarking/datasets/MIST_HER2/trainB/IHC/94M2100142_25_14.jpg
25M2102060,25M2102060_5_7,0,0,2,/trinity/home/m.romanov/benchmarking/datasets/MIST_HER2/trainA/HE/25M2102060_5_7.jpg,/trinity/home/m.romanov/benchmarking/datasets/MIST_HER2/trainB/IHC/25M2102060_5_7.jpg
50M2101298,50M2101298_24_13,0,0,2,/trinity/home/m.romanov/benchmarking/datasets/MIST_HER2/trainA/HE/50M2101298_24_13.jpg,/trinity/home/m.romanov/benchmarking/datasets/MIST_HER2/trainB/IHC/50M2101298_24_13.jpg
93M2100147,93M2100147_14_25,0,0,2,/trinity/home/m.romanov/benchmarking/datasets/MIST_HER2/trainA/HE/93M2100147_14_25.jpg,/trinity/home/m.romanov/benchmarking/datasets/MIST_HER2/trainB/IHC/93M2100147_14_25.jpg
2M2103108,2M2103108_22_21,0,0,2,/trinity/home/m.romanov/benchmarking/datasets/MIST_HER2/trainA/HE/2M2103108_22_21.jpg,/trinity/home/m.romanov/benchmarking/datasets/MIST_HER2/trainB/IHC/2M2103108_22_21.jpg
80M2100377,80M2100377_17_28,0,0,2,/trinity/home/m.romanov/benchmarking/datasets/MIST_HER2/trainA/HE/80M2100377_17_28.jpg,/trinity/home/m.romanov/benchmarking/datasets/MIST_HER2/trainB/IHC/80M2100377_17_28.jpg
75M2100521,75M2100521_21_14,0,0,2,/trinity/home/m.romanov/benchmarking/datasets/MIST_HER2/trainA/HE/75M2100521_21_14.jpg,/trinity/home/m.romanov/benchmarking/datasets/MIST_HER2/trainB/IHC/75M2100521_21_14.jpg
16M2102718,16M2102718_7_25,0,0,2,/trinity/home/m.romanov/benchmarking/datasets/MIST_HER2/trainA/HE/16M2102718_7_25.jpg,/trinity/home/m.romanov/benchmarking/datasets/MIST_HER2/trainB/IHC/16M2102718_7_25.jpg
74M2100526,74M2100526_9_18,0,0,2,/trinity/home/m.romanov/benchmarking/datasets/MIST_HER2/trainA/HE/74M2100526_9_18.jpg,/trinity/home/m.romanov/benchmarking/datasets/MIST_HER2/trainB/IHC/74M2100526_9_18.jpg
59M2100987,59M2100987_8_15,0,0,2,/trinity/home/m.romanov/benchmarking/datasets/MIST_HER2/trainA/HE/59M2100987_8_15.jpg,/trinity/home/m.romanov/benchmarking/datasets/MIST_HER2/trainB/IHC/59M2100987_8_15.jpg
19M2102438,19M2102438_29_22,0,0,2,/trinity/home/m.romanov/benchmarking/datasets/MIST_HER2/trainA/HE/19M2102438_29_22.jpg,/trinity/home/m.romanov/benchmarking/datasets/MIST_HER2/trainB/IHC/19M2102438_29_22.jpg
79M2100417,79M2100417_19_14,0,0,2,/trinity/home/m.romanov/benchmarking/datasets/MIST_HER2/trainA/HE/79M2100417_19_14.jpg,/trinity/home/m.romanov/benchmarking/datasets/MIST_HER2/trainB/IHC/79M2100417_19_14.jpg
40M2101566,40M2101566_20_33,0,0,2,/trinity/home/m.romanov/benchmarking/datasets/MIST_HER2/trainA/HE/40M2101566_20_33.jpg,/trinity/home/m.romanov/benchmarking/datasets/MIST_HER2/trainB/IHC/40M2101566_20_33.jpg
16M2102718,16M2102718_30_14,0,0,2,/trinity/home/m.romanov/benchmarking/datasets/MIST_HER2/trainA/HE/16M2102718_30_14.jpg,/trinity/home/m.romanov/benchmarking/datasets/MIST_HER2/trainB/IHC/16M2102718_30_14.jpg
91M2100173,91M2100173_23_25,0,0,2,/trinity/home/m.romanov/benchmarking/datasets/MIST_HER2/trainA/HE/91M2100173_23_25.jpg,/trinity/home/m.romanov/benchmarking/datasets/MIST_HER2/trainB/IHC/91M2100173_23_25.jpg
46M2101353,46M2101353_20_29,0,0,2,/trinity/home/m.romanov/benchmarking/datasets/MIST_HER2/trainA/HE/46M2101353_20_29.jpg,/trinity/home/m.romanov/benchmarking/datasets/MIST_HER2/trainB/IHC/46M2101353_20_29.jpg
79M2100417,79M2100417_23_10,0,0,2,/trinity/home/m.romanov/benchmarking/datasets/MIST_HER2/trainA/HE/79M2100417_23_10.jpg,/trinity/home/m.romanov/benchmarking/datasets/MIST_HER2/trainB/IHC/79M2100417_23_10.jpg
74M2100526,74M2100526_19_18,0,0,2,/trinity/home/m.romanov/benchmarking/datasets/MIST_HER2/trainA/HE/74M2100526_19_18.jpg,/trinity/home/m.romanov/benchmarking/datasets/MIST_HER2/trainB/IHC/74M2100526_19_18.jpg
83M2100256,83M2100256_23_15,0,0,2,/trinity/home/m.romanov/benchmarking/datasets/MIST_HER2/trainA/HE/83M2100256_23_15.jpg,/trinity/home/m.romanov/benchmarking/datasets/MIST_HER2/trainB/IHC/83M2100256_23_15.jpg
81M2100356,81M2100356_13_34,0,0,2,/trinity/home/m.romanov/benchmarking/datasets/MIST_HER2/trainA/HE/81M2100356_13_34.jpg,/trinity/home/m.romanov/benchmarking/datasets/MIST_HER2/trainB/IHC/81M2100356_13_34.jpg
65M2100668,65M2100668_17_20,0,0,2,/trinity/home/m.romanov/benchmarking/datasets/MIST_HER2/trainA/HE/65M2100668_17_20.jpg,/trinity/home/m.romanov/benchmarking/datasets/MIST_HER2/trainB/IHC/65M2100668_17_20.jpg
100M2004069,100M2004069_14_13,0,0,2,/trinity/home/m.romanov/benchmarking/datasets/MIST_HER2/trainA/HE/100M2004069_14_13.jpg,/trinity/home/m.romanov/benchmarking/datasets/MIST_HER2/trainB/IHC/100M2004069_14_13.jpg
23M2102136,23M2102136_29_7,0,0,2,/trinity/home/m.romanov/benchmarking/datasets/MIST_HER2/trainA/HE/23M2102136_29_7.jpg,/trinity/home/m.romanov/benchmarking/datasets/MIST_HER2/trainB/IHC/23M2102136_29_7.jpg
6M2103024,6M2103024_16_17,0,0,2,/trinity/home/m.romanov/benchmarking/datasets/MIST_HER2/trainA/HE/6M2103024_16_17.jpg,/trinity/home/m.romanov/benchmarking/datasets/MIST_HER2/trainB/IHC/6M2103024_16_17.jpg
2M2103108,2M2103108_9_14,0,0,2,/trinity/home/m.romanov/benchmarking/datasets/MIST_HER2/trainA/HE/2M2103108_9_14.jpg,/trinity/home/m.romanov/benchmarking/datasets/MIST_HER2/trainB/IHC/2M2103108_9_14.jpg
69M2100632,69M2100632_31_17,0,0,2,/trinity/home/m.romanov/benchmarking/datasets/MIST_HER2/trainA/HE/69M2100632_31_17.jpg,/trinity/home/m.romanov/benchmarking/datasets/MIST_HER2/trainB/IHC/69M2100632_31_17.jpg
99M2004082,99M2004082_30_19,0,0,2,/trinity/home/m.romanov/benchmarking/datasets/MIST_HER2/trainA/HE/99M2004082_30_19.jpg,/trinity/home/m.romanov/benchmarking/datasets/MIST_HER2/trainB/IHC/99M2004082_30_19.jpg
54M2101205,54M2101205_10_7,0,0,2,/trinity/home/m.romanov/benchmarking/datasets/MIST_HER2/trainA/HE/54M2101205_10_7.jpg,/trinity/home/m.romanov/benchmarking/datasets/MIST_HER2/trainB/IHC/54M2101205_10_7.jpg
40M2101566,40M2101566_13_13,0,0,2,/trinity/home/m.romanov/benchmarking/datasets/MIST_HER2/trainA/HE/40M2101566_13_13.jpg,/trinity/home/m.romanov/benchmarking/datasets/MIST_HER2/trainB/IHC/40M2101566_13_13.jpg
69M2100632,69M2100632_16_4,0,0,2,/trinity/home/m.romanov/benchmarking/datasets/MIST_HER2/trainA/HE/69M2100632_16_4.jpg,/trinity/home/m.romanov/benchmarking/datasets/MIST_HER2/trainB/IHC/69M2100632_16_4.jpg
91M2100173,91M2100173_5_7,0,0,2,/trinity/home/m.romanov/benchmarking/datasets/MIST_HER2/trainA/HE/91M2100173_5_7.jpg,/trinity/home/m.romanov/benchmarking/datasets/MIST_HER2/trainB/IHC/91M2100173_5_7.jpg
25M2102060,25M2102060_34_23,0,0,2,/trinity/home/m.romanov/benchmarking/datasets/MIST_HER2/trainA/HE/25M2102060_34_23.jpg,/trinity/home/m.romanov/benchmarking/datasets/MIST_HER2/trainB/IHC/25M2102060_34_23.jpg
27M2102007,27M2102007_15_26,0,0,2,/trinity/home/m.romanov/benchmarking/datasets/MIST_HER2/trainA/HE/27M2102007_15_26.jpg,/trinity/home/m.romanov/benchmarking/datasets/MIST_HER2/trainB/IHC/27M2102007_15_26.jpg
93M2100147,93M2100147_14_11,0,0,2,/trinity/home/m.romanov/benchmarking/datasets/MIST_HER2/trainA/HE/93M2100147_14_11.jpg,/trinity/home/m.romanov/benchmarking/datasets/MIST_HER2/trainB/IHC/93M2100147_14_11.jpg
97M2100034,97M2100034_8_16,0,0,2,/trinity/home/m.romanov/benchmarking/datasets/MIST_HER2/trainA/HE/97M2100034_8_16.jpg,/trinity/home/m.romanov/benchmarking/datasets/MIST_HER2/trainB/IHC/97M2100034_8_16.jpg
51M2101285,51M2101285_13_12,0,0,2,/trinity/home/m.romanov/benchmarking/datasets/MIST_HER2/trainA/HE/51M2101285_13_12.jpg,/trinity/home/m.romanov/benchmarking/datasets/MIST_HER2/trainB/IHC/51M2101285_13_12.jpg
68M2100640,68M2100640_33_10,0,0,2,/trinity/home/m.romanov/benchmarking/datasets/MIST_HER2/trainA/HE/68M2100640_33_10.jpg,/trinity/home/m.romanov/benchmarking/datasets/MIST_HER2/trainB/IHC/68M2100640_33_10.jpg
4M2103059,4M2103059_13_13,0,0,2,/trinity/home/m.romanov/benchmarking/datasets/MIST_HER2/trainA/HE/4M2103059_13_13.jpg,/trinity/home/m.romanov/benchmarking/datasets/MIST_HER2/trainB/IHC/4M2103059_13_13.jpg
47M2101316,47M2101316_25_16,0,0,2,/trinity/home/m.romanov/benchmarking/datasets/MIST_HER2/trainA/HE/47M2101316_25_16.jpg,/trinity/home/m.romanov/benchmarking/datasets/MIST_HER2/trainB/IHC/47M2101316_25_16.jpg
27M2102007,27M2102007_21_14,0,0,2,/trinity/home/m.romanov/benchmarking/datasets/MIST_HER2/trainA/HE/27M2102007_21_14.jpg,/trinity/home/m.romanov/benchmarking/datasets/MIST_HER2/trainB/IHC/27M2102007_21_14.jpg
100M2004069,100M2004069_22_6,0,0,2,/trinity/home/m.romanov/benchmarking/datasets/MIST_HER2/trainA/HE/100M2004069_22_6.jpg,/trinity/home/m.romanov/benchmarking/datasets/MIST_HER2/trainB/IHC/100M2004069_22_6.jpg
83M2100256,83M2100256_11_18,0,0,2,/trinity/home/m.romanov/benchmarking/datasets/MIST_HER2/trainA/HE/83M2100256_11_18.jpg,/trinity/home/m.romanov/benchmarking/datasets/MIST_HER2/trainB/IHC/83M2100256_11_18.jpg
70M2100623,70M2100623_18_18,0,0,2,/trinity/home/m.romanov/benchmarking/datasets/MIST_HER2/trainA/HE/70M2100623_18_18.jpg,/trinity/home/m.romanov/benchmarking/datasets/MIST_HER2/trainB/IHC/70M2100623_18_18.jpg
58M2100997,58M2100997_14_14,0,0,2,/trinity/home/m.romanov/benchmarking/datasets/MIST_HER2/trainA/HE/58M2100997_14_14.jpg,/trinity/home/m.romanov/benchmarking/datasets/MIST_HER2/trainB/IHC/58M2100997_14_14.jpg
59M2100987,59M2100987_31_10,0,0,2,/trinity/home/m.romanov/benchmarking/datasets/MIST_HER2/trainA/HE/59M2100987_31_10.jpg,/trinity/home/m.romanov/benchmarking/datasets/MIST_HER2/trainB/IHC/59M2100987_31_10.jpg
39M2101576,39M2101576_29_15,0,0,2,/trinity/home/m.romanov/benchmarking/datasets/MIST_HER2/trainA/HE/39M2101576_29_15.jpg,/trinity/home/m.romanov/benchmarking/datasets/MIST_HER2/trainB/IHC/39M2101576_29_15.jpg
40M2101566,40M2101566_43_42,0,0,2,/trinity/home/m.romanov/benchmarking/datasets/MIST_HER2/trainA/HE/40M2101566_43_42.jpg,/trinity/home/m.romanov/benchmarking/datasets/MIST_HER2/trainB/IHC/40M2101566_43_42.jpg
28M2101987,28M2101987_20_20,0,0,2,/trinity/home/m.romanov/benchmarking/datasets/MIST_HER2/trainA/HE/28M2101987_20_20.jpg,/trinity/home/m.romanov/benchmarking/datasets/MIST_HER2/trainB/IHC/28M2101987_20_20.jpg
62M2100915,62M2100915_13_22,0,0,2,/trinity/home/m.romanov/benchmarking/datasets/MIST_HER2/trainA/HE/62M2100915_13_22.jpg,/trinity/home/m.romanov/benchmarking/datasets/MIST_HER2/trainB/IHC/62M2100915_13_22.jpg
48M2101314,48M2101314_38_38,0,0,2,/trinity/home/m.romanov/benchmarking/datasets/MIST_HER2/trainA/HE/48M2101314_38_38.jpg,/trinity/home/m.romanov/benchmarking/datasets/MIST_HER2/trainB/IHC/48M2101314_38_38.jpg
19M2102438,19M2102438_24_19,0,0,2,/trinity/home/m.romanov/benchmarking/datasets/MIST_HER2/trainA/HE/19M2102438_24_19.jpg,/trinity/home/m.romanov/benchmarking/datasets/MIST_HER2/trainB/IHC/19M2102438_24_19.jpg
48M2101314,48M2101314_7_22,0,0,2,/trinity/home/m.romanov/benchmarking/datasets/MIST_HER2/trainA/HE/48M2101314_7_22.jpg,/trinity/home/m.romanov/benchmarking/datasets/MIST_HER2/trainB/IHC/48M2101314_7_22.jpg
68M2100640,68M2100640_7_19,0,0,2,/trinity/home/m.romanov/benchmarking/datasets/MIST_HER2/trainA/HE/68M2100640_7_19.jpg,/trinity/home/m.romanov/benchmarking/datasets/MIST_HER2/trainB/IHC/68M2100640_7_19.jpg
79M2100417,79M2100417_11_13,0,0,2,/trinity/home/m.romanov/benchmarking/datasets/MIST_HER2/trainA/HE/79M2100417_11_13.jpg,/trinity/home/m.romanov/benchmarking/datasets/MIST_HER2/trainB/IHC/79M2100417_11_13.jpg
47M2101316,47M2101316_9_21,0,0,2,/trinity/home/m.romanov/benchmarking/datasets/MIST_HER2/trainA/HE/47M2101316_9_21.jpg,/trinity/home/m.romanov/benchmarking/datasets/MIST_HER2/trainB/IHC/47M2101316_9_21.jpg
97M2100034,97M2100034_21_12,0,0,2,/trinity/home/m.romanov/benchmarking/datasets/MIST_HER2/trainA/HE/97M2100034_21_12.jpg,/trinity/home/m.romanov/benchmarking/datasets/MIST_HER2/trainB/IHC/97M2100034_21_12.jpg
81M2100356,81M2100356_33_13,0,0,2,/trinity/home/m.romanov/benchmarking/datasets/MIST_HER2/trainA/HE/81M2100356_33_13.jpg,/trinity/home/m.romanov/benchmarking/datasets/MIST_HER2/trainB/IHC/81M2100356_33_13.jpg
93M2100147,93M2100147_7_24,0,0,2,/trinity/home/m.romanov/benchmarking/datasets/MIST_HER2/trainA/HE/93M2100147_7_24.jpg,/trinity/home/m.romanov/benchmarking/datasets/MIST_HER2/trainB/IHC/93M2100147_7_24.jpg
92M2100150,92M2100150_13_25,0,0,2,/trinity/home/m.romanov/benchmarking/datasets/MIST_HER2/trainA/HE/92M2100150_13_25.jpg,/trinity/home/m.romanov/benchmarking/datasets/MIST_HER2/trainB/IHC/92M2100150_13_25.jpg
28M2101987,28M2101987_16_12,0,0,2,/trinity/home/m.romanov/benchmarking/datasets/MIST_HER2/trainA/HE/28M2101987_16_12.jpg,/trinity/home/m.romanov/benchmarking/datasets/MIST_HER2/trainB/IHC/28M2101987_16_12.jpg
65M2100668,65M2100668_23_10,0,0,2,/trinity/home/m.romanov/benchmarking/datasets/MIST_HER2/trainA/HE/65M2100668_23_10.jpg,/trinity/home/m.romanov/benchmarking/datasets/MIST_HER2/trainB/IHC/65M2100668_23_10.jpg
16M2102718,16M2102718_11_27,0,0,2,/trinity/home/m.romanov/benchmarking/datasets/MIST_HER2/trainA/HE/16M2102718_11_27.jpg,/trinity/home/m.romanov/benchmarking/datasets/MIST_HER2/trainB/IHC/16M2102718_11_27.jpg
15M2102762,15M2102762_18_20,0,0,2,/trinity/home/m.romanov/benchmarking/datasets/MIST_HER2/trainA/HE/15M2102762_18_20.jpg,/trinity/home/m.romanov/benchmarking/datasets/MIST_HER2/trainB/IHC/15M2102762_18_20.jpg
88M2100218,88M2100218_14_25,0,0,2,/trinity/home/m.romanov/benchmarking/datasets/MIST_HER2/trainA/HE/88M2100218_14_25.jpg,/trinity/home/m.romanov/benchmarking/datasets/MIST_HER2/trainB/IHC/88M2100218_14_25.jpg
79M2100417,79M2100417_14_19,0,0,2,/trinity/home/m.romanov/benchmarking/datasets/MIST_HER2/trainA/HE/79M2100417_14_19.jpg,/trinity/home/m.romanov/benchmarking/datasets/MIST_HER2/trainB/IHC/79M2100417_14_19.jpg
53M2101258,53M2101258_26_9,0,0,2,/trinity/home/m.romanov/benchmarking/datasets/MIST_HER2/trainA/HE/53M2101258_26_9.jpg,/trinity/home/m.romanov/benchmarking/datasets/MIST_HER2/trainB/IHC/53M2101258_26_9.jpg
33M2101839,33M2101839_2_2,0,0,2,/trinity/home/m.romanov/benchmarking/datasets/MIST_HER2/trainA/HE/33M2101839_2_2.jpg,/trinity/home/m.romanov/benchmarking/datasets/MIST_HER2/trainB/IHC/33M2101839_2_2.jpg
69M2100632,69M2100632_32_11,0,0,2,/trinity/home/m.romanov/benchmarking/datasets/MIST_HER2/trainA/HE/69M2100632_32_11.jpg,/trinity/home/m.romanov/benchmarking/datasets/MIST_HER2/trainB/IHC/69M2100632_32_11.jpg
67M2100642,67M2100642_10_13,0,0,2,/trinity/home/m.romanov/benchmarking/datasets/MIST_HER2/trainA/HE/67M2100642_10_13.jpg,/trinity/home/m.romanov/benchmarking/datasets/MIST_HER2/trainB/IHC/67M2100642_10_13.jpg
28M2101987,28M2101987_42_9,0,0,2,/trinity/home/m.romanov/benchmarking/datasets/MIST_HER2/trainA/HE/28M2101987_42_9.jpg,/trinity/home/m.romanov/benchmarking/datasets/MIST_HER2/trainB/IHC/28M2101987_42_9.jpg
50M2101298,50M2101298_9_13,0,0,2,/trinity/home/m.romanov/benchmarking/datasets/MIST_HER2/trainA/HE/50M2101298_9_13.jpg,/trinity/home/m.romanov/benchmarking/datasets/MIST_HER2/trainB/IHC/50M2101298_9_13.jpg
81M2100356,81M2100356_23_25,0,0,2,/trinity/home/m.romanov/benchmarking/datasets/MIST_HER2/trainA/HE/81M2100356_23_25.jpg,/trinity/home/m.romanov/benchmarking/datasets/MIST_HER2/trainB/IHC/81M2100356_23_25.jpg
56M2101083,56M2101083_29_34,0,0,2,/trinity/home/m.romanov/benchmarking/datasets/MIST_HER2/trainA/HE/56M2101083_29_34.jpg,/trinity/home/m.romanov/benchmarking/datasets/MIST_HER2/trainB/IHC/56M2101083_29_34.jpg
51M2101285,51M2101285_17_20,0,0,2,/trinity/home/m.romanov/benchmarking/datasets/MIST_HER2/trainA/HE/51M2101285_17_20.jpg,/trinity/home/m.romanov/benchmarking/datasets/MIST_HER2/trainB/IHC/51M2101285_17_20.jpg
94M2100142,94M2100142_15_8,0,0,2,/trinity/home/m.romanov/benchmarking/datasets/MIST_HER2/trainA/HE/94M2100142_15_8.jpg,/trinity/home/m.romanov/benchmarking/datasets/MIST_HER2/trainB/IHC/94M2100142_15_8.jpg
19M2102438,19M2102438_22_17,0,0,2,/trinity/home/m.romanov/benchmarking/datasets/MIST_HER2/trainA/HE/19M2102438_22_17.jpg,/trinity/home/m.romanov/benchmarking/datasets/MIST_HER2/trainB/IHC/19M2102438_22_17.jpg
81M2100356,81M2100356_31_30,0,0,2,/trinity/home/m.romanov/benchmarking/datasets/MIST_HER2/trainA/HE/81M2100356_31_30.jpg,/trinity/home/m.romanov/benchmarking/datasets/MIST_HER2/trainB/IHC/81M2100356_31_30.jpg
30M2101953,30M2101953_16_15,0,0,2,/trinity/home/m.romanov/benchmarking/datasets/MIST_HER2/trainA/HE/30M2101953_16_15.jpg,/trinity/home/m.romanov/benchmarking/datasets/MIST_HER2/trainB/IHC/30M2101953_16_15.jpg
23M2102136,23M2102136_30_12,0,0,2,/trinity/home/m.romanov/benchmarking/datasets/MIST_HER2/trainA/HE/23M2102136_30_12.jpg,/trinity/home/m.romanov/benchmarking/datasets/MIST_HER2/trainB/IHC/23M2102136_30_12.jpg
23M2102136,23M2102136_13_14,0,0,2,/trinity/home/m.romanov/benchmarking/datasets/MIST_HER2/trainA/HE/23M2102136_13_14.jpg,/trinity/home/m.romanov/benchmarking/datasets/MIST_HER2/trainB/IHC/23M2102136_13_14.jpg
91M2100173,91M2100173_23_24,0,0,2,/trinity/home/m.romanov/benchmarking/datasets/MIST_HER2/trainA/HE/91M2100173_23_24.jpg,/trinity/home/m.romanov/benchmarking/datasets/MIST_HER2/trainB/IHC/91M2100173_23_24.jpg
74M2100526,74M2100526_26_21,0,0,2,/trinity/home/m.romanov/benchmarking/datasets/MIST_HER2/trainA/HE/74M2100526_26_21.jpg,/trinity/home/m.romanov/benchmarking/datasets/MIST_HER2/trainB/IHC/74M2100526_26_21.jpg
52M2101275,52M2101275_12_13,0,0,2,/trinity/home/m.romanov/benchmarking/datasets/MIST_HER2/trainA/HE/52M2101275_12_13.jpg,/trinity/home/m.romanov/benchmarking/datasets/MIST_HER2/trainB/IHC/52M2101275_12_13.jpg
97M2100034,97M2100034_14_13,0,0,2,/trinity/home/m.romanov/benchmarking/datasets/MIST_HER2/trainA/HE/97M2100034_14_13.jpg,/trinity/home/m.romanov/benchmarking/datasets/MIST_HER2/trainB/IHC/97M2100034_14_13.jpg
88M2100218,88M2100218_4_17,0,0,2,/trinity/home/m.romanov/benchmarking/datasets/MIST_HER2/trainA/HE/88M2100218_4_17.jpg,/trinity/home/m.romanov/benchmarking/datasets/MIST_HER2/trainB/IHC/88M2100218_4_17.jpg
25M2102060,25M2102060_9_16,0,0,2,/trinity/home/m.romanov/benchmarking/datasets/MIST_HER2/trainA/HE/25M2102060_9_16.jpg,/trinity/home/m.romanov/benchmarking/datasets/MIST_HER2/trainB/IHC/25M2102060_9_16.jpg
67M2100642,67M2100642_12_8,0,0,2,/trinity/home/m.romanov/benchmarking/datasets/MIST_HER2/trainA/HE/67M2100642_12_8.jpg,/trinity/home/m.romanov/benchmarking/datasets/MIST_HER2/trainB/IHC/67M2100642_12_8.jpg
10M2102916,10M2102916_10_12,0,0,2,/trinity/home/m.romanov/benchmarking/datasets/MIST_HER2/trainA/HE/10M2102916_10_12.jpg,/trinity/home/m.romanov/benchmarking/datasets/MIST_HER2/trainB/IHC/10M2102916_10_12.jpg
39M2101576,39M2101576_22_16,0,0,2,/trinity/home/m.romanov/benchmarking/datasets/MIST_HER2/trainA/HE/39M2101576_22_16.jpg,/trinity/home/m.romanov/benchmarking/datasets/MIST_HER2/trainB/IHC/39M2101576_22_16.jpg
46M2101353,46M2101353_24_9,0,0,2,/trinity/home/m.romanov/benchmarking/datasets/MIST_HER2/trainA/HE/46M2101353_24_9.jpg,/trinity/home/m.romanov/benchmarking/datasets/MIST_HER2/trainB/IHC/46M2101353_24_9.jpg
44M2101492,44M2101492_20_25,0,0,2,/trinity/home/m.romanov/benchmarking/datasets/MIST_HER2/trainA/HE/44M2101492_20_25.jpg,/trinity/home/m.romanov/benchmarking/datasets/MIST_HER2/trainB/IHC/44M2101492_20_25.jpg
58M2100997,58M2100997_18_15,0,0,2,/trinity/home/m.romanov/benchmarking/datasets/MIST_HER2/trainA/HE/58M2100997_18_15.jpg,/trinity/home/m.romanov/benchmarking/datasets/MIST_HER2/trainB/IHC/58M2100997_18_15.jpg
98M2004096,98M2004096_30_5,0,0,2,/trinity/home/m.romanov/benchmarking/datasets/MIST_HER2/trainA/HE/98M2004096_30_5.jpg,/trinity/home/m.romanov/benchmarking/datasets/MIST_HER2/trainB/IHC/98M2004096_30_5.jpg
100M2004069,100M2004069_10_15,0,0,2,/trinity/home/m.romanov/benchmarking/datasets/MIST_HER2/trainA/HE/100M2004069_10_15.jpg,/trinity/home/m.romanov/benchmarking/datasets/MIST_HER2/trainB/IHC/100M2004069_10_15.jpg
53M2101258,53M2101258_16_26,0,0,2,/trinity/home/m.romanov/benchmarking/datasets/MIST_HER2/trainA/HE/53M2101258_16_26.jpg,/trinity/home/m.romanov/benchmarking/datasets/MIST_HER2/trainB/IHC/53M2101258_16_26.jpg
28M2101987,28M2101987_19_19,0,0,2,/trinity/home/m.romanov/benchmarking/datasets/MIST_HER2/trainA/HE/28M2101987_19_19.jpg,/trinity/home/m.romanov/benchmarking/datasets/MIST_HER2/trainB/IHC/28M2101987_19_19.jpg
58M2100997,58M2100997_18_20,0,0,2,/trinity/home/m.romanov/benchmarking/datasets/MIST_HER2/trainA/HE/58M2100997_18_20.jpg,/trinity/home/m.romanov/benchmarking/datasets/MIST_HER2/trainB/IHC/58M2100997_18_20.jpg
97M2100034,97M2100034_11_19,0,0,2,/trinity/home/m.romanov/benchmarking/datasets/MIST_HER2/trainA/HE/97M2100034_11_19.jpg,/trinity/home/m.romanov/benchmarking/datasets/MIST_HER2/trainB/IHC/97M2100034_11_19.jpg
92M2100150,92M2100150_9_32,0,0,2,/trinity/home/m.romanov/benchmarking/datasets/MIST_HER2/trainA/HE/92M2100150_9_32.jpg,/trinity/home/m.romanov/benchmarking/datasets/MIST_HER2/trainB/IHC/92M2100150_9_32.jpg
56M2101083,56M2101083_30_17,0,0,2,/trinity/home/m.romanov/benchmarking/datasets/MIST_HER2/trainA/HE/56M2101083_30_17.jpg,/trinity/home/m.romanov/benchmarking/datasets/MIST_HER2/trainB/IHC/56M2101083_30_17.jpg
69M2100632,69M2100632_23_20,0,0,2,/trinity/home/m.romanov/benchmarking/datasets/MIST_HER2/trainA/HE/69M2100632_23_20.jpg,/trinity/home/m.romanov/benchmarking/datasets/MIST_HER2/trainB/IHC/69M2100632_23_20.jpg
6M2103024,6M2103024_27_14,0,0,2,/trinity/home/m.romanov/benchmarking/datasets/MIST_HER2/trainA/HE/6M2103024_27_14.jpg,/trinity/home/m.romanov/benchmarking/datasets/MIST_HER2/trainB/IHC/6M2103024_27_14.jpg
80M2100377,80M2100377_26_22,0,0,2,/trinity/home/m.romanov/benchmarking/datasets/MIST_HER2/trainA/HE/80M2100377_26_22.jpg,/trinity/home/m.romanov/benchmarking/datasets/MIST_HER2/trainB/IHC/80M2100377_26_22.jpg
22M2102266,22M2102266_17_22,0,0,2,/trinity/home/m.romanov/benchmarking/datasets/MIST_HER2/trainA/HE/22M2102266_17_22.jpg,/trinity/home/m.romanov/benchmarking/datasets/MIST_HER2/trainB/IHC/22M2102266_17_22.jpg
25M2102060,25M2102060_9_19,0,0,2,/trinity/home/m.romanov/benchmarking/datasets/MIST_HER2/trainA/HE/25M2102060_9_19.jpg,/trinity/home/m.romanov/benchmarking/datasets/MIST_HER2/trainB/IHC/25M2102060_9_19.jpg
98M2004096,98M2004096_26_1,0,0,2,/trinity/home/m.romanov/benchmarking/datasets/MIST_HER2/trainA/HE/98M2004096_26_1.jpg,/trinity/home/m.romanov/benchmarking/datasets/MIST_HER2/trainB/IHC/98M2004096_26_1.jpg
92M2100150,92M2100150_2_28,0,0,2,/trinity/home/m.romanov/benchmarking/datasets/MIST_HER2/trainA/HE/92M2100150_2_28.jpg,/trinity/home/m.romanov/benchmarking/datasets/MIST_HER2/trainB/IHC/92M2100150_2_28.jpg
74M2100526,74M2100526_16_26,0,0,2,/trinity/home/m.romanov/benchmarking/datasets/MIST_HER2/trainA/HE/74M2100526_16_26.jpg,/trinity/home/m.romanov/benchmarking/datasets/MIST_HER2/trainB/IHC/74M2100526_16_26.jpg
77M2100464,77M2100464_23_9,0,0,2,/trinity/home/m.romanov/benchmarking/datasets/MIST_HER2/trainA/HE/77M2100464_23_9.jpg,/trinity/home/m.romanov/benchmarking/datasets/MIST_HER2/trainB/IHC/77M2100464_23_9.jpg
81M2100356,81M2100356_11_14,0,0,2,/trinity/home/m.romanov/benchmarking/datasets/MIST_HER2/trainA/HE/81M2100356_11_14.jpg,/trinity/home/m.romanov/benchmarking/datasets/MIST_HER2/trainB/IHC/81M2100356_11_14.jpg
70M2100623,70M2100623_6_20,0,0,2,/trinity/home/m.romanov/benchmarking/datasets/MIST_HER2/trainA/HE/70M2100623_6_20.jpg,/trinity/home/m.romanov/benchmarking/datasets/MIST_HER2/trainB/IHC/70M2100623_6_20.jpg
70M2100623,70M2100623_20_17,0,0,2,/trinity/home/m.romanov/benchmarking/datasets/MIST_HER2/trainA/HE/70M2100623_20_17.jpg,/trinity/home/m.romanov/benchmarking/datasets/MIST_HER2/trainB/IHC/70M2100623_20_17.jpg
81M2100356,81M2100356_34_38,0,0,2,/trinity/home/m.romanov/benchmarking/datasets/MIST_HER2/trainA/HE/81M2100356_34_38.jpg,/trinity/home/m.romanov/benchmarking/datasets/MIST_HER2/trainB/IHC/81M2100356_34_38.jpg
15M2102762,15M2102762_24_13,0,0,2,/trinity/home/m.romanov/benchmarking/datasets/MIST_HER2/trainA/HE/15M2102762_24_13.jpg,/trinity/home/m.romanov/benchmarking/datasets/MIST_HER2/trainB/IHC/15M2102762_24_13.jpg
52M2101275,52M2101275_7_4,0,0,2,/trinity/home/m.romanov/benchmarking/datasets/MIST_HER2/trainA/HE/52M2101275_7_4.jpg,/trinity/home/m.romanov/benchmarking/datasets/MIST_HER2/trainB/IHC/52M2101275_7_4.jpg
93M2100147,93M2100147_9_9,0,0,2,/trinity/home/m.romanov/benchmarking/datasets/MIST_HER2/trainA/HE/93M2100147_9_9.jpg,/trinity/home/m.romanov/benchmarking/datasets/MIST_HER2/trainB/IHC/93M2100147_9_9.jpg
28M2101987,28M2101987_39_10,0,0,2,/trinity/home/m.romanov/benchmarking/datasets/MIST_HER2/trainA/HE/28M2101987_39_10.jpg,/trinity/home/m.romanov/benchmarking/datasets/MIST_HER2/trainB/IHC/28M2101987_39_10.jpg
99M2004082,99M2004082_30_16,0,0,2,/trinity/home/m.romanov/benchmarking/datasets/MIST_HER2/trainA/HE/99M2004082_30_16.jpg,/trinity/home/m.romanov/benchmarking/datasets/MIST_HER2/trainB/IHC/99M2004082_30_16.jpg
94M2100142,94M2100142_23_17,0,0,2,/trinity/home/m.romanov/benchmarking/datasets/MIST_HER2/trainA/HE/94M2100142_23_17.jpg,/trinity/home/m.romanov/benchmarking/datasets/MIST_HER2/trainB/IHC/94M2100142_23_17.jpg
53M2101258,53M2101258_24_37,0,0,2,/trinity/home/m.romanov/benchmarking/datasets/MIST_HER2/trainA/HE/53M2101258_24_37.jpg,/trinity/home/m.romanov/benchmarking/datasets/MIST_HER2/trainB/IHC/53M2101258_24_37.jpg
69M2100632,69M2100632_38_12,0,0,2,/trinity/home/m.romanov/benchmarking/datasets/MIST_HER2/trainA/HE/69M2100632_38_12.jpg,/trinity/home/m.romanov/benchmarking/datasets/MIST_HER2/trainB/IHC/69M2100632_38_12.jpg
48M2101314,48M2101314_33_24,0,0,2,/trinity/home/m.romanov/benchmarking/datasets/MIST_HER2/trainA/HE/48M2101314_33_24.jpg,/trinity/home/m.romanov/benchmarking/datasets/MIST_HER2/trainB/IHC/48M2101314_33_24.jpg
62M2100915,62M2100915_32_13,0,0,2,/trinity/home/m.romanov/benchmarking/datasets/MIST_HER2/trainA/HE/62M2100915_32_13.jpg,/trinity/home/m.romanov/benchmarking/datasets/MIST_HER2/trainB/IHC/62M2100915_32_13.jpg
62M2100915,62M2100915_32_33,0,0,2,/trinity/home/m.romanov/benchmarking/datasets/MIST_HER2/trainA/HE/62M2100915_32_33.jpg,/trinity/home/m.romanov/benchmarking/datasets/MIST_HER2/trainB/IHC/62M2100915_32_33.jpg
93M2100147,93M2100147_4_2,0,0,2,/trinity/home/m.romanov/benchmarking/datasets/MIST_HER2/trainA/HE/93M2100147_4_2.jpg,/trinity/home/m.romanov/benchmarking/datasets/MIST_HER2/trainB/IHC/93M2100147_4_2.jpg
15M2102762,15M2102762_11_20,0,0,2,/trinity/home/m.romanov/benchmarking/datasets/MIST_HER2/trainA/HE/15M2102762_11_20.jpg,/trinity/home/m.romanov/benchmarking/datasets/MIST_HER2/trainB/IHC/15M2102762_11_20.jpg
100M2004069,100M2004069_33_25,0,0,2,/trinity/home/m.romanov/benchmarking/datasets/MIST_HER2/trainA/HE/100M2004069_33_25.jpg,/trinity/home/m.romanov/benchmarking/datasets/MIST_HER2/trainB/IHC/100M2004069_33_25.jpg
30M2101953,30M2101953_8_10,0,0,2,/trinity/home/m.romanov/benchmarking/datasets/MIST_HER2/trainA/HE/30M2101953_8_10.jpg,/trinity/home/m.romanov/benchmarking/datasets/MIST_HER2/trainB/IHC/30M2101953_8_10.jpg
4M2103059,4M2103059_24_4,0,0,2,/trinity/home/m.romanov/benchmarking/datasets/MIST_HER2/trainA/HE/4M2103059_24_4.jpg,/trinity/home/m.romanov/benchmarking/datasets/MIST_HER2/trainB/IHC/4M2103059_24_4.jpg
16M2102718,16M2102718_7_21,0,0,2,/trinity/home/m.romanov/benchmarking/datasets/MIST_HER2/trainA/HE/16M2102718_7_21.jpg,/trinity/home/m.romanov/benchmarking/datasets/MIST_HER2/trainB/IHC/16M2102718_7_21.jpg
93M2100147,93M2100147_13_26,0,0,2,/trinity/home/m.romanov/benchmarking/datasets/MIST_HER2/trainA/HE/93M2100147_13_26.jpg,/trinity/home/m.romanov/benchmarking/datasets/MIST_HER2/trainB/IHC/93M2100147_13_26.jpg
76M2100485,76M2100485_24_10,0,0,2,/trinity/home/m.romanov/benchmarking/datasets/MIST_HER2/trainA/HE/76M2100485_24_10.jpg,/trinity/home/m.romanov/benchmarking/datasets/MIST_HER2/trainB/IHC/76M2100485_24_10.jpg
45M2101377,45M2101377_9_8,0,0,2,/trinity/home/m.romanov/benchmarking/datasets/MIST_HER2/trainA/HE/45M2101377_9_8.jpg,/trinity/home/m.romanov/benchmarking/datasets/MIST_HER2/trainB/IHC/45M2101377_9_8.jpg
94M2100142,94M2100142_32_14,0,0,2,/trinity/home/m.romanov/benchmarking/datasets/MIST_HER2/trainA/HE/94M2100142_32_14.jpg,/trinity/home/m.romanov/benchmarking/datasets/MIST_HER2/trainB/IHC/94M2100142_32_14.jpg
23M2102136,23M2102136_20_12,0,0,2,/trinity/home/m.romanov/benchmarking/datasets/MIST_HER2/trainA/HE/23M2102136_20_12.jpg,/trinity/home/m.romanov/benchmarking/datasets/MIST_HER2/trainB/IHC/23M2102136_20_12.jpg
16M2102718,16M2102718_21_26,0,0,2,/trinity/home/m.romanov/benchmarking/datasets/MIST_HER2/trainA/HE/16M2102718_21_26.jpg,/trinity/home/m.romanov/benchmarking/datasets/MIST_HER2/trainB/IHC/16M2102718_21_26.jpg
50M2101298,50M2101298_18_11,0,0,2,/trinity/home/m.romanov/benchmarking/datasets/MIST_HER2/trainA/HE/50M2101298_18_11.jpg,/trinity/home/m.romanov/benchmarking/datasets/MIST_HER2/trainB/IHC/50M2101298_18_11.jpg
23M2102136,23M2102136_34_11,0,0,2,/trinity/home/m.romanov/benchmarking/datasets/MIST_HER2/trainA/HE/23M2102136_34_11.jpg,/trinity/home/m.romanov/benchmarking/datasets/MIST_HER2/trainB/IHC/23M2102136_34_11.jpg
97M2100034,97M2100034_20_12,0,0,2,/trinity/home/m.romanov/benchmarking/datasets/MIST_HER2/trainA/HE/97M2100034_20_12.jpg,/trinity/home/m.romanov/benchmarking/datasets/MIST_HER2/trainB/IHC/97M2100034_20_12.jpg
100M2004069,100M2004069_24_22,0,0,2,/trinity/home/m.romanov/benchmarking/datasets/MIST_HER2/trainA/HE/100M2004069_24_22.jpg,/trinity/home/m.romanov/benchmarking/datasets/MIST_HER2/trainB/IHC/100M2004069_24_22.jpg
46M2101353,46M2101353_25_13,0,0,2,/trinity/home/m.romanov/benchmarking/datasets/MIST_HER2/trainA/HE/46M2101353_25_13.jpg,/trinity/home/m.romanov/benchmarking/datasets/MIST_HER2/trainB/IHC/46M2101353_25_13.jpg
91M2100173,91M2100173_9_10,0,0,2,/trinity/home/m.romanov/benchmarking/datasets/MIST_HER2/trainA/HE/91M2100173_9_10.jpg,/trinity/home/m.romanov/benchmarking/datasets/MIST_HER2/trainB/IHC/91M2100173_9_10.jpg
53M2101258,53M2101258_24_1,0,0,2,/trinity/home/m.romanov/benchmarking/datasets/MIST_HER2/trainA/HE/53M2101258_24_1.jpg,/trinity/home/m.romanov/benchmarking/datasets/MIST_HER2/trainB/IHC/53M2101258_24_1.jpg
16M2102718,16M2102718_5_14,0,0,2,/trinity/home/m.romanov/benchmarking/datasets/MIST_HER2/trainA/HE/16M2102718_5_14.jpg,/trinity/home/m.romanov/benchmarking/datasets/MIST_HER2/trainB/IHC/16M2102718_5_14.jpg
75M2100521,75M2100521_16_13,0,0,2,/trinity/home/m.romanov/benchmarking/datasets/MIST_HER2/trainA/HE/75M2100521_16_13.jpg,/trinity/home/m.romanov/benchmarking/datasets/MIST_HER2/trainB/IHC/75M2100521_16_13.jpg
93M2100147,93M2100147_17_10,0,0,2,/trinity/home/m.romanov/benchmarking/datasets/MIST_HER2/trainA/HE/93M2100147_17_10.jpg,/trinity/home/m.romanov/benchmarking/datasets/MIST_HER2/trainB/IHC/93M2100147_17_10.jpg
92M2100150,92M2100150_9_10,0,0,2,/trinity/home/m.romanov/benchmarking/datasets/MIST_HER2/trainA/HE/92M2100150_9_10.jpg,/trinity/home/m.romanov/benchmarking/datasets/MIST_HER2/trainB/IHC/92M2100150_9_10.jpg
97M2100034,97M2100034_28_14,0,0,2,/trinity/home/m.romanov/benchmarking/datasets/MIST_HER2/trainA/HE/97M2100034_28_14.jpg,/trinity/home/m.romanov/benchmarking/datasets/MIST_HER2/trainB/IHC/97M2100034_28_14.jpg
68M2100640,68M2100640_27_9,0,0,2,/trinity/home/m.romanov/benchmarking/datasets/MIST_HER2/trainA/HE/68M2100640_27_9.jpg,/trinity/home/m.romanov/benchmarking/datasets/MIST_HER2/trainB/IHC/68M2100640_27_9.jpg
44M2101492,44M2101492_23_25,0,0,2,/trinity/home/m.romanov/benchmarking/datasets/MIST_HER2/trainA/HE/44M2101492_23_25.jpg,/trinity/home/m.romanov/benchmarking/datasets/MIST_HER2/trainB/IHC/44M2101492_23_25.jpg
75M2100521,75M2100521_5_9,0,0,2,/trinity/home/m.romanov/benchmarking/datasets/MIST_HER2/trainA/HE/75M2100521_5_9.jpg,/trinity/home/m.romanov/benchmarking/datasets/MIST_HER2/trainB/IHC/75M2100521_5_9.jpg
19M2102438,19M2102438_28_20,0,0,2,/trinity/home/m.romanov/benchmarking/datasets/MIST_HER2/trainA/HE/19M2102438_28_20.jpg,/trinity/home/m.romanov/benchmarking/datasets/MIST_HER2/trainB/IHC/19M2102438_28_20.jpg
76M2100485,76M2100485_25_11,0,0,2,/trinity/home/m.romanov/benchmarking/datasets/MIST_HER2/trainA/HE/76M2100485_25_11.jpg,/trinity/home/m.romanov/benchmarking/datasets/MIST_HER2/trainB/IHC/76M2100485_25_11.jpg
45M2101377,45M2101377_12_24,0,0,2,/trinity/home/m.romanov/benchmarking/datasets/MIST_HER2/trainA/HE/45M2101377_12_24.jpg,/trinity/home/m.romanov/benchmarking/datasets/MIST_HER2/trainB/IHC/45M2101377_12_24.jpg
2M2103108,2M2103108_23_15,0,0,2,/trinity/home/m.romanov/benchmarking/datasets/MIST_HER2/trainA/HE/2M2103108_23_15.jpg,/trinity/home/m.romanov/benchmarking/datasets/MIST_HER2/trainB/IHC/2M2103108_23_15.jpg
57M2101034,57M2101034_13_20,0,0,2,/trinity/home/m.romanov/benchmarking/datasets/MIST_HER2/trainA/HE/57M2101034_13_20.jpg,/trinity/home/m.romanov/benchmarking/datasets/MIST_HER2/trainB/IHC/57M2101034_13_20.jpg
60M2100980,60M2100980_8_5,0,0,2,/trinity/home/m.romanov/benchmarking/datasets/MIST_HER2/trainA/HE/60M2100980_8_5.jpg,/trinity/home/m.romanov/benchmarking/datasets/MIST_HER2/trainB/IHC/60M2100980_8_5.jpg
53M2101258,53M2101258_32_8,0,0,2,/trinity/home/m.romanov/benchmarking/datasets/MIST_HER2/trainA/HE/53M2101258_32_8.jpg,/trinity/home/m.romanov/benchmarking/datasets/MIST_HER2/trainB/IHC/53M2101258_32_8.jpg
19M2102438,19M2102438_28_14,0,0,2,/trinity/home/m.romanov/benchmarking/datasets/MIST_HER2/trainA/HE/19M2102438_28_14.jpg,/trinity/home/m.romanov/benchmarking/datasets/MIST_HER2/trainB/IHC/19M2102438_28_14.jpg
76M2100485,76M2100485_31_17,0,0,2,/trinity/home/m.romanov/benchmarking/datasets/MIST_HER2/trainA/HE/76M2100485_31_17.jpg,/trinity/home/m.romanov/benchmarking/datasets/MIST_HER2/trainB/IHC/76M2100485_31_17.jpg
98M2004096,98M2004096_21_7,0,0,2,/trinity/home/m.romanov/benchmarking/datasets/MIST_HER2/trainA/HE/98M2004096_21_7.jpg,/trinity/home/m.romanov/benchmarking/datasets/MIST_HER2/trainB/IHC/98M2004096_21_7.jpg
44M2101492,44M2101492_29_25,0,0,2,/trinity/home/m.romanov/benchmarking/datasets/MIST_HER2/trainA/HE/44M2101492_29_25.jpg,/trinity/home/m.romanov/benchmarking/datasets/MIST_HER2/trainB/IHC/44M2101492_29_25.jpg
92M2100150,92M2100150_14_24,0,0,2,/trinity/home/m.romanov/benchmarking/datasets/MIST_HER2/trainA/HE/92M2100150_14_24.jpg,/trinity/home/m.romanov/benchmarking/datasets/MIST_HER2/trainB/IHC/92M2100150_14_24.jpg
77M2100464,77M2100464_26_11,0,0,2,/trinity/home/m.romanov/benchmarking/datasets/MIST_HER2/trainA/HE/77M2100464_26_11.jpg,/trinity/home/m.romanov/benchmarking/datasets/MIST_HER2/trainB/IHC/77M2100464_26_11.jpg
14M2102785,14M2102785_15_8,0,0,2,/trinity/home/m.romanov/benchmarking/datasets/MIST_HER2/trainA/HE/14M2102785_15_8.jpg,/trinity/home/m.romanov/benchmarking/datasets/MIST_HER2/trainB/IHC/14M2102785_15_8.jpg
53M2101258,53M2101258_15_23,0,0,2,/trinity/home/m.romanov/benchmarking/datasets/MIST_HER2/trainA/HE/53M2101258_15_23.jpg,/trinity/home/m.romanov/benchmarking/datasets/MIST_HER2/trainB/IHC/53M2101258_15_23.jpg
91M2100173,91M2100173_24_21,0,0,2,/trinity/home/m.romanov/benchmarking/datasets/MIST_HER2/trainA/HE/91M2100173_24_21.jpg,/trinity/home/m.romanov/benchmarking/datasets/MIST_HER2/trainB/IHC/91M2100173_24_21.jpg
92M2100150,92M2100150_13_20,0,0,2,/trinity/home/m.romanov/benchmarking/datasets/MIST_HER2/trainA/HE/92M2100150_13_20.jpg,/trinity/home/m.romanov/benchmarking/datasets/MIST_HER2/trainB/IHC/92M2100150_13_20.jpg
79M2100417,79M2100417_16_9,0,0,2,/trinity/home/m.romanov/benchmarking/datasets/MIST_HER2/trainA/HE/79M2100417_16_9.jpg,/trinity/home/m.romanov/benchmarking/datasets/MIST_HER2/trainB/IHC/79M2100417_16_9.jpg
31M2101871,31M2101871_11_17,0,0,2,/trinity/home/m.romanov/benchmarking/datasets/MIST_HER2/trainA/HE/31M2101871_11_17.jpg,/trinity/home/m.romanov/benchmarking/datasets/MIST_HER2/trainB/IHC/31M2101871_11_17.jpg
67M2100642,67M2100642_21_22,0,0,2,/trinity/home/m.romanov/benchmarking/datasets/MIST_HER2/trainA/HE/67M2100642_21_22.jpg,/trinity/home/m.romanov/benchmarking/datasets/MIST_HER2/trainB/IHC/67M2100642_21_22.jpg
35M2101733,35M2101733_10_5,0,0,2,/trinity/home/m.romanov/benchmarking/datasets/MIST_HER2/trainA/HE/35M2101733_10_5.jpg,/trinity/home/m.romanov/benchmarking/datasets/MIST_HER2/trainB/IHC/35M2101733_10_5.jpg
31M2101871,31M2101871_14_28,0,0,2,/trinity/home/m.romanov/benchmarking/datasets/MIST_HER2/trainA/HE/31M2101871_14_28.jpg,/trinity/home/m.romanov/benchmarking/datasets/MIST_HER2/trainB/IHC/31M2101871_14_28.jpg
56M2101083,56M2101083_32_27,0,0,2,/trinity/home/m.romanov/benchmarking/datasets/MIST_HER2/trainA/HE/56M2101083_32_27.jpg,/trinity/home/m.romanov/benchmarking/datasets/MIST_HER2/trainB/IHC/56M2101083_32_27.jpg
19M2102438,19M2102438_21_22,0,0,2,/trinity/home/m.romanov/benchmarking/datasets/MIST_HER2/trainA/HE/19M2102438_21_22.jpg,/trinity/home/m.romanov/benchmarking/datasets/MIST_HER2/trainB/IHC/19M2102438_21_22.jpg
99M2004082,99M2004082_27_14,0,0,2,/trinity/home/m.romanov/benchmarking/datasets/MIST_HER2/trainA/HE/99M2004082_27_14.jpg,/trinity/home/m.romanov/benchmarking/datasets/MIST_HER2/trainB/IHC/99M2004082_27_14.jpg
79M2100417,79M2100417_12_15,0,0,2,/trinity/home/m.romanov/benchmarking/datasets/MIST_HER2/trainA/HE/79M2100417_12_15.jpg,/trinity/home/m.romanov/benchmarking/datasets/MIST_HER2/trainB/IHC/79M2100417_12_15.jpg
75M2100521,75M2100521_13_21,0,0,2,/trinity/home/m.romanov/benchmarking/datasets/MIST_HER2/trainA/HE/75M2100521_13_21.jpg,/trinity/home/m.romanov/benchmarking/datasets/MIST_HER2/trainB/IHC/75M2100521_13_21.jpg
77M2100464,77M2100464_8_25,0,0,2,/trinity/home/m.romanov/benchmarking/datasets/MIST_HER2/trainA/HE/77M2100464_8_25.jpg,/trinity/home/m.romanov/benchmarking/datasets/MIST_HER2/trainB/IHC/77M2100464_8_25.jpg
98M2004096,98M2004096_9_13,0,0,2,/trinity/home/m.romanov/benchmarking/datasets/MIST_HER2/trainA/HE/98M2004096_9_13.jpg,/trinity/home/m.romanov/benchmarking/datasets/MIST_HER2/trainB/IHC/98M2004096_9_13.jpg
6M2103024,6M2103024_22_14,0,0,2,/trinity/home/m.romanov/benchmarking/datasets/MIST_HER2/trainA/HE/6M2103024_22_14.jpg,/trinity/home/m.romanov/benchmarking/datasets/MIST_HER2/trainB/IHC/6M2103024_22_14.jpg
25M2102060,25M2102060_37_28,0,0,2,/trinity/home/m.romanov/benchmarking/datasets/MIST_HER2/trainA/HE/25M2102060_37_28.jpg,/trinity/home/m.romanov/benchmarking/datasets/MIST_HER2/trainB/IHC/25M2102060_37_28.jpg
4M2103059,4M2103059_24_14,0,0,2,/trinity/home/m.romanov/benchmarking/datasets/MIST_HER2/trainA/HE/4M2103059_24_14.jpg,/trinity/home/m.romanov/benchmarking/datasets/MIST_HER2/trainB/IHC/4M2103059_24_14.jpg
6M2103024,6M2103024_34_14,0,0,2,/trinity/home/m.romanov/benchmarking/datasets/MIST_HER2/trainA/HE/6M2103024_34_14.jpg,/trinity/home/m.romanov/benchmarking/datasets/MIST_HER2/trainB/IHC/6M2103024_34_14.jpg
40M2101566,40M2101566_16_20,0,0,2,/trinity/home/m.romanov/benchmarking/datasets/MIST_HER2/trainA/HE/40M2101566_16_20.jpg,/trinity/home/m.romanov/benchmarking/datasets/MIST_HER2/trainB/IHC/40M2101566_16_20.jpg
81M2100356,81M2100356_27_24,0,0,2,/trinity/home/m.romanov/benchmarking/datasets/MIST_HER2/trainA/HE/81M2100356_27_24.jpg,/trinity/home/m.romanov/benchmarking/datasets/MIST_HER2/trainB/IHC/81M2100356_27_24.jpg
48M2101314,48M2101314_21_25,0,0,2,/trinity/home/m.romanov/benchmarking/datasets/MIST_HER2/trainA/HE/48M2101314_21_25.jpg,/trinity/home/m.romanov/benchmarking/datasets/MIST_HER2/trainB/IHC/48M2101314_21_25.jpg
54M2101205,54M2101205_28_26,0,0,2,/trinity/home/m.romanov/benchmarking/datasets/MIST_HER2/trainA/HE/54M2101205_28_26.jpg,/trinity/home/m.romanov/benchmarking/datasets/MIST_HER2/trainB/IHC/54M2101205_28_26.jpg
53M2101258,53M2101258_21_21,0,0,2,/trinity/home/m.romanov/benchmarking/datasets/MIST_HER2/trainA/HE/53M2101258_21_21.jpg,/trinity/home/m.romanov/benchmarking/datasets/MIST_HER2/trainB/IHC/53M2101258_21_21.jpg
97M2100034,97M2100034_28_18,0,0,2,/trinity/home/m.romanov/benchmarking/datasets/MIST_HER2/trainA/HE/97M2100034_28_18.jpg,/trinity/home/m.romanov/benchmarking/datasets/MIST_HER2/trainB/IHC/97M2100034_28_18.jpg
94M2100142,94M2100142_16_20,0,0,2,/trinity/home/m.romanov/benchmarking/datasets/MIST_HER2/trainA/HE/94M2100142_16_20.jpg,/trinity/home/m.romanov/benchmarking/datasets/MIST_HER2/trainB/IHC/94M2100142_16_20.jpg
33M2101839,33M2101839_8_13,0,0,2,/trinity/home/m.romanov/benchmarking/datasets/MIST_HER2/trainA/HE/33M2101839_8_13.jpg,/trinity/home/m.romanov/benchmarking/datasets/MIST_HER2/trainB/IHC/33M2101839_8_13.jpg
4M2103059,4M2103059_27_8,0,0,2,/trinity/home/m.romanov/benchmarking/datasets/MIST_HER2/trainA/HE/4M2103059_27_8.jpg,/trinity/home/m.romanov/benchmarking/datasets/MIST_HER2/trainB/IHC/4M2103059_27_8.jpg
83M2100256,83M2100256_31_17,0,0,2,/trinity/home/m.romanov/benchmarking/datasets/MIST_HER2/trainA/HE/83M2100256_31_17.jpg,/trinity/home/m.romanov/benchmarking/datasets/MIST_HER2/trainB/IHC/83M2100256_31_17.jpg
83M2100256,83M2100256_29_18,0,0,2,/trinity/home/m.romanov/benchmarking/datasets/MIST_HER2/trainA/HE/83M2100256_29_18.jpg,/trinity/home/m.romanov/benchmarking/datasets/MIST_HER2/trainB/IHC/83M2100256_29_18.jpg
47M2101316,47M2101316_28_25,0,0,2,/trinity/home/m.romanov/benchmarking/datasets/MIST_HER2/trainA/HE/47M2101316_28_25.jpg,/trinity/home/m.romanov/benchmarking/datasets/MIST_HER2/trainB/IHC/47M2101316_28_25.jpg
69M2100632,69M2100632_21_12,0,0,2,/trinity/home/m.romanov/benchmarking/datasets/MIST_HER2/trainA/HE/69M2100632_21_12.jpg,/trinity/home/m.romanov/benchmarking/datasets/MIST_HER2/trainB/IHC/69M2100632_21_12.jpg
52M2101275,52M2101275_19_8,0,0,2,/trinity/home/m.romanov/benchmarking/datasets/MIST_HER2/trainA/HE/52M2101275_19_8.jpg,/trinity/home/m.romanov/benchmarking/datasets/MIST_HER2/trainB/IHC/52M2101275_19_8.jpg
46M2101353,46M2101353_28_15,0,0,2,/trinity/home/m.romanov/benchmarking/datasets/MIST_HER2/trainA/HE/46M2101353_28_15.jpg,/trinity/home/m.romanov/benchmarking/datasets/MIST_HER2/trainB/IHC/46M2101353_28_15.jpg
54M2101205,54M2101205_19_21,0,0,2,/trinity/home/m.romanov/benchmarking/datasets/MIST_HER2/trainA/HE/54M2101205_19_21.jpg,/trinity/home/m.romanov/benchmarking/datasets/MIST_HER2/trainB/IHC/54M2101205_19_21.jpg
30M2101953,30M2101953_12_10,0,0,2,/trinity/home/m.romanov/benchmarking/datasets/MIST_HER2/trainA/HE/30M2101953_12_10.jpg,/trinity/home/m.romanov/benchmarking/datasets/MIST_HER2/trainB/IHC/30M2101953_12_10.jpg
67M2100642,67M2100642_16_10,0,0,2,/trinity/home/m.romanov/benchmarking/datasets/MIST_HER2/trainA/HE/67M2100642_16_10.jpg,/trinity/home/m.romanov/benchmarking/datasets/MIST_HER2/trainB/IHC/67M2100642_16_10.jpg
93M2100147,93M2100147_3_4,0,0,2,/trinity/home/m.romanov/benchmarking/datasets/MIST_HER2/trainA/HE/93M2100147_3_4.jpg,/trinity/home/m.romanov/benchmarking/datasets/MIST_HER2/trainB/IHC/93M2100147_3_4.jpg
48M2101314,48M2101314_29_20,0,0,2,/trinity/home/m.romanov/benchmarking/datasets/MIST_HER2/trainA/HE/48M2101314_29_20.jpg,/trinity/home/m.romanov/benchmarking/datasets/MIST_HER2/trainB/IHC/48M2101314_29_20.jpg
97M2100034,97M2100034_19_8,0,0,2,/trinity/home/m.romanov/benchmarking/datasets/MIST_HER2/trainA/HE/97M2100034_19_8.jpg,/trinity/home/m.romanov/benchmarking/datasets/MIST_HER2/trainB/IHC/97M2100034_19_8.jpg
44M2101492,44M2101492_18_28,0,0,2,/trinity/home/m.romanov/benchmarking/datasets/MIST_HER2/trainA/HE/44M2101492_18_28.jpg,/trinity/home/m.romanov/benchmarking/datasets/MIST_HER2/trainB/IHC/44M2101492_18_28.jpg
50M2101298,50M2101298_12_13,0,0,2,/trinity/home/m.romanov/benchmarking/datasets/MIST_HER2/trainA/HE/50M2101298_12_13.jpg,/trinity/home/m.romanov/benchmarking/datasets/MIST_HER2/trainB/IHC/50M2101298_12_13.jpg
39M2101576,39M2101576_30_8,0,0,2,/trinity/home/m.romanov/benchmarking/datasets/MIST_HER2/trainA/HE/39M2101576_30_8.jpg,/trinity/home/m.romanov/benchmarking/datasets/MIST_HER2/trainB/IHC/39M2101576_30_8.jpg
98M2004096,98M2004096_8_14,0,0,2,/trinity/home/m.romanov/benchmarking/datasets/MIST_HER2/trainA/HE/98M2004096_8_14.jpg,/trinity/home/m.romanov/benchmarking/datasets/MIST_HER2/trainB/IHC/98M2004096_8_14.jpg
91M2100173,91M2100173_6_12,0,0,2,/trinity/home/m.romanov/benchmarking/datasets/MIST_HER2/trainA/HE/91M2100173_6_12.jpg,/trinity/home/m.romanov/benchmarking/datasets/MIST_HER2/trainB/IHC/91M2100173_6_12.jpg
28M2101987,28M2101987_24_5,0,0,2,/trinity/home/m.romanov/benchmarking/datasets/MIST_HER2/trainA/HE/28M2101987_24_5.jpg,/trinity/home/m.romanov/benchmarking/datasets/MIST_HER2/trainB/IHC/28M2101987_24_5.jpg
46M2101353,46M2101353_26_25,0,0,2,/trinity/home/m.romanov/benchmarking/datasets/MIST_HER2/trainA/HE/46M2101353_26_25.jpg,/trinity/home/m.romanov/benchmarking/datasets/MIST_HER2/trainB/IHC/46M2101353_26_25.jpg
58M2100997,58M2100997_13_14,0,0,2,/trinity/home/m.romanov/benchmarking/datasets/MIST_HER2/trainA/HE/58M2100997_13_14.jpg,/trinity/home/m.romanov/benchmarking/datasets/MIST_HER2/trainB/IHC/58M2100997_13_14.jpg
52M2101275,52M2101275_20_11,0,0,2,/trinity/home/m.romanov/benchmarking/datasets/MIST_HER2/trainA/HE/52M2101275_20_11.jpg,/trinity/home/m.romanov/benchmarking/datasets/MIST_HER2/trainB/IHC/52M2101275_20_11.jpg
2M2103108,2M2103108_24_28,0,0,2,/trinity/home/m.romanov/benchmarking/datasets/MIST_HER2/trainA/HE/2M2103108_24_28.jpg,/trinity/home/m.romanov/benchmarking/datasets/MIST_HER2/trainB/IHC/2M2103108_24_28.jpg
88M2100218,88M2100218_23_19,0,0,2,/trinity/home/m.romanov/benchmarking/datasets/MIST_HER2/trainA/HE/88M2100218_23_19.jpg,/trinity/home/m.romanov/benchmarking/datasets/MIST_HER2/trainB/IHC/88M2100218_23_19.jpg
4M2103059,4M2103059_23_5,0,0,2,/trinity/home/m.romanov/benchmarking/datasets/MIST_HER2/trainA/HE/4M2103059_23_5.jpg,/trinity/home/m.romanov/benchmarking/datasets/MIST_HER2/trainB/IHC/4M2103059_23_5.jpg
67M2100642,67M2100642_14_17,0,0,2,/trinity/home/m.romanov/benchmarking/datasets/MIST_HER2/trainA/HE/67M2100642_14_17.jpg,/trinity/home/m.romanov/benchmarking/datasets/MIST_HER2/trainB/IHC/67M2100642_14_17.jpg
46M2101353,46M2101353_13_14,0,0,2,/trinity/home/m.romanov/benchmarking/datasets/MIST_HER2/trainA/HE/46M2101353_13_14.jpg,/trinity/home/m.romanov/benchmarking/datasets/MIST_HER2/trainB/IHC/46M2101353_13_14.jpg
2M2103108,2M2103108_32_9,0,0,2,/trinity/home/m.romanov/benchmarking/datasets/MIST_HER2/trainA/HE/2M2103108_32_9.jpg,/trinity/home/m.romanov/benchmarking/datasets/MIST_HER2/trainB/IHC/2M2103108_32_9.jpg
67M2100642,67M2100642_7_18,0,0,2,/trinity/home/m.romanov/benchmarking/datasets/MIST_HER2/trainA/HE/67M2100642_7_18.jpg,/trinity/home/m.romanov/benchmarking/datasets/MIST_HER2/trainB/IHC/67M2100642_7_18.jpg
60M2100980,60M2100980_17_17,0,0,2,/trinity/home/m.romanov/benchmarking/datasets/MIST_HER2/trainA/HE/60M2100980_17_17.jpg,/trinity/home/m.romanov/benchmarking/datasets/MIST_HER2/trainB/IHC/60M2100980_17_17.jpg
51M2101285,51M2101285_27_13,0,0,2,/trinity/home/m.romanov/benchmarking/datasets/MIST_HER2/trainA/HE/51M2101285_27_13.jpg,/trinity/home/m.romanov/benchmarking/datasets/MIST_HER2/trainB/IHC/51M2101285_27_13.jpg
77M2100464,77M2100464_30_9,0,0,2,/trinity/home/m.romanov/benchmarking/datasets/MIST_HER2/trainA/HE/77M2100464_30_9.jpg,/trinity/home/m.romanov/benchmarking/datasets/MIST_HER2/trainB/IHC/77M2100464_30_9.jpg
70M2100623,70M2100623_27_21,0,0,2,/trinity/home/m.romanov/benchmarking/datasets/MIST_HER2/trainA/HE/70M2100623_27_21.jpg,/trinity/home/m.romanov/benchmarking/datasets/MIST_HER2/trainB/IHC/70M2100623_27_21.jpg
48M2101314,48M2101314_16_25,0,0,2,/trinity/home/m.romanov/benchmarking/datasets/MIST_HER2/trainA/HE/48M2101314_16_25.jpg,/trinity/home/m.romanov/benchmarking/datasets/MIST_HER2/trainB/IHC/48M2101314_16_25.jpg
46M2101353,46M2101353_30_13,0,0,2,/trinity/home/m.romanov/benchmarking/datasets/MIST_HER2/trainA/HE/46M2101353_30_13.jpg,/trinity/home/m.romanov/benchmarking/datasets/MIST_HER2/trainB/IHC/46M2101353_30_13.jpg
2M2103108,2M2103108_26_22,0,0,2,/trinity/home/m.romanov/benchmarking/datasets/MIST_HER2/trainA/HE/2M2103108_26_22.jpg,/trinity/home/m.romanov/benchmarking/datasets/MIST_HER2/trainB/IHC/2M2103108_26_22.jpg
65M2100668,65M2100668_20_15,0,0,2,/trinity/home/m.romanov/benchmarking/datasets/MIST_HER2/trainA/HE/65M2100668_20_15.jpg,/trinity/home/m.romanov/benchmarking/datasets/MIST_HER2/trainB/IHC/65M2100668_20_15.jpg
16M2102718,16M2102718_6_20,0,0,2,/trinity/home/m.romanov/benchmarking/datasets/MIST_HER2/trainA/HE/16M2102718_6_20.jpg,/trinity/home/m.romanov/benchmarking/datasets/MIST_HER2/trainB/IHC/16M2102718_6_20.jpg
81M2100356,81M2100356_18_30,0,0,2,/trinity/home/m.romanov/benchmarking/datasets/MIST_HER2/trainA/HE/81M2100356_18_30.jpg,/trinity/home/m.romanov/benchmarking/datasets/MIST_HER2/trainB/IHC/81M2100356_18_30.jpg
56M2101083,56M2101083_36_30,0,0,2,/trinity/home/m.romanov/benchmarking/datasets/MIST_HER2/trainA/HE/56M2101083_36_30.jpg,/trinity/home/m.romanov/benchmarking/datasets/MIST_HER2/trainB/IHC/56M2101083_36_30.jpg
59M2100987,59M2100987_22_13,0,0,2,/trinity/home/m.romanov/benchmarking/datasets/MIST_HER2/trainA/HE/59M2100987_22_13.jpg,/trinity/home/m.romanov/benchmarking/datasets/MIST_HER2/trainB/IHC/59M2100987_22_13.jpg
67M2100642,67M2100642_5_14,0,0,2,/trinity/home/m.romanov/benchmarking/datasets/MIST_HER2/trainA/HE/67M2100642_5_14.jpg,/trinity/home/m.romanov/benchmarking/datasets/MIST_HER2/trainB/IHC/67M2100642_5_14.jpg
23M2102136,23M2102136_17_12,0,0,2,/trinity/home/m.romanov/benchmarking/datasets/MIST_HER2/trainA/HE/23M2102136_17_12.jpg,/trinity/home/m.romanov/benchmarking/datasets/MIST_HER2/trainB/IHC/23M2102136_17_12.jpg
46M2101353,46M2101353_14_18,0,0,2,/trinity/home/m.romanov/benchmarking/datasets/MIST_HER2/trainA/HE/46M2101353_14_18.jpg,/trinity/home/m.romanov/benchmarking/datasets/MIST_HER2/trainB/IHC/46M2101353_14_18.jpg
68M2100640,68M2100640_16_11,0,0,2,/trinity/home/m.romanov/benchmarking/datasets/MIST_HER2/trainA/HE/68M2100640_16_11.jpg,/trinity/home/m.romanov/benchmarking/datasets/MIST_HER2/trainB/IHC/68M2100640_16_11.jpg
56M2101083,56M2101083_28_18,0,0,2,/trinity/home/m.romanov/benchmarking/datasets/MIST_HER2/trainA/HE/56M2101083_28_18.jpg,/trinity/home/m.romanov/benchmarking/datasets/MIST_HER2/trainB/IHC/56M2101083_28_18.jpg
65M2100668,65M2100668_25_7,0,0,2,/trinity/home/m.romanov/benchmarking/datasets/MIST_HER2/trainA/HE/65M2100668_25_7.jpg,/trinity/home/m.romanov/benchmarking/datasets/MIST_HER2/trainB/IHC/65M2100668_25_7.jpg
99M2004082,99M2004082_27_16,0,0,2,/trinity/home/m.romanov/benchmarking/datasets/MIST_HER2/trainA/HE/99M2004082_27_16.jpg,/trinity/home/m.romanov/benchmarking/datasets/MIST_HER2/trainB/IHC/99M2004082_27_16.jpg
27M2102007,27M2102007_7_22,0,0,2,/trinity/home/m.romanov/benchmarking/datasets/MIST_HER2/trainA/HE/27M2102007_7_22.jpg,/trinity/home/m.romanov/benchmarking/datasets/MIST_HER2/trainB/IHC/27M2102007_7_22.jpg
48M2101314,48M2101314_40_25,0,0,2,/trinity/home/m.romanov/benchmarking/datasets/MIST_HER2/trainA/HE/48M2101314_40_25.jpg,/trinity/home/m.romanov/benchmarking/datasets/MIST_HER2/trainB/IHC/48M2101314_40_25.jpg
60M2100980,60M2100980_27_25,0,0,2,/trinity/home/m.romanov/benchmarking/datasets/MIST_HER2/trainA/HE/60M2100980_27_25.jpg,/trinity/home/m.romanov/benchmarking/datasets/MIST_HER2/trainB/IHC/60M2100980_27_25.jpg
44M2101492,44M2101492_18_34,0,0,2,/trinity/home/m.romanov/benchmarking/datasets/MIST_HER2/trainA/HE/44M2101492_18_34.jpg,/trinity/home/m.romanov/benchmarking/datasets/MIST_HER2/trainB/IHC/44M2101492_18_34.jpg
40M2101566,40M2101566_30_41,0,0,2,/trinity/home/m.romanov/benchmarking/datasets/MIST_HER2/trainA/HE/40M2101566_30_41.jpg,/trinity/home/m.romanov/benchmarking/datasets/MIST_HER2/trainB/IHC/40M2101566_30_41.jpg
39M2101576,39M2101576_30_9,0,0,2,/trinity/home/m.romanov/benchmarking/datasets/MIST_HER2/trainA/HE/39M2101576_30_9.jpg,/trinity/home/m.romanov/benchmarking/datasets/MIST_HER2/trainB/IHC/39M2101576_30_9.jpg
4M2103059,4M2103059_26_12,0,0,2,/trinity/home/m.romanov/benchmarking/datasets/MIST_HER2/trainA/HE/4M2103059_26_12.jpg,/trinity/home/m.romanov/benchmarking/datasets/MIST_HER2/trainB/IHC/4M2103059_26_12.jpg
28M2101987,28M2101987_37_20,0,0,2,/trinity/home/m.romanov/benchmarking/datasets/MIST_HER2/trainA/HE/28M2101987_37_20.jpg,/trinity/home/m.romanov/benchmarking/datasets/MIST_HER2/trainB/IHC/28M2101987_37_20.jpg
99M2004082,99M2004082_20_3,0,0,2,/trinity/home/m.romanov/benchmarking/datasets/MIST_HER2/trainA/HE/99M2004082_20_3.jpg,/trinity/home/m.romanov/benchmarking/datasets/MIST_HER2/trainB/IHC/99M2004082_20_3.jpg
93M2100147,93M2100147_14_19,0,0,2,/trinity/home/m.romanov/benchmarking/datasets/MIST_HER2/trainA/HE/93M2100147_14_19.jpg,/trinity/home/m.romanov/benchmarking/datasets/MIST_HER2/trainB/IHC/93M2100147_14_19.jpg
80M2100377,80M2100377_16_23,0,0,2,/trinity/home/m.romanov/benchmarking/datasets/MIST_HER2/trainA/HE/80M2100377_16_23.jpg,/trinity/home/m.romanov/benchmarking/datasets/MIST_HER2/trainB/IHC/80M2100377_16_23.jpg
97M2100034,97M2100034_18_16,0,0,2,/trinity/home/m.romanov/benchmarking/datasets/MIST_HER2/trainA/HE/97M2100034_18_16.jpg,/trinity/home/m.romanov/benchmarking/datasets/MIST_HER2/trainB/IHC/97M2100034_18_16.jpg
52M2101275,52M2101275_7_9,0,0,2,/trinity/home/m.romanov/benchmarking/datasets/MIST_HER2/trainA/HE/52M2101275_7_9.jpg,/trinity/home/m.romanov/benchmarking/datasets/MIST_HER2/trainB/IHC/52M2101275_7_9.jpg
59M2100987,59M2100987_21_21,0,0,2,/trinity/home/m.romanov/benchmarking/datasets/MIST_HER2/trainA/HE/59M2100987_21_21.jpg,/trinity/home/m.romanov/benchmarking/datasets/MIST_HER2/trainB/IHC/59M2100987_21_21.jpg
83M2100256,83M2100256_16_2,0,0,2,/trinity/home/m.romanov/benchmarking/datasets/MIST_HER2/trainA/HE/83M2100256_16_2.jpg,/trinity/home/m.romanov/benchmarking/datasets/MIST_HER2/trainB/IHC/83M2100256_16_2.jpg
2M2103108,2M2103108_15_15,0,0,2,/trinity/home/m.romanov/benchmarking/datasets/MIST_HER2/trainA/HE/2M2103108_15_15.jpg,/trinity/home/m.romanov/benchmarking/datasets/MIST_HER2/trainB/IHC/2M2103108_15_15.jpg
31M2101871,31M2101871_30_13,0,0,2,/trinity/home/m.romanov/benchmarking/datasets/MIST_HER2/trainA/HE/31M2101871_30_13.jpg,/trinity/home/m.romanov/benchmarking/datasets/MIST_HER2/trainB/IHC/31M2101871_30_13.jpg
54M2101205,54M2101205_9_8,0,0,2,/trinity/home/m.romanov/benchmarking/datasets/MIST_HER2/trainA/HE/54M2101205_9_8.jpg,/trinity/home/m.romanov/benchmarking/datasets/MIST_HER2/trainB/IHC/54M2101205_9_8.jpg
67M2100642,67M2100642_21_11,0,0,2,/trinity/home/m.romanov/benchmarking/datasets/MIST_HER2/trainA/HE/67M2100642_21_11.jpg,/trinity/home/m.romanov/benchmarking/datasets/MIST_HER2/trainB/IHC/67M2100642_21_11.jpg
74M2100526,74M2100526_22_16,0,0,2,/trinity/home/m.romanov/benchmarking/datasets/MIST_HER2/trainA/HE/74M2100526_22_16.jpg,/trinity/home/m.romanov/benchmarking/datasets/MIST_HER2/trainB/IHC/74M2100526_22_16.jpg
62M2100915,62M2100915_18_28,0,0,2,/trinity/home/m.romanov/benchmarking/datasets/MIST_HER2/trainA/HE/62M2100915_18_28.jpg,/trinity/home/m.romanov/benchmarking/datasets/MIST_HER2/trainB/IHC/62M2100915_18_28.jpg
30M2101953,30M2101953_13_20,0,0,2,/trinity/home/m.romanov/benchmarking/datasets/MIST_HER2/trainA/HE/30M2101953_13_20.jpg,/trinity/home/m.romanov/benchmarking/datasets/MIST_HER2/trainB/IHC/30M2101953_13_20.jpg
77M2100464,77M2100464_15_14,0,0,2,/trinity/home/m.romanov/benchmarking/datasets/MIST_HER2/trainA/HE/77M2100464_15_14.jpg,/trinity/home/m.romanov/benchmarking/datasets/MIST_HER2/trainB/IHC/77M2100464_15_14.jpg
52M2101275,52M2101275_4_7,0,0,2,/trinity/home/m.romanov/benchmarking/datasets/MIST_HER2/trainA/HE/52M2101275_4_7.jpg,/trinity/home/m.romanov/benchmarking/datasets/MIST_HER2/trainB/IHC/52M2101275_4_7.jpg
58M2100997,58M2100997_25_9,0,0,2,/trinity/home/m.romanov/benchmarking/datasets/MIST_HER2/trainA/HE/58M2100997_25_9.jpg,/trinity/home/m.romanov/benchmarking/datasets/MIST_HER2/trainB/IHC/58M2100997_25_9.jpg
16M2102718,16M2102718_18_25,0,0,2,/trinity/home/m.romanov/benchmarking/datasets/MIST_HER2/trainA/HE/16M2102718_18_25.jpg,/trinity/home/m.romanov/benchmarking/datasets/MIST_HER2/trainB/IHC/16M2102718_18_25.jpg
70M2100623,70M2100623_7_5,0,0,2,/trinity/home/m.romanov/benchmarking/datasets/MIST_HER2/trainA/HE/70M2100623_7_5.jpg,/trinity/home/m.romanov/benchmarking/datasets/MIST_HER2/trainB/IHC/70M2100623_7_5.jpg
33M2101839,33M2101839_14_15,0,0,2,/trinity/home/m.romanov/benchmarking/datasets/MIST_HER2/trainA/HE/33M2101839_14_15.jpg,/trinity/home/m.romanov/benchmarking/datasets/MIST_HER2/trainB/IHC/33M2101839_14_15.jpg
53M2101258,53M2101258_8_27,0,0,2,/trinity/home/m.romanov/benchmarking/datasets/MIST_HER2/trainA/HE/53M2101258_8_27.jpg,/trinity/home/m.romanov/benchmarking/datasets/MIST_HER2/trainB/IHC/53M2101258_8_27.jpg
28M2101987,28M2101987_21_14,0,0,2,/trinity/home/m.romanov/benchmarking/datasets/MIST_HER2/trainA/HE/28M2101987_21_14.jpg,/trinity/home/m.romanov/benchmarking/datasets/MIST_HER2/trainB/IHC/28M2101987_21_14.jpg
58M2100997,58M2100997_30_19,0,0,2,/trinity/home/m.romanov/benchmarking/datasets/MIST_HER2/trainA/HE/58M2100997_30_19.jpg,/trinity/home/m.romanov/benchmarking/datasets/MIST_HER2/trainB/IHC/58M2100997_30_19.jpg
25M2102060,25M2102060_16_17,0,0,2,/trinity/home/m.romanov/benchmarking/datasets/MIST_HER2/trainA/HE/25M2102060_16_17.jpg,/trinity/home/m.romanov/benchmarking/datasets/MIST_HER2/trainB/IHC/25M2102060_16_17.jpg
76M2100485,76M2100485_30_16,0,0,2,/trinity/home/m.romanov/benchmarking/datasets/MIST_HER2/trainA/HE/76M2100485_30_16.jpg,/trinity/home/m.romanov/benchmarking/datasets/MIST_HER2/trainB/IHC/76M2100485_30_16.jpg
48M2101314,48M2101314_39_24,0,0,2,/trinity/home/m.romanov/benchmarking/datasets/MIST_HER2/trainA/HE/48M2101314_39_24.jpg,/trinity/home/m.romanov/benchmarking/datasets/MIST_HER2/trainB/IHC/48M2101314_39_24.jpg
52M2101275,52M2101275_17_6,0,0,2,/trinity/home/m.romanov/benchmarking/datasets/MIST_HER2/trainA/HE/52M2101275_17_6.jpg,/trinity/home/m.romanov/benchmarking/datasets/MIST_HER2/trainB/IHC/52M2101275_17_6.jpg
81M2100356,81M2100356_29_16,0,0,2,/trinity/home/m.romanov/benchmarking/datasets/MIST_HER2/trainA/HE/81M2100356_29_16.jpg,/trinity/home/m.romanov/benchmarking/datasets/MIST_HER2/trainB/IHC/81M2100356_29_16.jpg
88M2100218,88M2100218_12_15,0,0,2,/trinity/home/m.romanov/benchmarking/datasets/MIST_HER2/trainA/HE/88M2100218_12_15.jpg,/trinity/home/m.romanov/benchmarking/datasets/MIST_HER2/trainB/IHC/88M2100218_12_15.jpg
65M2100668,65M2100668_16_8,0,0,2,/trinity/home/m.romanov/benchmarking/datasets/MIST_HER2/trainA/HE/65M2100668_16_8.jpg,/trinity/home/m.romanov/benchmarking/datasets/MIST_HER2/trainB/IHC/65M2100668_16_8.jpg
97M2100034,97M2100034_19_10,0,0,2,/trinity/home/m.romanov/benchmarking/datasets/MIST_HER2/trainA/HE/97M2100034_19_10.jpg,/trinity/home/m.romanov/benchmarking/datasets/MIST_HER2/trainB/IHC/97M2100034_19_10.jpg
19M2102438,19M2102438_13_21,0,0,2,/trinity/home/m.romanov/benchmarking/datasets/MIST_HER2/trainA/HE/19M2102438_13_21.jpg,/trinity/home/m.romanov/benchmarking/datasets/MIST_HER2/trainB/IHC/19M2102438_13_21.jpg
45M2101377,45M2101377_9_17,0,0,2,/trinity/home/m.romanov/benchmarking/datasets/MIST_HER2/trainA/HE/45M2101377_9_17.jpg,/trinity/home/m.romanov/benchmarking/datasets/MIST_HER2/trainB/IHC/45M2101377_9_17.jpg
62M2100915,62M2100915_17_28,0,0,2,/trinity/home/m.romanov/benchmarking/datasets/MIST_HER2/trainA/HE/62M2100915_17_28.jpg,/trinity/home/m.romanov/benchmarking/datasets/MIST_HER2/trainB/IHC/62M2100915_17_28.jpg
52M2101275,52M2101275_4_6,0,0,2,/trinity/home/m.romanov/benchmarking/datasets/MIST_HER2/trainA/HE/52M2101275_4_6.jpg,/trinity/home/m.romanov/benchmarking/datasets/MIST_HER2/trainB/IHC/52M2101275_4_6.jpg
51M2101285,51M2101285_32_15,0,0,2,/trinity/home/m.romanov/benchmarking/datasets/MIST_HER2/trainA/HE/51M2101285_32_15.jpg,/trinity/home/m.romanov/benchmarking/datasets/MIST_HER2/trainB/IHC/51M2101285_32_15.jpg
54M2101205,54M2101205_13_20,0,0,2,/trinity/home/m.romanov/benchmarking/datasets/MIST_HER2/trainA/HE/54M2101205_13_20.jpg,/trinity/home/m.romanov/benchmarking/datasets/MIST_HER2/trainB/IHC/54M2101205_13_20.jpg
46M2101353,46M2101353_26_17,0,0,2,/trinity/home/m.romanov/benchmarking/datasets/MIST_HER2/trainA/HE/46M2101353_26_17.jpg,/trinity/home/m.romanov/benchmarking/datasets/MIST_HER2/trainB/IHC/46M2101353_26_17.jpg
33M2101839,33M2101839_6_4,0,0,2,/trinity/home/m.romanov/benchmarking/datasets/MIST_HER2/trainA/HE/33M2101839_6_4.jpg,/trinity/home/m.romanov/benchmarking/datasets/MIST_HER2/trainB/IHC/33M2101839_6_4.jpg
45M2101377,45M2101377_20_16,0,0,2,/trinity/home/m.romanov/benchmarking/datasets/MIST_HER2/trainA/HE/45M2101377_20_16.jpg,/trinity/home/m.romanov/benchmarking/datasets/MIST_HER2/trainB/IHC/45M2101377_20_16.jpg
6M2103024,6M2103024_27_13,0,0,2,/trinity/home/m.romanov/benchmarking/datasets/MIST_HER2/trainA/HE/6M2103024_27_13.jpg,/trinity/home/m.romanov/benchmarking/datasets/MIST_HER2/trainB/IHC/6M2103024_27_13.jpg
60M2100980,60M2100980_16_16,0,0,2,/trinity/home/m.romanov/benchmarking/datasets/MIST_HER2/trainA/HE/60M2100980_16_16.jpg,/trinity/home/m.romanov/benchmarking/datasets/MIST_HER2/trainB/IHC/60M2100980_16_16.jpg
10M2102916,10M2102916_39_24,0,0,2,/trinity/home/m.romanov/benchmarking/datasets/MIST_HER2/trainA/HE/10M2102916_39_24.jpg,/trinity/home/m.romanov/benchmarking/datasets/MIST_HER2/trainB/IHC/10M2102916_39_24.jpg
56M2101083,56M2101083_14_8,0,0,2,/trinity/home/m.romanov/benchmarking/datasets/MIST_HER2/trainA/HE/56M2101083_14_8.jpg,/trinity/home/m.romanov/benchmarking/datasets/MIST_HER2/trainB/IHC/56M2101083_14_8.jpg
92M2100150,92M2100150_16_35,0,0,2,/trinity/home/m.romanov/benchmarking/datasets/MIST_HER2/trainA/HE/92M2100150_16_35.jpg,/trinity/home/m.romanov/benchmarking/datasets/MIST_HER2/trainB/IHC/92M2100150_16_35.jpg
83M2100256,83M2100256_15_17,0,0,2,/trinity/home/m.romanov/benchmarking/datasets/MIST_HER2/trainA/HE/83M2100256_15_17.jpg,/trinity/home/m.romanov/benchmarking/datasets/MIST_HER2/trainB/IHC/83M2100256_15_17.jpg
33M2101839,33M2101839_12_15,0,0,2,/trinity/home/m.romanov/benchmarking/datasets/MIST_HER2/trainA/HE/33M2101839_12_15.jpg,/trinity/home/m.romanov/benchmarking/datasets/MIST_HER2/trainB/IHC/33M2101839_12_15.jpg
25M2102060,25M2102060_9_22,0,0,2,/trinity/home/m.romanov/benchmarking/datasets/MIST_HER2/trainA/HE/25M2102060_9_22.jpg,/trinity/home/m.romanov/benchmarking/datasets/MIST_HER2/trainB/IHC/25M2102060_9_22.jpg
39M2101576,39M2101576_23_9,0,0,2,/trinity/home/m.romanov/benchmarking/datasets/MIST_HER2/trainA/HE/39M2101576_23_9.jpg,/trinity/home/m.romanov/benchmarking/datasets/MIST_HER2/trainB/IHC/39M2101576_23_9.jpg
23M2102136,23M2102136_37_16,0,0,2,/trinity/home/m.romanov/benchmarking/datasets/MIST_HER2/trainA/HE/23M2102136_37_16.jpg,/trinity/home/m.romanov/benchmarking/datasets/MIST_HER2/trainB/IHC/23M2102136_37_16.jpg
23M2102136,23M2102136_22_8,0,0,2,/trinity/home/m.romanov/benchmarking/datasets/MIST_HER2/trainA/HE/23M2102136_22_8.jpg,/trinity/home/m.romanov/benchmarking/datasets/MIST_HER2/trainB/IHC/23M2102136_22_8.jpg
56M2101083,56M2101083_18_10,0,0,2,/trinity/home/m.romanov/benchmarking/datasets/MIST_HER2/trainA/HE/56M2101083_18_10.jpg,/trinity/home/m.romanov/benchmarking/datasets/MIST_HER2/trainB/IHC/56M2101083_18_10.jpg
93M2100147,93M2100147_16_6,0,0,2,/trinity/home/m.romanov/benchmarking/datasets/MIST_HER2/trainA/HE/93M2100147_16_6.jpg,/trinity/home/m.romanov/benchmarking/datasets/MIST_HER2/trainB/IHC/93M2100147_16_6.jpg
39M2101576,39M2101576_12_23,0,0,2,/trinity/home/m.romanov/benchmarking/datasets/MIST_HER2/trainA/HE/39M2101576_12_23.jpg,/trinity/home/m.romanov/benchmarking/datasets/MIST_HER2/trainB/IHC/39M2101576_12_23.jpg
60M2100980,60M2100980_22_27,0,0,2,/trinity/home/m.romanov/benchmarking/datasets/MIST_HER2/trainA/HE/60M2100980_22_27.jpg,/trinity/home/m.romanov/benchmarking/datasets/MIST_HER2/trainB/IHC/60M2100980_22_27.jpg
2M2103108,2M2103108_19_28,0,0,2,/trinity/home/m.romanov/benchmarking/datasets/MIST_HER2/trainA/HE/2M2103108_19_28.jpg,/trinity/home/m.romanov/benchmarking/datasets/MIST_HER2/trainB/IHC/2M2103108_19_28.jpg
97M2100034,97M2100034_14_9,0,0,2,/trinity/home/m.romanov/benchmarking/datasets/MIST_HER2/trainA/HE/97M2100034_14_9.jpg,/trinity/home/m.romanov/benchmarking/datasets/MIST_HER2/trainB/IHC/97M2100034_14_9.jpg
58M2100997,58M2100997_29_19,0,0,2,/trinity/home/m.romanov/benchmarking/datasets/MIST_HER2/trainA/HE/58M2100997_29_19.jpg,/trinity/home/m.romanov/benchmarking/datasets/MIST_HER2/trainB/IHC/58M2100997_29_19.jpg
62M2100915,62M2100915_31_11,0,0,2,/trinity/home/m.romanov/benchmarking/datasets/MIST_HER2/trainA/HE/62M2100915_31_11.jpg,/trinity/home/m.romanov/benchmarking/datasets/MIST_HER2/trainB/IHC/62M2100915_31_11.jpg
51M2101285,51M2101285_30_16,0,0,2,/trinity/home/m.romanov/benchmarking/datasets/MIST_HER2/trainA/HE/51M2101285_30_16.jpg,/trinity/home/m.romanov/benchmarking/datasets/MIST_HER2/trainB/IHC/51M2101285_30_16.jpg
91M2100173,91M2100173_19_16,0,0,2,/trinity/home/m.romanov/benchmarking/datasets/MIST_HER2/trainA/HE/91M2100173_19_16.jpg,/trinity/home/m.romanov/benchmarking/datasets/MIST_HER2/trainB/IHC/91M2100173_19_16.jpg
93M2100147,93M2100147_6_27,0,0,2,/trinity/home/m.romanov/benchmarking/datasets/MIST_HER2/trainA/HE/93M2100147_6_27.jpg,/trinity/home/m.romanov/benchmarking/datasets/MIST_HER2/trainB/IHC/93M2100147_6_27.jpg
2M2103108,2M2103108_27_11,0,0,2,/trinity/home/m.romanov/benchmarking/datasets/MIST_HER2/trainA/HE/2M2103108_27_11.jpg,/trinity/home/m.romanov/benchmarking/datasets/MIST_HER2/trainB/IHC/2M2103108_27_11.jpg
60M2100980,60M2100980_34_26,0,0,2,/trinity/home/m.romanov/benchmarking/datasets/MIST_HER2/trainA/HE/60M2100980_34_26.jpg,/trinity/home/m.romanov/benchmarking/datasets/MIST_HER2/trainB/IHC/60M2100980_34_26.jpg
19M2102438,19M2102438_28_27,0,0,2,/trinity/home/m.romanov/benchmarking/datasets/MIST_HER2/trainA/HE/19M2102438_28_27.jpg,/trinity/home/m.romanov/benchmarking/datasets/MIST_HER2/trainB/IHC/19M2102438_28_27.jpg
62M2100915,62M2100915_17_10,0,0,2,/trinity/home/m.romanov/benchmarking/datasets/MIST_HER2/trainA/HE/62M2100915_17_10.jpg,/trinity/home/m.romanov/benchmarking/datasets/MIST_HER2/trainB/IHC/62M2100915_17_10.jpg
70M2100623,70M2100623_35_21,0,0,2,/trinity/home/m.romanov/benchmarking/datasets/MIST_HER2/trainA/HE/70M2100623_35_21.jpg,/trinity/home/m.romanov/benchmarking/datasets/MIST_HER2/trainB/IHC/70M2100623_35_21.jpg
52M2101275,52M2101275_9_9,0,0,2,/trinity/home/m.romanov/benchmarking/datasets/MIST_HER2/trainA/HE/52M2101275_9_9.jpg,/trinity/home/m.romanov/benchmarking/datasets/MIST_HER2/trainB/IHC/52M2101275_9_9.jpg
60M2100980,60M2100980_46_23,0,0,2,/trinity/home/m.romanov/benchmarking/datasets/MIST_HER2/trainA/HE/60M2100980_46_23.jpg,/trinity/home/m.romanov/benchmarking/datasets/MIST_HER2/trainB/IHC/60M2100980_46_23.jpg
94M2100142,94M2100142_28_12,0,0,2,/trinity/home/m.romanov/benchmarking/datasets/MIST_HER2/trainA/HE/94M2100142_28_12.jpg,/trinity/home/m.romanov/benchmarking/datasets/MIST_HER2/trainB/IHC/94M2100142_28_12.jpg
60M2100980,60M2100980_29_18,0,0,2,/trinity/home/m.romanov/benchmarking/datasets/MIST_HER2/trainA/HE/60M2100980_29_18.jpg,/trinity/home/m.romanov/benchmarking/datasets/MIST_HER2/trainB/IHC/60M2100980_29_18.jpg
68M2100640,68M2100640_15_10,0,0,2,/trinity/home/m.romanov/benchmarking/datasets/MIST_HER2/trainA/HE/68M2100640_15_10.jpg,/trinity/home/m.romanov/benchmarking/datasets/MIST_HER2/trainB/IHC/68M2100640_15_10.jpg
45M2101377,45M2101377_11_24,0,0,2,/trinity/home/m.romanov/benchmarking/datasets/MIST_HER2/trainA/HE/45M2101377_11_24.jpg,/trinity/home/m.romanov/benchmarking/datasets/MIST_HER2/trainB/IHC/45M2101377_11_24.jpg
47M2101316,47M2101316_5_29,0,0,2,/trinity/home/m.romanov/benchmarking/datasets/MIST_HER2/trainA/HE/47M2101316_5_29.jpg,/trinity/home/m.romanov/benchmarking/datasets/MIST_HER2/trainB/IHC/47M2101316_5_29.jpg
79M2100417,79M2100417_17_23,0,0,2,/trinity/home/m.romanov/benchmarking/datasets/MIST_HER2/trainA/HE/79M2100417_17_23.jpg,/trinity/home/m.romanov/benchmarking/datasets/MIST_HER2/trainB/IHC/79M2100417_17_23.jpg
93M2100147,93M2100147_13_25,0,0,2,/trinity/home/m.romanov/benchmarking/datasets/MIST_HER2/trainA/HE/93M2100147_13_25.jpg,/trinity/home/m.romanov/benchmarking/datasets/MIST_HER2/trainB/IHC/93M2100147_13_25.jpg
98M2004096,98M2004096_31_9,0,0,2,/trinity/home/m.romanov/benchmarking/datasets/MIST_HER2/trainA/HE/98M2004096_31_9.jpg,/trinity/home/m.romanov/benchmarking/datasets/MIST_HER2/trainB/IHC/98M2004096_31_9.jpg
52M2101275,52M2101275_12_10,0,0,2,/trinity/home/m.romanov/benchmarking/datasets/MIST_HER2/trainA/HE/52M2101275_12_10.jpg,/trinity/home/m.romanov/benchmarking/datasets/MIST_HER2/trainB/IHC/52M2101275_12_10.jpg
27M2102007,27M2102007_23_17,0,0,2,/trinity/home/m.romanov/benchmarking/datasets/MIST_HER2/trainA/HE/27M2102007_23_17.jpg,/trinity/home/m.romanov/benchmarking/datasets/MIST_HER2/trainB/IHC/27M2102007_23_17.jpg
52M2101275,52M2101275_13_8,0,0,2,/trinity/home/m.romanov/benchmarking/datasets/MIST_HER2/trainA/HE/52M2101275_13_8.jpg,/trinity/home/m.romanov/benchmarking/datasets/MIST_HER2/trainB/IHC/52M2101275_13_8.jpg
74M2100526,74M2100526_11_21,0,0,2,/trinity/home/m.romanov/benchmarking/datasets/MIST_HER2/trainA/HE/74M2100526_11_21.jpg,/trinity/home/m.romanov/benchmarking/datasets/MIST_HER2/trainB/IHC/74M2100526_11_21.jpg
35M2101733,35M2101733_3_11,0,0,2,/trinity/home/m.romanov/benchmarking/datasets/MIST_HER2/trainA/HE/35M2101733_3_11.jpg,/trinity/home/m.romanov/benchmarking/datasets/MIST_HER2/trainB/IHC/35M2101733_3_11.jpg
10M2102916,10M2102916_18_8,0,0,2,/trinity/home/m.romanov/benchmarking/datasets/MIST_HER2/trainA/HE/10M2102916_18_8.jpg,/trinity/home/m.romanov/benchmarking/datasets/MIST_HER2/trainB/IHC/10M2102916_18_8.jpg
33M2101839,33M2101839_10_2,0,0,2,/trinity/home/m.romanov/benchmarking/datasets/MIST_HER2/trainA/HE/33M2101839_10_2.jpg,/trinity/home/m.romanov/benchmarking/datasets/MIST_HER2/trainB/IHC/33M2101839_10_2.jpg
56M2101083,56M2101083_20_21,0,0,2,/trinity/home/m.romanov/benchmarking/datasets/MIST_HER2/trainA/HE/56M2101083_20_21.jpg,/trinity/home/m.romanov/benchmarking/datasets/MIST_HER2/trainB/IHC/56M2101083_20_21.jpg
52M2101275,52M2101275_23_11,0,0,2,/trinity/home/m.romanov/benchmarking/datasets/MIST_HER2/trainA/HE/52M2101275_23_11.jpg,/trinity/home/m.romanov/benchmarking/datasets/MIST_HER2/trainB/IHC/52M2101275_23_11.jpg
51M2101285,51M2101285_23_23,0,0,2,/trinity/home/m.romanov/benchmarking/datasets/MIST_HER2/trainA/HE/51M2101285_23_23.jpg,/trinity/home/m.romanov/benchmarking/datasets/MIST_HER2/trainB/IHC/51M2101285_23_23.jpg
30M2101953,30M2101953_10_17,0,0,2,/trinity/home/m.romanov/benchmarking/datasets/MIST_HER2/trainA/HE/30M2101953_10_17.jpg,/trinity/home/m.romanov/benchmarking/datasets/MIST_HER2/trainB/IHC/30M2101953_10_17.jpg
14M2102785,14M2102785_27_14,0,0,2,/trinity/home/m.romanov/benchmarking/datasets/MIST_HER2/trainA/HE/14M2102785_27_14.jpg,/trinity/home/m.romanov/benchmarking/datasets/MIST_HER2/trainB/IHC/14M2102785_27_14.jpg
88M2100218,88M2100218_18_8,0,0,2,/trinity/home/m.romanov/benchmarking/datasets/MIST_HER2/trainA/HE/88M2100218_18_8.jpg,/trinity/home/m.romanov/benchmarking/datasets/MIST_HER2/trainB/IHC/88M2100218_18_8.jpg
47M2101316,47M2101316_12_26,0,0,2,/trinity/home/m.romanov/benchmarking/datasets/MIST_HER2/trainA/HE/47M2101316_12_26.jpg,/trinity/home/m.romanov/benchmarking/datasets/MIST_HER2/trainB/IHC/47M2101316_12_26.jpg
48M2101314,48M2101314_30_34,0,0,2,/trinity/home/m.romanov/benchmarking/datasets/MIST_HER2/trainA/HE/48M2101314_30_34.jpg,/trinity/home/m.romanov/benchmarking/datasets/MIST_HER2/trainB/IHC/48M2101314_30_34.jpg
59M2100987,59M2100987_17_3,0,0,2,/trinity/home/m.romanov/benchmarking/datasets/MIST_HER2/trainA/HE/59M2100987_17_3.jpg,/trinity/home/m.romanov/benchmarking/datasets/MIST_HER2/trainB/IHC/59M2100987_17_3.jpg
47M2101316,47M2101316_5_34,0,0,2,/trinity/home/m.romanov/benchmarking/datasets/MIST_HER2/trainA/HE/47M2101316_5_34.jpg,/trinity/home/m.romanov/benchmarking/datasets/MIST_HER2/trainB/IHC/47M2101316_5_34.jpg
100M2004069,100M2004069_16_29,0,0,2,/trinity/home/m.romanov/benchmarking/datasets/MIST_HER2/trainA/HE/100M2004069_16_29.jpg,/trinity/home/m.romanov/benchmarking/datasets/MIST_HER2/trainB/IHC/100M2004069_16_29.jpg
6M2103024,6M2103024_13_13,0,0,2,/trinity/home/m.romanov/benchmarking/datasets/MIST_HER2/trainA/HE/6M2103024_13_13.jpg,/trinity/home/m.romanov/benchmarking/datasets/MIST_HER2/trainB/IHC/6M2103024_13_13.jpg
19M2102438,19M2102438_33_12,0,0,2,/trinity/home/m.romanov/benchmarking/datasets/MIST_HER2/trainA/HE/19M2102438_33_12.jpg,/trinity/home/m.romanov/benchmarking/datasets/MIST_HER2/trainB/IHC/19M2102438_33_12.jpg
53M2101258,53M2101258_27_15,0,0,2,/trinity/home/m.romanov/benchmarking/datasets/MIST_HER2/trainA/HE/53M2101258_27_15.jpg,/trinity/home/m.romanov/benchmarking/datasets/MIST_HER2/trainB/IHC/53M2101258_27_15.jpg
60M2100980,60M2100980_15_12,0,0,2,/trinity/home/m.romanov/benchmarking/datasets/MIST_HER2/trainA/HE/60M2100980_15_12.jpg,/trinity/home/m.romanov/benchmarking/datasets/MIST_HER2/trainB/IHC/60M2100980_15_12.jpg
54M2101205,54M2101205_6_19,0,0,2,/trinity/home/m.romanov/benchmarking/datasets/MIST_HER2/trainA/HE/54M2101205_6_19.jpg,/trinity/home/m.romanov/benchmarking/datasets/MIST_HER2/trainB/IHC/54M2101205_6_19.jpg
100M2004069,100M2004069_27_8,0,0,2,/trinity/home/m.romanov/benchmarking/datasets/MIST_HER2/trainA/HE/100M2004069_27_8.jpg,/trinity/home/m.romanov/benchmarking/datasets/MIST_HER2/trainB/IHC/100M2004069_27_8.jpg
68M2100640,68M2100640_16_10,0,0,2,/trinity/home/m.romanov/benchmarking/datasets/MIST_HER2/trainA/HE/68M2100640_16_10.jpg,/trinity/home/m.romanov/benchmarking/datasets/MIST_HER2/trainB/IHC/68M2100640_16_10.jpg
75M2100521,75M2100521_12_16,0,0,2,/trinity/home/m.romanov/benchmarking/datasets/MIST_HER2/trainA/HE/75M2100521_12_16.jpg,/trinity/home/m.romanov/benchmarking/datasets/MIST_HER2/trainB/IHC/75M2100521_12_16.jpg
77M2100464,77M2100464_17_23,0,0,2,/trinity/home/m.romanov/benchmarking/datasets/MIST_HER2/trainA/HE/77M2100464_17_23.jpg,/trinity/home/m.romanov/benchmarking/datasets/MIST_HER2/trainB/IHC/77M2100464_17_23.jpg
30M2101953,30M2101953_11_15,0,0,2,/trinity/home/m.romanov/benchmarking/datasets/MIST_HER2/trainA/HE/30M2101953_11_15.jpg,/trinity/home/m.romanov/benchmarking/datasets/MIST_HER2/trainB/IHC/30M2101953_11_15.jpg
56M2101083,56M2101083_40_19,0,0,2,/trinity/home/m.romanov/benchmarking/datasets/MIST_HER2/trainA/HE/56M2101083_40_19.jpg,/trinity/home/m.romanov/benchmarking/datasets/MIST_HER2/trainB/IHC/56M2101083_40_19.jpg
98M2004096,98M2004096_18_8,0,0,2,/trinity/home/m.romanov/benchmarking/datasets/MIST_HER2/trainA/HE/98M2004096_18_8.jpg,/trinity/home/m.romanov/benchmarking/datasets/MIST_HER2/trainB/IHC/98M2004096_18_8.jpg
6M2103024,6M2103024_27_12,0,0,2,/trinity/home/m.romanov/benchmarking/datasets/MIST_HER2/trainA/HE/6M2103024_27_12.jpg,/trinity/home/m.romanov/benchmarking/datasets/MIST_HER2/trainB/IHC/6M2103024_27_12.jpg
99M2004082,99M2004082_7_9,0,0,2,/trinity/home/m.romanov/benchmarking/datasets/MIST_HER2/trainA/HE/99M2004082_7_9.jpg,/trinity/home/m.romanov/benchmarking/datasets/MIST_HER2/trainB/IHC/99M2004082_7_9.jpg
94M2100142,94M2100142_32_15,0,0,2,/trinity/home/m.romanov/benchmarking/datasets/MIST_HER2/trainA/HE/94M2100142_32_15.jpg,/trinity/home/m.romanov/benchmarking/datasets/MIST_HER2/trainB/IHC/94M2100142_32_15.jpg
76M2100485,76M2100485_27_20,0,0,2,/trinity/home/m.romanov/benchmarking/datasets/MIST_HER2/trainA/HE/76M2100485_27_20.jpg,/trinity/home/m.romanov/benchmarking/datasets/MIST_HER2/trainB/IHC/76M2100485_27_20.jpg
23M2102136,23M2102136_17_21,0,0,2,/trinity/home/m.romanov/benchmarking/datasets/MIST_HER2/trainA/HE/23M2102136_17_21.jpg,/trinity/home/m.romanov/benchmarking/datasets/MIST_HER2/trainB/IHC/23M2102136_17_21.jpg
51M2101285,51M2101285_4_15,0,0,2,/trinity/home/m.romanov/benchmarking/datasets/MIST_HER2/trainA/HE/51M2101285_4_15.jpg,/trinity/home/m.romanov/benchmarking/datasets/MIST_HER2/trainB/IHC/51M2101285_4_15.jpg
60M2100980,60M2100980_39_29,0,0,2,/trinity/home/m.romanov/benchmarking/datasets/MIST_HER2/trainA/HE/60M2100980_39_29.jpg,/trinity/home/m.romanov/benchmarking/datasets/MIST_HER2/trainB/IHC/60M2100980_39_29.jpg
14M2102785,14M2102785_20_12,0,0,2,/trinity/home/m.romanov/benchmarking/datasets/MIST_HER2/trainA/HE/14M2102785_20_12.jpg,/trinity/home/m.romanov/benchmarking/datasets/MIST_HER2/trainB/IHC/14M2102785_20_12.jpg
44M2101492,44M2101492_24_29,0,0,2,/trinity/home/m.romanov/benchmarking/datasets/MIST_HER2/trainA/HE/44M2101492_24_29.jpg,/trinity/home/m.romanov/benchmarking/datasets/MIST_HER2/trainB/IHC/44M2101492_24_29.jpg
53M2101258,53M2101258_32_9,0,0,2,/trinity/home/m.romanov/benchmarking/datasets/MIST_HER2/trainA/HE/53M2101258_32_9.jpg,/trinity/home/m.romanov/benchmarking/datasets/MIST_HER2/trainB/IHC/53M2101258_32_9.jpg
46M2101353,46M2101353_13_13,0,0,2,/trinity/home/m.romanov/benchmarking/datasets/MIST_HER2/trainA/HE/46M2101353_13_13.jpg,/trinity/home/m.romanov/benchmarking/datasets/MIST_HER2/trainB/IHC/46M2101353_13_13.jpg
76M2100485,76M2100485_23_22,0,0,2,/trinity/home/m.romanov/benchmarking/datasets/MIST_HER2/trainA/HE/76M2100485_23_22.jpg,/trinity/home/m.romanov/benchmarking/datasets/MIST_HER2/trainB/IHC/76M2100485_23_22.jpg
2M2103108,2M2103108_15_18,0,0,2,/trinity/home/m.romanov/benchmarking/datasets/MIST_HER2/trainA/HE/2M2103108_15_18.jpg,/trinity/home/m.romanov/benchmarking/datasets/MIST_HER2/trainB/IHC/2M2103108_15_18.jpg
76M2100485,76M2100485_23_12,0,0,2,/trinity/home/m.romanov/benchmarking/datasets/MIST_HER2/trainA/HE/76M2100485_23_12.jpg,/trinity/home/m.romanov/benchmarking/datasets/MIST_HER2/trainB/IHC/76M2100485_23_12.jpg
35M2101733,35M2101733_3_12,0,0,2,/trinity/home/m.romanov/benchmarking/datasets/MIST_HER2/trainA/HE/35M2101733_3_12.jpg,/trinity/home/m.romanov/benchmarking/datasets/MIST_HER2/trainB/IHC/35M2101733_3_12.jpg
88M2100218,88M2100218_21_9,0,0,2,/trinity/home/m.romanov/benchmarking/datasets/MIST_HER2/trainA/HE/88M2100218_21_9.jpg,/trinity/home/m.romanov/benchmarking/datasets/MIST_HER2/trainB/IHC/88M2100218_21_9.jpg
27M2102007,27M2102007_8_28,0,0,2,/trinity/home/m.romanov/benchmarking/datasets/MIST_HER2/trainA/HE/27M2102007_8_28.jpg,/trinity/home/m.romanov/benchmarking/datasets/MIST_HER2/trainB/IHC/27M2102007_8_28.jpg
54M2101205,54M2101205_11_13,0,0,2,/trinity/home/m.romanov/benchmarking/datasets/MIST_HER2/trainA/HE/54M2101205_11_13.jpg,/trinity/home/m.romanov/benchmarking/datasets/MIST_HER2/trainB/IHC/54M2101205_11_13.jpg
28M2101987,28M2101987_12_26,0,0,2,/trinity/home/m.romanov/benchmarking/datasets/MIST_HER2/trainA/HE/28M2101987_12_26.jpg,/trinity/home/m.romanov/benchmarking/datasets/MIST_HER2/trainB/IHC/28M2101987_12_26.jpg
50M2101298,50M2101298_14_9,0,0,2,/trinity/home/m.romanov/benchmarking/datasets/MIST_HER2/trainA/HE/50M2101298_14_9.jpg,/trinity/home/m.romanov/benchmarking/datasets/MIST_HER2/trainB/IHC/50M2101298_14_9.jpg
92M2100150,92M2100150_17_36,0,0,2,/trinity/home/m.romanov/benchmarking/datasets/MIST_HER2/trainA/HE/92M2100150_17_36.jpg,/trinity/home/m.romanov/benchmarking/datasets/MIST_HER2/trainB/IHC/92M2100150_17_36.jpg
65M2100668,65M2100668_26_11,0,0,2,/trinity/home/m.romanov/benchmarking/datasets/MIST_HER2/trainA/HE/65M2100668_26_11.jpg,/trinity/home/m.romanov/benchmarking/datasets/MIST_HER2/trainB/IHC/65M2100668_26_11.jpg
97M2100034,97M2100034_29_14,0,0,2,/trinity/home/m.romanov/benchmarking/datasets/MIST_HER2/trainA/HE/97M2100034_29_14.jpg,/trinity/home/m.romanov/benchmarking/datasets/MIST_HER2/trainB/IHC/97M2100034_29_14.jpg
62M2100915,62M2100915_22_24,0,0,2,/trinity/home/m.romanov/benchmarking/datasets/MIST_HER2/trainA/HE/62M2100915_22_24.jpg,/trinity/home/m.romanov/benchmarking/datasets/MIST_HER2/trainB/IHC/62M2100915_22_24.jpg
54M2101205,54M2101205_5_11,0,0,2,/trinity/home/m.romanov/benchmarking/datasets/MIST_HER2/trainA/HE/54M2101205_5_11.jpg,/trinity/home/m.romanov/benchmarking/datasets/MIST_HER2/trainB/IHC/54M2101205_5_11.jpg
12M2102884,12M2102884_6_4,0,0,2,/trinity/home/m.romanov/benchmarking/datasets/MIST_HER2/trainA/HE/12M2102884_6_4.jpg,/trinity/home/m.romanov/benchmarking/datasets/MIST_HER2/trainB/IHC/12M2102884_6_4.jpg
69M2100632,69M2100632_28_14,0,0,2,/trinity/home/m.romanov/benchmarking/datasets/MIST_HER2/trainA/HE/69M2100632_28_14.jpg,/trinity/home/m.romanov/benchmarking/datasets/MIST_HER2/trainB/IHC/69M2100632_28_14.jpg
6M2103024,6M2103024_20_19,0,0,2,/trinity/home/m.romanov/benchmarking/datasets/MIST_HER2/trainA/HE/6M2103024_20_19.jpg,/trinity/home/m.romanov/benchmarking/datasets/MIST_HER2/trainB/IHC/6M2103024_20_19.jpg
53M2101258,53M2101258_27_16,0,0,2,/trinity/home/m.romanov/benchmarking/datasets/MIST_HER2/trainA/HE/53M2101258_27_16.jpg,/trinity/home/m.romanov/benchmarking/datasets/MIST_HER2/trainB/IHC/53M2101258_27_16.jpg
94M2100142,94M2100142_25_15,0,0,2,/trinity/home/m.romanov/benchmarking/datasets/MIST_HER2/trainA/HE/94M2100142_25_15.jpg,/trinity/home/m.romanov/benchmarking/datasets/MIST_HER2/trainB/IHC/94M2100142_25_15.jpg
51M2101285,51M2101285_27_12,0,0,2,/trinity/home/m.romanov/benchmarking/datasets/MIST_HER2/trainA/HE/51M2101285_27_12.jpg,/trinity/home/m.romanov/benchmarking/datasets/MIST_HER2/trainB/IHC/51M2101285_27_12.jpg
59M2100987,59M2100987_22_28,0,0,2,/trinity/home/m.romanov/benchmarking/datasets/MIST_HER2/trainA/HE/59M2100987_22_28.jpg,/trinity/home/m.romanov/benchmarking/datasets/MIST_HER2/trainB/IHC/59M2100987_22_28.jpg
94M2100142,94M2100142_16_14,0,0,2,/trinity/home/m.romanov/benchmarking/datasets/MIST_HER2/trainA/HE/94M2100142_16_14.jpg,/trinity/home/m.romanov/benchmarking/datasets/MIST_HER2/trainB/IHC/94M2100142_16_14.jpg
77M2100464,77M2100464_34_15,0,0,2,/trinity/home/m.romanov/benchmarking/datasets/MIST_HER2/trainA/HE/77M2100464_34_15.jpg,/trinity/home/m.romanov/benchmarking/datasets/MIST_HER2/trainB/IHC/77M2100464_34_15.jpg
4M2103059,4M2103059_24_5,0,0,2,/trinity/home/m.romanov/benchmarking/datasets/MIST_HER2/trainA/HE/4M2103059_24_5.jpg,/trinity/home/m.romanov/benchmarking/datasets/MIST_HER2/trainB/IHC/4M2103059_24_5.jpg
46M2101353,46M2101353_23_20,0,0,2,/trinity/home/m.romanov/benchmarking/datasets/MIST_HER2/trainA/HE/46M2101353_23_20.jpg,/trinity/home/m.romanov/benchmarking/datasets/MIST_HER2/trainB/IHC/46M2101353_23_20.jpg
28M2101987,28M2101987_22_12,0,0,2,/trinity/home/m.romanov/benchmarking/datasets/MIST_HER2/trainA/HE/28M2101987_22_12.jpg,/trinity/home/m.romanov/benchmarking/datasets/MIST_HER2/trainB/IHC/28M2101987_22_12.jpg
44M2101492,44M2101492_32_10,0,0,2,/trinity/home/m.romanov/benchmarking/datasets/MIST_HER2/trainA/HE/44M2101492_32_10.jpg,/trinity/home/m.romanov/benchmarking/datasets/MIST_HER2/trainB/IHC/44M2101492_32_10.jpg
74M2100526,74M2100526_21_9,0,0,2,/trinity/home/m.romanov/benchmarking/datasets/MIST_HER2/trainA/HE/74M2100526_21_9.jpg,/trinity/home/m.romanov/benchmarking/datasets/MIST_HER2/trainB/IHC/74M2100526_21_9.jpg
56M2101083,56M2101083_32_35,0,0,2,/trinity/home/m.romanov/benchmarking/datasets/MIST_HER2/trainA/HE/56M2101083_32_35.jpg,/trinity/home/m.romanov/benchmarking/datasets/MIST_HER2/trainB/IHC/56M2101083_32_35.jpg
44M2101492,44M2101492_19_29,0,0,2,/trinity/home/m.romanov/benchmarking/datasets/MIST_HER2/trainA/HE/44M2101492_19_29.jpg,/trinity/home/m.romanov/benchmarking/datasets/MIST_HER2/trainB/IHC/44M2101492_19_29.jpg
65M2100668,65M2100668_18_16,0,0,2,/trinity/home/m.romanov/benchmarking/datasets/MIST_HER2/trainA/HE/65M2100668_18_16.jpg,/trinity/home/m.romanov/benchmarking/datasets/MIST_HER2/trainB/IHC/65M2100668_18_16.jpg
31M2101871,31M2101871_8_15,0,0,2,/trinity/home/m.romanov/benchmarking/datasets/MIST_HER2/trainA/HE/31M2101871_8_15.jpg,/trinity/home/m.romanov/benchmarking/datasets/MIST_HER2/trainB/IHC/31M2101871_8_15.jpg
94M2100142,94M2100142_31_13,0,0,2,/trinity/home/m.romanov/benchmarking/datasets/MIST_HER2/trainA/HE/94M2100142_31_13.jpg,/trinity/home/m.romanov/benchmarking/datasets/MIST_HER2/trainB/IHC/94M2100142_31_13.jpg
79M2100417,79M2100417_10_17,0,0,2,/trinity/home/m.romanov/benchmarking/datasets/MIST_HER2/trainA/HE/79M2100417_10_17.jpg,/trinity/home/m.romanov/benchmarking/datasets/MIST_HER2/trainB/IHC/79M2100417_10_17.jpg
58M2100997,58M2100997_28_24,0,0,2,/trinity/home/m.romanov/benchmarking/datasets/MIST_HER2/trainA/HE/58M2100997_28_24.jpg,/trinity/home/m.romanov/benchmarking/datasets/MIST_HER2/trainB/IHC/58M2100997_28_24.jpg
74M2100526,74M2100526_25_20,0,0,2,/trinity/home/m.romanov/benchmarking/datasets/MIST_HER2/trainA/HE/74M2100526_25_20.jpg,/trinity/home/m.romanov/benchmarking/datasets/MIST_HER2/trainB/IHC/74M2100526_25_20.jpg
92M2100150,92M2100150_23_27,0,0,2,/trinity/home/m.romanov/benchmarking/datasets/MIST_HER2/trainA/HE/92M2100150_23_27.jpg,/trinity/home/m.romanov/benchmarking/datasets/MIST_HER2/trainB/IHC/92M2100150_23_27.jpg
46M2101353,46M2101353_25_8,0,0,2,/trinity/home/m.romanov/benchmarking/datasets/MIST_HER2/trainA/HE/46M2101353_25_8.jpg,/trinity/home/m.romanov/benchmarking/datasets/MIST_HER2/trainB/IHC/46M2101353_25_8.jpg
10M2102916,10M2102916_23_24,0,0,2,/trinity/home/m.romanov/benchmarking/datasets/MIST_HER2/trainA/HE/10M2102916_23_24.jpg,/trinity/home/m.romanov/benchmarking/datasets/MIST_HER2/trainB/IHC/10M2102916_23_24.jpg
98M2004096,98M2004096_23_10,0,0,2,/trinity/home/m.romanov/benchmarking/datasets/MIST_HER2/trainA/HE/98M2004096_23_10.jpg,/trinity/home/m.romanov/benchmarking/datasets/MIST_HER2/trainB/IHC/98M2004096_23_10.jpg
80M2100377,80M2100377_17_26,0,0,2,/trinity/home/m.romanov/benchmarking/datasets/MIST_HER2/trainA/HE/80M2100377_17_26.jpg,/trinity/home/m.romanov/benchmarking/datasets/MIST_HER2/trainB/IHC/80M2100377_17_26.jpg
97M2100034,97M2100034_13_20,0,0,2,/trinity/home/m.romanov/benchmarking/datasets/MIST_HER2/trainA/HE/97M2100034_13_20.jpg,/trinity/home/m.romanov/benchmarking/datasets/MIST_HER2/trainB/IHC/97M2100034_13_20.jpg
22M2102266,22M2102266_18_13,0,0,2,/trinity/home/m.romanov/benchmarking/datasets/MIST_HER2/trainA/HE/22M2102266_18_13.jpg,/trinity/home/m.romanov/benchmarking/datasets/MIST_HER2/trainB/IHC/22M2102266_18_13.jpg
68M2100640,68M2100640_28_25,0,0,2,/trinity/home/m.romanov/benchmarking/datasets/MIST_HER2/trainA/HE/68M2100640_28_25.jpg,/trinity/home/m.romanov/benchmarking/datasets/MIST_HER2/trainB/IHC/68M2100640_28_25.jpg
79M2100417,79M2100417_15_20,0,0,2,/trinity/home/m.romanov/benchmarking/datasets/MIST_HER2/trainA/HE/79M2100417_15_20.jpg,/trinity/home/m.romanov/benchmarking/datasets/MIST_HER2/trainB/IHC/79M2100417_15_20.jpg
52M2101275,52M2101275_16_5,0,0,2,/trinity/home/m.romanov/benchmarking/datasets/MIST_HER2/trainA/HE/52M2101275_16_5.jpg,/trinity/home/m.romanov/benchmarking/datasets/MIST_HER2/trainB/IHC/52M2101275_16_5.jpg
70M2100623,70M2100623_28_12,0,0,2,/trinity/home/m.romanov/benchmarking/datasets/MIST_HER2/trainA/HE/70M2100623_28_12.jpg,/trinity/home/m.romanov/benchmarking/datasets/MIST_HER2/trainB/IHC/70M2100623_28_12.jpg
68M2100640,68M2100640_23_10,0,0,2,/trinity/home/m.romanov/benchmarking/datasets/MIST_HER2/trainA/HE/68M2100640_23_10.jpg,/trinity/home/m.romanov/benchmarking/datasets/MIST_HER2/trainB/IHC/68M2100640_23_10.jpg
70M2100623,70M2100623_19_20,0,0,2,/trinity/home/m.romanov/benchmarking/datasets/MIST_HER2/trainA/HE/70M2100623_19_20.jpg,/trinity/home/m.romanov/benchmarking/datasets/MIST_HER2/trainB/IHC/70M2100623_19_20.jpg
94M2100142,94M2100142_4_16,0,0,2,/trinity/home/m.romanov/benchmarking/datasets/MIST_HER2/trainA/HE/94M2100142_4_16.jpg,/trinity/home/m.romanov/benchmarking/datasets/MIST_HER2/trainB/IHC/94M2100142_4_16.jpg
57M2101034,57M2101034_18_19,0,0,2,/trinity/home/m.romanov/benchmarking/datasets/MIST_HER2/trainA/HE/57M2101034_18_19.jpg,/trinity/home/m.romanov/benchmarking/datasets/MIST_HER2/trainB/IHC/57M2101034_18_19.jpg
46M2101353,46M2101353_19_8,0,0,2,/trinity/home/m.romanov/benchmarking/datasets/MIST_HER2/trainA/HE/46M2101353_19_8.jpg,/trinity/home/m.romanov/benchmarking/datasets/MIST_HER2/trainB/IHC/46M2101353_19_8.jpg
77M2100464,77M2100464_10_8,0,0,2,/trinity/home/m.romanov/benchmarking/datasets/MIST_HER2/trainA/HE/77M2100464_10_8.jpg,/trinity/home/m.romanov/benchmarking/datasets/MIST_HER2/trainB/IHC/77M2100464_10_8.jpg
98M2004096,98M2004096_22_13,0,0,2,/trinity/home/m.romanov/benchmarking/datasets/MIST_HER2/trainA/HE/98M2004096_22_13.jpg,/trinity/home/m.romanov/benchmarking/datasets/MIST_HER2/trainB/IHC/98M2004096_22_13.jpg
70M2100623,70M2100623_32_8,0,0,2,/trinity/home/m.romanov/benchmarking/datasets/MIST_HER2/trainA/HE/70M2100623_32_8.jpg,/trinity/home/m.romanov/benchmarking/datasets/MIST_HER2/trainB/IHC/70M2100623_32_8.jpg
54M2101205,54M2101205_20_10,0,0,2,/trinity/home/m.romanov/benchmarking/datasets/MIST_HER2/trainA/HE/54M2101205_20_10.jpg,/trinity/home/m.romanov/benchmarking/datasets/MIST_HER2/trainB/IHC/54M2101205_20_10.jpg
30M2101953,30M2101953_16_11,0,0,2,/trinity/home/m.romanov/benchmarking/datasets/MIST_HER2/trainA/HE/30M2101953_16_11.jpg,/trinity/home/m.romanov/benchmarking/datasets/MIST_HER2/trainB/IHC/30M2101953_16_11.jpg
76M2100485,76M2100485_30_15,0,0,2,/trinity/home/m.romanov/benchmarking/datasets/MIST_HER2/trainA/HE/76M2100485_30_15.jpg,/trinity/home/m.romanov/benchmarking/datasets/MIST_HER2/trainB/IHC/76M2100485_30_15.jpg
94M2100142,94M2100142_31_12,0,0,2,/trinity/home/m.romanov/benchmarking/datasets/MIST_HER2/trainA/HE/94M2100142_31_12.jpg,/trinity/home/m.romanov/benchmarking/datasets/MIST_HER2/trainB/IHC/94M2100142_31_12.jpg
4M2103059,4M2103059_11_13,0,0,2,/trinity/home/m.romanov/benchmarking/datasets/MIST_HER2/trainA/HE/4M2103059_11_13.jpg,/trinity/home/m.romanov/benchmarking/datasets/MIST_HER2/trainB/IHC/4M2103059_11_13.jpg
16M2102718,16M2102718_9_30,0,0,2,/trinity/home/m.romanov/benchmarking/datasets/MIST_HER2/trainA/HE/16M2102718_9_30.jpg,/trinity/home/m.romanov/benchmarking/datasets/MIST_HER2/trainB/IHC/16M2102718_9_30.jpg
53M2101258,53M2101258_19_29,0,0,2,/trinity/home/m.romanov/benchmarking/datasets/MIST_HER2/trainA/HE/53M2101258_19_29.jpg,/trinity/home/m.romanov/benchmarking/datasets/MIST_HER2/trainB/IHC/53M2101258_19_29.jpg
93M2100147,93M2100147_17_12,0,0,2,/trinity/home/m.romanov/benchmarking/datasets/MIST_HER2/trainA/HE/93M2100147_17_12.jpg,/trinity/home/m.romanov/benchmarking/datasets/MIST_HER2/trainB/IHC/93M2100147_17_12.jpg
56M2101083,56M2101083_35_27,0,0,2,/trinity/home/m.romanov/benchmarking/datasets/MIST_HER2/trainA/HE/56M2101083_35_27.jpg,/trinity/home/m.romanov/benchmarking/datasets/MIST_HER2/trainB/IHC/56M2101083_35_27.jpg
22M2102266,22M2102266_15_19,0,0,2,/trinity/home/m.romanov/benchmarking/datasets/MIST_HER2/trainA/HE/22M2102266_15_19.jpg,/trinity/home/m.romanov/benchmarking/datasets/MIST_HER2/trainB/IHC/22M2102266_15_19.jpg
51M2101285,51M2101285_31_16,0,0,2,/trinity/home/m.romanov/benchmarking/datasets/MIST_HER2/trainA/HE/51M2101285_31_16.jpg,/trinity/home/m.romanov/benchmarking/datasets/MIST_HER2/trainB/IHC/51M2101285_31_16.jpg
39M2101576,39M2101576_18_12,0,0,2,/trinity/home/m.romanov/benchmarking/datasets/MIST_HER2/trainA/HE/39M2101576_18_12.jpg,/trinity/home/m.romanov/benchmarking/datasets/MIST_HER2/trainB/IHC/39M2101576_18_12.jpg
31M2101871,31M2101871_6_24,0,0,2,/trinity/home/m.romanov/benchmarking/datasets/MIST_HER2/trainA/HE/31M2101871_6_24.jpg,/trinity/home/m.romanov/benchmarking/datasets/MIST_HER2/trainB/IHC/31M2101871_6_24.jpg
100M2004069,100M2004069_31_18,0,0,2,/trinity/home/m.romanov/benchmarking/datasets/MIST_HER2/trainA/HE/100M2004069_31_18.jpg,/trinity/home/m.romanov/benchmarking/datasets/MIST_HER2/trainB/IHC/100M2004069_31_18.jpg
46M2101353,46M2101353_27_6,0,0,2,/trinity/home/m.romanov/benchmarking/datasets/MIST_HER2/trainA/HE/46M2101353_27_6.jpg,/trinity/home/m.romanov/benchmarking/datasets/MIST_HER2/trainB/IHC/46M2101353_27_6.jpg
25M2102060,25M2102060_32_20,0,0,2,/trinity/home/m.romanov/benchmarking/datasets/MIST_HER2/trainA/HE/25M2102060_32_20.jpg,/trinity/home/m.romanov/benchmarking/datasets/MIST_HER2/trainB/IHC/25M2102060_32_20.jpg
31M2101871,31M2101871_14_22,0,0,2,/trinity/home/m.romanov/benchmarking/datasets/MIST_HER2/trainA/HE/31M2101871_14_22.jpg,/trinity/home/m.romanov/benchmarking/datasets/MIST_HER2/trainB/IHC/31M2101871_14_22.jpg
58M2100997,58M2100997_9_11,0,0,2,/trinity/home/m.romanov/benchmarking/datasets/MIST_HER2/trainA/HE/58M2100997_9_11.jpg,/trinity/home/m.romanov/benchmarking/datasets/MIST_HER2/trainB/IHC/58M2100997_9_11.jpg
79M2100417,79M2100417_16_16,0,0,2,/trinity/home/m.romanov/benchmarking/datasets/MIST_HER2/trainA/HE/79M2100417_16_16.jpg,/trinity/home/m.romanov/benchmarking/datasets/MIST_HER2/trainB/IHC/79M2100417_16_16.jpg
25M2102060,25M2102060_30_20,0,0,2,/trinity/home/m.romanov/benchmarking/datasets/MIST_HER2/trainA/HE/25M2102060_30_20.jpg,/trinity/home/m.romanov/benchmarking/datasets/MIST_HER2/trainB/IHC/25M2102060_30_20.jpg
6M2103024,6M2103024_25_17,0,0,2,/trinity/home/m.romanov/benchmarking/datasets/MIST_HER2/trainA/HE/6M2103024_25_17.jpg,/trinity/home/m.romanov/benchmarking/datasets/MIST_HER2/trainB/IHC/6M2103024_25_17.jpg
28M2101987,28M2101987_22_26,0,0,2,/trinity/home/m.romanov/benchmarking/datasets/MIST_HER2/trainA/HE/28M2101987_22_26.jpg,/trinity/home/m.romanov/benchmarking/datasets/MIST_HER2/trainB/IHC/28M2101987_22_26.jpg
77M2100464,77M2100464_23_26,0,0,2,/trinity/home/m.romanov/benchmarking/datasets/MIST_HER2/trainA/HE/77M2100464_23_26.jpg,/trinity/home/m.romanov/benchmarking/datasets/MIST_HER2/trainB/IHC/77M2100464_23_26.jpg
52M2101275,52M2101275_9_10,0,0,2,/trinity/home/m.romanov/benchmarking/datasets/MIST_HER2/trainA/HE/52M2101275_9_10.jpg,/trinity/home/m.romanov/benchmarking/datasets/MIST_HER2/trainB/IHC/52M2101275_9_10.jpg
50M2101298,50M2101298_32_3,0,0,2,/trinity/home/m.romanov/benchmarking/datasets/MIST_HER2/trainA/HE/50M2101298_32_3.jpg,/trinity/home/m.romanov/benchmarking/datasets/MIST_HER2/trainB/IHC/50M2101298_32_3.jpg
10M2102916,10M2102916_34_4,0,0,2,/trinity/home/m.romanov/benchmarking/datasets/MIST_HER2/trainA/HE/10M2102916_34_4.jpg,/trinity/home/m.romanov/benchmarking/datasets/MIST_HER2/trainB/IHC/10M2102916_34_4.jpg
80M2100377,80M2100377_25_16,0,0,2,/trinity/home/m.romanov/benchmarking/datasets/MIST_HER2/trainA/HE/80M2100377_25_16.jpg,/trinity/home/m.romanov/benchmarking/datasets/MIST_HER2/trainB/IHC/80M2100377_25_16.jpg
16M2102718,16M2102718_30_16,0,0,2,/trinity/home/m.romanov/benchmarking/datasets/MIST_HER2/trainA/HE/16M2102718_30_16.jpg,/trinity/home/m.romanov/benchmarking/datasets/MIST_HER2/trainB/IHC/16M2102718_30_16.jpg
19M2102438,19M2102438_28_8,0,0,2,/trinity/home/m.romanov/benchmarking/datasets/MIST_HER2/trainA/HE/19M2102438_28_8.jpg,/trinity/home/m.romanov/benchmarking/datasets/MIST_HER2/trainB/IHC/19M2102438_28_8.jpg
2M2103108,2M2103108_17_13,0,0,2,/trinity/home/m.romanov/benchmarking/datasets/MIST_HER2/trainA/HE/2M2103108_17_13.jpg,/trinity/home/m.romanov/benchmarking/datasets/MIST_HER2/trainB/IHC/2M2103108_17_13.jpg
45M2101377,45M2101377_29_13,0,0,2,/trinity/home/m.romanov/benchmarking/datasets/MIST_HER2/trainA/HE/45M2101377_29_13.jpg,/trinity/home/m.romanov/benchmarking/datasets/MIST_HER2/trainB/IHC/45M2101377_29_13.jpg
22M2102266,22M2102266_17_16,0,0,2,/trinity/home/m.romanov/benchmarking/datasets/MIST_HER2/trainA/HE/22M2102266_17_16.jpg,/trinity/home/m.romanov/benchmarking/datasets/MIST_HER2/trainB/IHC/22M2102266_17_16.jpg
48M2101314,48M2101314_14_36,0,0,2,/trinity/home/m.romanov/benchmarking/datasets/MIST_HER2/trainA/HE/48M2101314_14_36.jpg,/trinity/home/m.romanov/benchmarking/datasets/MIST_HER2/trainB/IHC/48M2101314_14_36.jpg
28M2101987,28M2101987_23_26,0,0,2,/trinity/home/m.romanov/benchmarking/datasets/MIST_HER2/trainA/HE/28M2101987_23_26.jpg,/trinity/home/m.romanov/benchmarking/datasets/MIST_HER2/trainB/IHC/28M2101987_23_26.jpg
10M2102916,10M2102916_3_22,0,0,2,/trinity/home/m.romanov/benchmarking/datasets/MIST_HER2/trainA/HE/10M2102916_3_22.jpg,/trinity/home/m.romanov/benchmarking/datasets/MIST_HER2/trainB/IHC/10M2102916_3_22.jpg
46M2101353,46M2101353_18_22,0,0,2,/trinity/home/m.romanov/benchmarking/datasets/MIST_HER2/trainA/HE/46M2101353_18_22.jpg,/trinity/home/m.romanov/benchmarking/datasets/MIST_HER2/trainB/IHC/46M2101353_18_22.jpg
44M2101492,44M2101492_11_31,0,0,2,/trinity/home/m.romanov/benchmarking/datasets/MIST_HER2/trainA/HE/44M2101492_11_31.jpg,/trinity/home/m.romanov/benchmarking/datasets/MIST_HER2/trainB/IHC/44M2101492_11_31.jpg
50M2101298,50M2101298_17_13,0,0,2,/trinity/home/m.romanov/benchmarking/datasets/MIST_HER2/trainA/HE/50M2101298_17_13.jpg,/trinity/home/m.romanov/benchmarking/datasets/MIST_HER2/trainB/IHC/50M2101298_17_13.jpg
60M2100980,60M2100980_14_24,0,0,2,/trinity/home/m.romanov/benchmarking/datasets/MIST_HER2/trainA/HE/60M2100980_14_24.jpg,/trinity/home/m.romanov/benchmarking/datasets/MIST_HER2/trainB/IHC/60M2100980_14_24.jpg
53M2101258,53M2101258_13_35,0,0,2,/trinity/home/m.romanov/benchmarking/datasets/MIST_HER2/trainA/HE/53M2101258_13_35.jpg,/trinity/home/m.romanov/benchmarking/datasets/MIST_HER2/trainB/IHC/53M2101258_13_35.jpg
14M2102785,14M2102785_23_16,0,0,2,/trinity/home/m.romanov/benchmarking/datasets/MIST_HER2/trainA/HE/14M2102785_23_16.jpg,/trinity/home/m.romanov/benchmarking/datasets/MIST_HER2/trainB/IHC/14M2102785_23_16.jpg
91M2100173,91M2100173_19_21,0,0,2,/trinity/home/m.romanov/benchmarking/datasets/MIST_HER2/trainA/HE/91M2100173_19_21.jpg,/trinity/home/m.romanov/benchmarking/datasets/MIST_HER2/trainB/IHC/91M2100173_19_21.jpg
74M2100526,74M2100526_9_17,0,0,2,/trinity/home/m.romanov/benchmarking/datasets/MIST_HER2/trainA/HE/74M2100526_9_17.jpg,/trinity/home/m.romanov/benchmarking/datasets/MIST_HER2/trainB/IHC/74M2100526_9_17.jpg
59M2100987,59M2100987_25_28,0,0,2,/trinity/home/m.romanov/benchmarking/datasets/MIST_HER2/trainA/HE/59M2100987_25_28.jpg,/trinity/home/m.romanov/benchmarking/datasets/MIST_HER2/trainB/IHC/59M2100987_25_28.jpg
75M2100521,75M2100521_18_18,0,0,2,/trinity/home/m.romanov/benchmarking/datasets/MIST_HER2/trainA/HE/75M2100521_18_18.jpg,/trinity/home/m.romanov/benchmarking/datasets/MIST_HER2/trainB/IHC/75M2100521_18_18.jpg
52M2101275,52M2101275_26_12,0,0,2,/trinity/home/m.romanov/benchmarking/datasets/MIST_HER2/trainA/HE/52M2101275_26_12.jpg,/trinity/home/m.romanov/benchmarking/datasets/MIST_HER2/trainB/IHC/52M2101275_26_12.jpg
77M2100464,77M2100464_38_18,0,0,2,/trinity/home/m.romanov/benchmarking/datasets/MIST_HER2/trainA/HE/77M2100464_38_18.jpg,/trinity/home/m.romanov/benchmarking/datasets/MIST_HER2/trainB/IHC/77M2100464_38_18.jpg
75M2100521,75M2100521_11_14,0,0,2,/trinity/home/m.romanov/benchmarking/datasets/MIST_HER2/trainA/HE/75M2100521_11_14.jpg,/trinity/home/m.romanov/benchmarking/datasets/MIST_HER2/trainB/IHC/75M2100521_11_14.jpg
48M2101314,48M2101314_38_34,0,0,2,/trinity/home/m.romanov/benchmarking/datasets/MIST_HER2/trainA/HE/48M2101314_38_34.jpg,/trinity/home/m.romanov/benchmarking/datasets/MIST_HER2/trainB/IHC/48M2101314_38_34.jpg
65M2100668,65M2100668_19_14,0,0,2,/trinity/home/m.romanov/benchmarking/datasets/MIST_HER2/trainA/HE/65M2100668_19_14.jpg,/trinity/home/m.romanov/benchmarking/datasets/MIST_HER2/trainB/IHC/65M2100668_19_14.jpg
68M2100640,68M2100640_32_21,0,0,2,/trinity/home/m.romanov/benchmarking/datasets/MIST_HER2/trainA/HE/68M2100640_32_21.jpg,/trinity/home/m.romanov/benchmarking/datasets/MIST_HER2/trainB/IHC/68M2100640_32_21.jpg
50M2101298,50M2101298_14_16,0,0,2,/trinity/home/m.romanov/benchmarking/datasets/MIST_HER2/trainA/HE/50M2101298_14_16.jpg,/trinity/home/m.romanov/benchmarking/datasets/MIST_HER2/trainB/IHC/50M2101298_14_16.jpg
46M2101353,46M2101353_19_9,0,0,2,/trinity/home/m.romanov/benchmarking/datasets/MIST_HER2/trainA/HE/46M2101353_19_9.jpg,/trinity/home/m.romanov/benchmarking/datasets/MIST_HER2/trainB/IHC/46M2101353_19_9.jpg
80M2100377,80M2100377_29_27,0,0,2,/trinity/home/m.romanov/benchmarking/datasets/MIST_HER2/trainA/HE/80M2100377_29_27.jpg,/trinity/home/m.romanov/benchmarking/datasets/MIST_HER2/trainB/IHC/80M2100377_29_27.jpg
62M2100915,62M2100915_21_14,0,0,2,/trinity/home/m.romanov/benchmarking/datasets/MIST_HER2/trainA/HE/62M2100915_21_14.jpg,/trinity/home/m.romanov/benchmarking/datasets/MIST_HER2/trainB/IHC/62M2100915_21_14.jpg
53M2101258,53M2101258_30_29,0,0,2,/trinity/home/m.romanov/benchmarking/datasets/MIST_HER2/trainA/HE/53M2101258_30_29.jpg,/trinity/home/m.romanov/benchmarking/datasets/MIST_HER2/trainB/IHC/53M2101258_30_29.jpg
97M2100034,97M2100034_32_13,0,0,2,/trinity/home/m.romanov/benchmarking/datasets/MIST_HER2/trainA/HE/97M2100034_32_13.jpg,/trinity/home/m.romanov/benchmarking/datasets/MIST_HER2/trainB/IHC/97M2100034_32_13.jpg
48M2101314,48M2101314_27_23,0,0,2,/trinity/home/m.romanov/benchmarking/datasets/MIST_HER2/trainA/HE/48M2101314_27_23.jpg,/trinity/home/m.romanov/benchmarking/datasets/MIST_HER2/trainB/IHC/48M2101314_27_23.jpg
47M2101316,47M2101316_21_14,0,0,2,/trinity/home/m.romanov/benchmarking/datasets/MIST_HER2/trainA/HE/47M2101316_21_14.jpg,/trinity/home/m.romanov/benchmarking/datasets/MIST_HER2/trainB/IHC/47M2101316_21_14.jpg
97M2100034,97M2100034_22_15,0,0,2,/trinity/home/m.romanov/benchmarking/datasets/MIST_HER2/trainA/HE/97M2100034_22_15.jpg,/trinity/home/m.romanov/benchmarking/datasets/MIST_HER2/trainB/IHC/97M2100034_22_15.jpg
48M2101314,48M2101314_8_20,0,0,2,/trinity/home/m.romanov/benchmarking/datasets/MIST_HER2/trainA/HE/48M2101314_8_20.jpg,/trinity/home/m.romanov/benchmarking/datasets/MIST_HER2/trainB/IHC/48M2101314_8_20.jpg
47M2101316,47M2101316_13_6,0,0,2,/trinity/home/m.romanov/benchmarking/datasets/MIST_HER2/trainA/HE/47M2101316_13_6.jpg,/trinity/home/m.romanov/benchmarking/datasets/MIST_HER2/trainB/IHC/47M2101316_13_6.jpg
10M2102916,10M2102916_41_30,0,0,2,/trinity/home/m.romanov/benchmarking/datasets/MIST_HER2/trainA/HE/10M2102916_41_30.jpg,/trinity/home/m.romanov/benchmarking/datasets/MIST_HER2/trainB/IHC/10M2102916_41_30.jpg
2M2103108,2M2103108_21_8,0,0,2,/trinity/home/m.romanov/benchmarking/datasets/MIST_HER2/trainA/HE/2M2103108_21_8.jpg,/trinity/home/m.romanov/benchmarking/datasets/MIST_HER2/trainB/IHC/2M2103108_21_8.jpg
88M2100218,88M2100218_27_11,0,0,2,/trinity/home/m.romanov/benchmarking/datasets/MIST_HER2/trainA/HE/88M2100218_27_11.jpg,/trinity/home/m.romanov/benchmarking/datasets/MIST_HER2/trainB/IHC/88M2100218_27_11.jpg
51M2101285,51M2101285_4_14,0,0,2,/trinity/home/m.romanov/benchmarking/datasets/MIST_HER2/trainA/HE/51M2101285_4_14.jpg,/trinity/home/m.romanov/benchmarking/datasets/MIST_HER2/trainB/IHC/51M2101285_4_14.jpg
23M2102136,23M2102136_33_18,0,0,2,/trinity/home/m.romanov/benchmarking/datasets/MIST_HER2/trainA/HE/23M2102136_33_18.jpg,/trinity/home/m.romanov/benchmarking/datasets/MIST_HER2/trainB/IHC/23M2102136_33_18.jpg
92M2100150,92M2100150_16_17,0,0,2,/trinity/home/m.romanov/benchmarking/datasets/MIST_HER2/trainA/HE/92M2100150_16_17.jpg,/trinity/home/m.romanov/benchmarking/datasets/MIST_HER2/trainB/IHC/92M2100150_16_17.jpg
45M2101377,45M2101377_36_26,0,0,2,/trinity/home/m.romanov/benchmarking/datasets/MIST_HER2/trainA/HE/45M2101377_36_26.jpg,/trinity/home/m.romanov/benchmarking/datasets/MIST_HER2/trainB/IHC/45M2101377_36_26.jpg
93M2100147,93M2100147_14_16,0,0,2,/trinity/home/m.romanov/benchmarking/datasets/MIST_HER2/trainA/HE/93M2100147_14_16.jpg,/trinity/home/m.romanov/benchmarking/datasets/MIST_HER2/trainB/IHC/93M2100147_14_16.jpg
51M2101285,51M2101285_30_17,0,0,2,/trinity/home/m.romanov/benchmarking/datasets/MIST_HER2/trainA/HE/51M2101285_30_17.jpg,/trinity/home/m.romanov/benchmarking/datasets/MIST_HER2/trainB/IHC/51M2101285_30_17.jpg
28M2101987,28M2101987_13_28,0,0,2,/trinity/home/m.romanov/benchmarking/datasets/MIST_HER2/trainA/HE/28M2101987_13_28.jpg,/trinity/home/m.romanov/benchmarking/datasets/MIST_HER2/trainB/IHC/28M2101987_13_28.jpg
94M2100142,94M2100142_22_16,0,0,2,/trinity/home/m.romanov/benchmarking/datasets/MIST_HER2/trainA/HE/94M2100142_22_16.jpg,/trinity/home/m.romanov/benchmarking/datasets/MIST_HER2/trainB/IHC/94M2100142_22_16.jpg
69M2100632,69M2100632_29_21,0,0,2,/trinity/home/m.romanov/benchmarking/datasets/MIST_HER2/trainA/HE/69M2100632_29_21.jpg,/trinity/home/m.romanov/benchmarking/datasets/MIST_HER2/trainB/IHC/69M2100632_29_21.jpg
58M2100997,58M2100997_16_9,0,0,2,/trinity/home/m.romanov/benchmarking/datasets/MIST_HER2/trainA/HE/58M2100997_16_9.jpg,/trinity/home/m.romanov/benchmarking/datasets/MIST_HER2/trainB/IHC/58M2100997_16_9.jpg
15M2102762,15M2102762_11_16,0,0,2,/trinity/home/m.romanov/benchmarking/datasets/MIST_HER2/trainA/HE/15M2102762_11_16.jpg,/trinity/home/m.romanov/benchmarking/datasets/MIST_HER2/trainB/IHC/15M2102762_11_16.jpg
91M2100173,91M2100173_11_9,0,0,2,/trinity/home/m.romanov/benchmarking/datasets/MIST_HER2/trainA/HE/91M2100173_11_9.jpg,/trinity/home/m.romanov/benchmarking/datasets/MIST_HER2/trainB/IHC/91M2100173_11_9.jpg
40M2101566,40M2101566_30_16,0,0,2,/trinity/home/m.romanov/benchmarking/datasets/MIST_HER2/trainA/HE/40M2101566_30_16.jpg,/trinity/home/m.romanov/benchmarking/datasets/MIST_HER2/trainB/IHC/40M2101566_30_16.jpg
4M2103059,4M2103059_26_11,0,0,2,/trinity/home/m.romanov/benchmarking/datasets/MIST_HER2/trainA/HE/4M2103059_26_11.jpg,/trinity/home/m.romanov/benchmarking/datasets/MIST_HER2/trainB/IHC/4M2103059_26_11.jpg
27M2102007,27M2102007_14_23,0,0,2,/trinity/home/m.romanov/benchmarking/datasets/MIST_HER2/trainA/HE/27M2102007_14_23.jpg,/trinity/home/m.romanov/benchmarking/datasets/MIST_HER2/trainB/IHC/27M2102007_14_23.jpg
62M2100915,62M2100915_18_12,0,0,2,/trinity/home/m.romanov/benchmarking/datasets/MIST_HER2/trainA/HE/62M2100915_18_12.jpg,/trinity/home/m.romanov/benchmarking/datasets/MIST_HER2/trainB/IHC/62M2100915_18_12.jpg
97M2100034,97M2100034_25_4,0,0,2,/trinity/home/m.romanov/benchmarking/datasets/MIST_HER2/trainA/HE/97M2100034_25_4.jpg,/trinity/home/m.romanov/benchmarking/datasets/MIST_HER2/trainB/IHC/97M2100034_25_4.jpg
15M2102762,15M2102762_8_20,0,0,2,/trinity/home/m.romanov/benchmarking/datasets/MIST_HER2/trainA/HE/15M2102762_8_20.jpg,/trinity/home/m.romanov/benchmarking/datasets/MIST_HER2/trainB/IHC/15M2102762_8_20.jpg
60M2100980,60M2100980_27_17,0,0,2,/trinity/home/m.romanov/benchmarking/datasets/MIST_HER2/trainA/HE/60M2100980_27_17.jpg,/trinity/home/m.romanov/benchmarking/datasets/MIST_HER2/trainB/IHC/60M2100980_27_17.jpg
97M2100034,97M2100034_30_13,0,0,2,/trinity/home/m.romanov/benchmarking/datasets/MIST_HER2/trainA/HE/97M2100034_30_13.jpg,/trinity/home/m.romanov/benchmarking/datasets/MIST_HER2/trainB/IHC/97M2100034_30_13.jpg
4M2103059,4M2103059_13_14,0,0,2,/trinity/home/m.romanov/benchmarking/datasets/MIST_HER2/trainA/HE/4M2103059_13_14.jpg,/trinity/home/m.romanov/benchmarking/datasets/MIST_HER2/trainB/IHC/4M2103059_13_14.jpg
31M2101871,31M2101871_1_25,0,0,2,/trinity/home/m.romanov/benchmarking/datasets/MIST_HER2/trainA/HE/31M2101871_1_25.jpg,/trinity/home/m.romanov/benchmarking/datasets/MIST_HER2/trainB/IHC/31M2101871_1_25.jpg
68M2100640,68M2100640_6_17,0,0,2,/trinity/home/m.romanov/benchmarking/datasets/MIST_HER2/trainA/HE/68M2100640_6_17.jpg,/trinity/home/m.romanov/benchmarking/datasets/MIST_HER2/trainB/IHC/68M2100640_6_17.jpg
94M2100142,94M2100142_24_16,0,0,2,/trinity/home/m.romanov/benchmarking/datasets/MIST_HER2/trainA/HE/94M2100142_24_16.jpg,/trinity/home/m.romanov/benchmarking/datasets/MIST_HER2/trainB/IHC/94M2100142_24_16.jpg
53M2101258,53M2101258_31_21,0,0,2,/trinity/home/m.romanov/benchmarking/datasets/MIST_HER2/trainA/HE/53M2101258_31_21.jpg,/trinity/home/m.romanov/benchmarking/datasets/MIST_HER2/trainB/IHC/53M2101258_31_21.jpg
14M2102785,14M2102785_17_8,0,0,2,/trinity/home/m.romanov/benchmarking/datasets/MIST_HER2/trainA/HE/14M2102785_17_8.jpg,/trinity/home/m.romanov/benchmarking/datasets/MIST_HER2/trainB/IHC/14M2102785_17_8.jpg
59M2100987,59M2100987_14_12,0,0,2,/trinity/home/m.romanov/benchmarking/datasets/MIST_HER2/trainA/HE/59M2100987_14_12.jpg,/trinity/home/m.romanov/benchmarking/datasets/MIST_HER2/trainB/IHC/59M2100987_14_12.jpg
76M2100485,76M2100485_19_13,0,0,2,/trinity/home/m.romanov/benchmarking/datasets/MIST_HER2/trainA/HE/76M2100485_19_13.jpg,/trinity/home/m.romanov/benchmarking/datasets/MIST_HER2/trainB/IHC/76M2100485_19_13.jpg
48M2101314,48M2101314_31_27,0,0,2,/trinity/home/m.romanov/benchmarking/datasets/MIST_HER2/trainA/HE/48M2101314_31_27.jpg,/trinity/home/m.romanov/benchmarking/datasets/MIST_HER2/trainB/IHC/48M2101314_31_27.jpg
2M2103108,2M2103108_16_11,0,0,2,/trinity/home/m.romanov/benchmarking/datasets/MIST_HER2/trainA/HE/2M2103108_16_11.jpg,/trinity/home/m.romanov/benchmarking/datasets/MIST_HER2/trainB/IHC/2M2103108_16_11.jpg
99M2004082,99M2004082_32_9,0,0,2,/trinity/home/m.romanov/benchmarking/datasets/MIST_HER2/trainA/HE/99M2004082_32_9.jpg,/trinity/home/m.romanov/benchmarking/datasets/MIST_HER2/trainB/IHC/99M2004082_32_9.jpg
75M2100521,75M2100521_20_3,0,0,2,/trinity/home/m.romanov/benchmarking/datasets/MIST_HER2/trainA/HE/75M2100521_20_3.jpg,/trinity/home/m.romanov/benchmarking/datasets/MIST_HER2/trainB/IHC/75M2100521_20_3.jpg
10M2102916,10M2102916_22_10,0,0,2,/trinity/home/m.romanov/benchmarking/datasets/MIST_HER2/trainA/HE/10M2102916_22_10.jpg,/trinity/home/m.romanov/benchmarking/datasets/MIST_HER2/trainB/IHC/10M2102916_22_10.jpg
91M2100173,91M2100173_19_14,0,0,2,/trinity/home/m.romanov/benchmarking/datasets/MIST_HER2/trainA/HE/91M2100173_19_14.jpg,/trinity/home/m.romanov/benchmarking/datasets/MIST_HER2/trainB/IHC/91M2100173_19_14.jpg
80M2100377,80M2100377_21_22,0,0,2,/trinity/home/m.romanov/benchmarking/datasets/MIST_HER2/trainA/HE/80M2100377_21_22.jpg,/trinity/home/m.romanov/benchmarking/datasets/MIST_HER2/trainB/IHC/80M2100377_21_22.jpg
59M2100987,59M2100987_23_27,0,0,2,/trinity/home/m.romanov/benchmarking/datasets/MIST_HER2/trainA/HE/59M2100987_23_27.jpg,/trinity/home/m.romanov/benchmarking/datasets/MIST_HER2/trainB/IHC/59M2100987_23_27.jpg
23M2102136,23M2102136_22_17,0,0,2,/trinity/home/m.romanov/benchmarking/datasets/MIST_HER2/trainA/HE/23M2102136_22_17.jpg,/trinity/home/m.romanov/benchmarking/datasets/MIST_HER2/trainB/IHC/23M2102136_22_17.jpg
65M2100668,65M2100668_18_13,0,0,2,/trinity/home/m.romanov/benchmarking/datasets/MIST_HER2/trainA/HE/65M2100668_18_13.jpg,/trinity/home/m.romanov/benchmarking/datasets/MIST_HER2/trainB/IHC/65M2100668_18_13.jpg
31M2101871,31M2101871_34_18,0,0,2,/trinity/home/m.romanov/benchmarking/datasets/MIST_HER2/trainA/HE/31M2101871_34_18.jpg,/trinity/home/m.romanov/benchmarking/datasets/MIST_HER2/trainB/IHC/31M2101871_34_18.jpg
46M2101353,46M2101353_30_18,0,0,2,/trinity/home/m.romanov/benchmarking/datasets/MIST_HER2/trainA/HE/46M2101353_30_18.jpg,/trinity/home/m.romanov/benchmarking/datasets/MIST_HER2/trainB/IHC/46M2101353_30_18.jpg
80M2100377,80M2100377_22_18,0,0,2,/trinity/home/m.romanov/benchmarking/datasets/MIST_HER2/trainA/HE/80M2100377_22_18.jpg,/trinity/home/m.romanov/benchmarking/datasets/MIST_HER2/trainB/IHC/80M2100377_22_18.jpg
30M2101953,30M2101953_12_12,0,0,2,/trinity/home/m.romanov/benchmarking/datasets/MIST_HER2/trainA/HE/30M2101953_12_12.jpg,/trinity/home/m.romanov/benchmarking/datasets/MIST_HER2/trainB/IHC/30M2101953_12_12.jpg
70M2100623,70M2100623_19_7,0,0,2,/trinity/home/m.romanov/benchmarking/datasets/MIST_HER2/trainA/HE/70M2100623_19_7.jpg,/trinity/home/m.romanov/benchmarking/datasets/MIST_HER2/trainB/IHC/70M2100623_19_7.jpg
51M2101285,51M2101285_26_15,0,0,2,/trinity/home/m.romanov/benchmarking/datasets/MIST_HER2/trainA/HE/51M2101285_26_15.jpg,/trinity/home/m.romanov/benchmarking/datasets/MIST_HER2/trainB/IHC/51M2101285_26_15.jpg
59M2100987,59M2100987_23_8,0,0,2,/trinity/home/m.romanov/benchmarking/datasets/MIST_HER2/trainA/HE/59M2100987_23_8.jpg,/trinity/home/m.romanov/benchmarking/datasets/MIST_HER2/trainB/IHC/59M2100987_23_8.jpg
47M2101316,47M2101316_8_18,0,0,2,/trinity/home/m.romanov/benchmarking/datasets/MIST_HER2/trainA/HE/47M2101316_8_18.jpg,/trinity/home/m.romanov/benchmarking/datasets/MIST_HER2/trainB/IHC/47M2101316_8_18.jpg
6M2103024,6M2103024_19_16,0,0,2,/trinity/home/m.romanov/benchmarking/datasets/MIST_HER2/trainA/HE/6M2103024_19_16.jpg,/trinity/home/m.romanov/benchmarking/datasets/MIST_HER2/trainB/IHC/6M2103024_19_16.jpg
39M2101576,39M2101576_20_27,0,0,2,/trinity/home/m.romanov/benchmarking/datasets/MIST_HER2/trainA/HE/39M2101576_20_27.jpg,/trinity/home/m.romanov/benchmarking/datasets/MIST_HER2/trainB/IHC/39M2101576_20_27.jpg
51M2101285,51M2101285_21_16,0,0,2,/trinity/home/m.romanov/benchmarking/datasets/MIST_HER2/trainA/HE/51M2101285_21_16.jpg,/trinity/home/m.romanov/benchmarking/datasets/MIST_HER2/trainB/IHC/51M2101285_21_16.jpg
25M2102060,25M2102060_30_26,0,0,2,/trinity/home/m.romanov/benchmarking/datasets/MIST_HER2/trainA/HE/25M2102060_30_26.jpg,/trinity/home/m.romanov/benchmarking/datasets/MIST_HER2/trainB/IHC/25M2102060_30_26.jpg
47M2101316,47M2101316_10_23,0,0,2,/trinity/home/m.romanov/benchmarking/datasets/MIST_HER2/trainA/HE/47M2101316_10_23.jpg,/trinity/home/m.romanov/benchmarking/datasets/MIST_HER2/trainB/IHC/47M2101316_10_23.jpg
79M2100417,79M2100417_18_23,0,0,2,/trinity/home/m.romanov/benchmarking/datasets/MIST_HER2/trainA/HE/79M2100417_18_23.jpg,/trinity/home/m.romanov/benchmarking/datasets/MIST_HER2/trainB/IHC/79M2100417_18_23.jpg
58M2100997,58M2100997_27_18,0,0,2,/trinity/home/m.romanov/benchmarking/datasets/MIST_HER2/trainA/HE/58M2100997_27_18.jpg,/trinity/home/m.romanov/benchmarking/datasets/MIST_HER2/trainB/IHC/58M2100997_27_18.jpg
10M2102916,10M2102916_31_33,0,0,2,/trinity/home/m.romanov/benchmarking/datasets/MIST_HER2/trainA/HE/10M2102916_31_33.jpg,/trinity/home/m.romanov/benchmarking/datasets/MIST_HER2/trainB/IHC/10M2102916_31_33.jpg
83M2100256,83M2100256_18_24,0,0,2,/trinity/home/m.romanov/benchmarking/datasets/MIST_HER2/trainA/HE/83M2100256_18_24.jpg,/trinity/home/m.romanov/benchmarking/datasets/MIST_HER2/trainB/IHC/83M2100256_18_24.jpg
22M2102266,22M2102266_18_16,0,0,2,/trinity/home/m.romanov/benchmarking/datasets/MIST_HER2/trainA/HE/22M2102266_18_16.jpg,/trinity/home/m.romanov/benchmarking/datasets/MIST_HER2/trainB/IHC/22M2102266_18_16.jpg
31M2101871,31M2101871_35_5,0,0,2,/trinity/home/m.romanov/benchmarking/datasets/MIST_HER2/trainA/HE/31M2101871_35_5.jpg,/trinity/home/m.romanov/benchmarking/datasets/MIST_HER2/trainB/IHC/31M2101871_35_5.jpg
62M2100915,62M2100915_27_11,0,0,2,/trinity/home/m.romanov/benchmarking/datasets/MIST_HER2/trainA/HE/62M2100915_27_11.jpg,/trinity/home/m.romanov/benchmarking/datasets/MIST_HER2/trainB/IHC/62M2100915_27_11.jpg
70M2100623,70M2100623_13_10,0,0,2,/trinity/home/m.romanov/benchmarking/datasets/MIST_HER2/trainA/HE/70M2100623_13_10.jpg,/trinity/home/m.romanov/benchmarking/datasets/MIST_HER2/trainB/IHC/70M2100623_13_10.jpg
68M2100640,68M2100640_9_27,0,0,2,/trinity/home/m.romanov/benchmarking/datasets/MIST_HER2/trainA/HE/68M2100640_9_27.jpg,/trinity/home/m.romanov/benchmarking/datasets/MIST_HER2/trainB/IHC/68M2100640_9_27.jpg
79M2100417,79M2100417_13_21,0,0,2,/trinity/home/m.romanov/benchmarking/datasets/MIST_HER2/trainA/HE/79M2100417_13_21.jpg,/trinity/home/m.romanov/benchmarking/datasets/MIST_HER2/trainB/IHC/79M2100417_13_21.jpg
98M2004096,98M2004096_19_3,0,0,2,/trinity/home/m.romanov/benchmarking/datasets/MIST_HER2/trainA/HE/98M2004096_19_3.jpg,/trinity/home/m.romanov/benchmarking/datasets/MIST_HER2/trainB/IHC/98M2004096_19_3.jpg
50M2101298,50M2101298_10_15,0,0,2,/trinity/home/m.romanov/benchmarking/datasets/MIST_HER2/trainA/HE/50M2101298_10_15.jpg,/trinity/home/m.romanov/benchmarking/datasets/MIST_HER2/trainB/IHC/50M2101298_10_15.jpg
45M2101377,45M2101377_4_24,0,0,2,/trinity/home/m.romanov/benchmarking/datasets/MIST_HER2/trainA/HE/45M2101377_4_24.jpg,/trinity/home/m.romanov/benchmarking/datasets/MIST_HER2/trainB/IHC/45M2101377_4_24.jpg
65M2100668,65M2100668_21_20,0,0,2,/trinity/home/m.romanov/benchmarking/datasets/MIST_HER2/trainA/HE/65M2100668_21_20.jpg,/trinity/home/m.romanov/benchmarking/datasets/MIST_HER2/trainB/IHC/65M2100668_21_20.jpg
30M2101953,30M2101953_13_18,0,0,2,/trinity/home/m.romanov/benchmarking/datasets/MIST_HER2/trainA/HE/30M2101953_13_18.jpg,/trinity/home/m.romanov/benchmarking/datasets/MIST_HER2/trainB/IHC/30M2101953_13_18.jpg
50M2101298,50M2101298_22_13,0,0,2,/trinity/home/m.romanov/benchmarking/datasets/MIST_HER2/trainA/HE/50M2101298_22_13.jpg,/trinity/home/m.romanov/benchmarking/datasets/MIST_HER2/trainB/IHC/50M2101298_22_13.jpg
69M2100632,69M2100632_12_24,0,0,2,/trinity/home/m.romanov/benchmarking/datasets/MIST_HER2/trainA/HE/69M2100632_12_24.jpg,/trinity/home/m.romanov/benchmarking/datasets/MIST_HER2/trainB/IHC/69M2100632_12_24.jpg
30M2101953,30M2101953_13_16,0,0,2,/trinity/home/m.romanov/benchmarking/datasets/MIST_HER2/trainA/HE/30M2101953_13_16.jpg,/trinity/home/m.romanov/benchmarking/datasets/MIST_HER2/trainB/IHC/30M2101953_13_16.jpg
58M2100997,58M2100997_28_21,0,0,2,/trinity/home/m.romanov/benchmarking/datasets/MIST_HER2/trainA/HE/58M2100997_28_21.jpg,/trinity/home/m.romanov/benchmarking/datasets/MIST_HER2/trainB/IHC/58M2100997_28_21.jpg
76M2100485,76M2100485_22_19,0,0,2,/trinity/home/m.romanov/benchmarking/datasets/MIST_HER2/trainA/HE/76M2100485_22_19.jpg,/trinity/home/m.romanov/benchmarking/datasets/MIST_HER2/trainB/IHC/76M2100485_22_19.jpg
53M2101258,53M2101258_31_18,0,0,2,/trinity/home/m.romanov/benchmarking/datasets/MIST_HER2/trainA/HE/53M2101258_31_18.jpg,/trinity/home/m.romanov/benchmarking/datasets/MIST_HER2/trainB/IHC/53M2101258_31_18.jpg
79M2100417,79M2100417_14_12,0,0,2,/trinity/home/m.romanov/benchmarking/datasets/MIST_HER2/trainA/HE/79M2100417_14_12.jpg,/trinity/home/m.romanov/benchmarking/datasets/MIST_HER2/trainB/IHC/79M2100417_14_12.jpg
83M2100256,83M2100256_32_14,0,0,2,/trinity/home/m.romanov/benchmarking/datasets/MIST_HER2/trainA/HE/83M2100256_32_14.jpg,/trinity/home/m.romanov/benchmarking/datasets/MIST_HER2/trainB/IHC/83M2100256_32_14.jpg
46M2101353,46M2101353_24_6,0,0,2,/trinity/home/m.romanov/benchmarking/datasets/MIST_HER2/trainA/HE/46M2101353_24_6.jpg,/trinity/home/m.romanov/benchmarking/datasets/MIST_HER2/trainB/IHC/46M2101353_24_6.jpg
62M2100915,62M2100915_7_16,0,0,2,/trinity/home/m.romanov/benchmarking/datasets/MIST_HER2/trainA/HE/62M2100915_7_16.jpg,/trinity/home/m.romanov/benchmarking/datasets/MIST_HER2/trainB/IHC/62M2100915_7_16.jpg
23M2102136,23M2102136_15_20,0,0,2,/trinity/home/m.romanov/benchmarking/datasets/MIST_HER2/trainA/HE/23M2102136_15_20.jpg,/trinity/home/m.romanov/benchmarking/datasets/MIST_HER2/trainB/IHC/23M2102136_15_20.jpg
57M2101034,57M2101034_18_18,0,0,2,/trinity/home/m.romanov/benchmarking/datasets/MIST_HER2/trainA/HE/57M2101034_18_18.jpg,/trinity/home/m.romanov/benchmarking/datasets/MIST_HER2/trainB/IHC/57M2101034_18_18.jpg
80M2100377,80M2100377_23_3,0,0,2,/trinity/home/m.romanov/benchmarking/datasets/MIST_HER2/trainA/HE/80M2100377_23_3.jpg,/trinity/home/m.romanov/benchmarking/datasets/MIST_HER2/trainB/IHC/80M2100377_23_3.jpg
54M2101205,54M2101205_19_16,0,0,2,/trinity/home/m.romanov/benchmarking/datasets/MIST_HER2/trainA/HE/54M2101205_19_16.jpg,/trinity/home/m.romanov/benchmarking/datasets/MIST_HER2/trainB/IHC/54M2101205_19_16.jpg
56M2101083,56M2101083_15_17,0,0,2,/trinity/home/m.romanov/benchmarking/datasets/MIST_HER2/trainA/HE/56M2101083_15_17.jpg,/trinity/home/m.romanov/benchmarking/datasets/MIST_HER2/trainB/IHC/56M2101083_15_17.jpg
70M2100623,70M2100623_22_18,0,0,2,/trinity/home/m.romanov/benchmarking/datasets/MIST_HER2/trainA/HE/70M2100623_22_18.jpg,/trinity/home/m.romanov/benchmarking/datasets/MIST_HER2/trainB/IHC/70M2100623_22_18.jpg
10M2102916,10M2102916_10_24,0,0,2,/trinity/home/m.romanov/benchmarking/datasets/MIST_HER2/trainA/HE/10M2102916_10_24.jpg,/trinity/home/m.romanov/benchmarking/datasets/MIST_HER2/trainB/IHC/10M2102916_10_24.jpg
46M2101353,46M2101353_16_7,0,0,2,/trinity/home/m.romanov/benchmarking/datasets/MIST_HER2/trainA/HE/46M2101353_16_7.jpg,/trinity/home/m.romanov/benchmarking/datasets/MIST_HER2/trainB/IHC/46M2101353_16_7.jpg
59M2100987,59M2100987_13_20,0,0,2,/trinity/home/m.romanov/benchmarking/datasets/MIST_HER2/trainA/HE/59M2100987_13_20.jpg,/trinity/home/m.romanov/benchmarking/datasets/MIST_HER2/trainB/IHC/59M2100987_13_20.jpg
39M2101576,39M2101576_17_16,0,0,2,/trinity/home/m.romanov/benchmarking/datasets/MIST_HER2/trainA/HE/39M2101576_17_16.jpg,/trinity/home/m.romanov/benchmarking/datasets/MIST_HER2/trainB/IHC/39M2101576_17_16.jpg
28M2101987,28M2101987_12_25,0,0,2,/trinity/home/m.romanov/benchmarking/datasets/MIST_HER2/trainA/HE/28M2101987_12_25.jpg,/trinity/home/m.romanov/benchmarking/datasets/MIST_HER2/trainB/IHC/28M2101987_12_25.jpg
53M2101258,53M2101258_20_34,0,0,2,/trinity/home/m.romanov/benchmarking/datasets/MIST_HER2/trainA/HE/53M2101258_20_34.jpg,/trinity/home/m.romanov/benchmarking/datasets/MIST_HER2/trainB/IHC/53M2101258_20_34.jpg
44M2101492,44M2101492_9_30,0,0,2,/trinity/home/m.romanov/benchmarking/datasets/MIST_HER2/trainA/HE/44M2101492_9_30.jpg,/trinity/home/m.romanov/benchmarking/datasets/MIST_HER2/trainB/IHC/44M2101492_9_30.jpg
68M2100640,68M2100640_10_14,0,0,2,/trinity/home/m.romanov/benchmarking/datasets/MIST_HER2/trainA/HE/68M2100640_10_14.jpg,/trinity/home/m.romanov/benchmarking/datasets/MIST_HER2/trainB/IHC/68M2100640_10_14.jpg
97M2100034,97M2100034_21_11,0,0,2,/trinity/home/m.romanov/benchmarking/datasets/MIST_HER2/trainA/HE/97M2100034_21_11.jpg,/trinity/home/m.romanov/benchmarking/datasets/MIST_HER2/trainB/IHC/97M2100034_21_11.jpg
69M2100632,69M2100632_28_22,0,0,2,/trinity/home/m.romanov/benchmarking/datasets/MIST_HER2/trainA/HE/69M2100632_28_22.jpg,/trinity/home/m.romanov/benchmarking/datasets/MIST_HER2/trainB/IHC/69M2100632_28_22.jpg
75M2100521,75M2100521_11_16,0,0,2,/trinity/home/m.romanov/benchmarking/datasets/MIST_HER2/trainA/HE/75M2100521_11_16.jpg,/trinity/home/m.romanov/benchmarking/datasets/MIST_HER2/trainB/IHC/75M2100521_11_16.jpg
80M2100377,80M2100377_6_33,0,0,2,/trinity/home/m.romanov/benchmarking/datasets/MIST_HER2/trainA/HE/80M2100377_6_33.jpg,/trinity/home/m.romanov/benchmarking/datasets/MIST_HER2/trainB/IHC/80M2100377_6_33.jpg
57M2101034,57M2101034_21_20,0,0,2,/trinity/home/m.romanov/benchmarking/datasets/MIST_HER2/trainA/HE/57M2101034_21_20.jpg,/trinity/home/m.romanov/benchmarking/datasets/MIST_HER2/trainB/IHC/57M2101034_21_20.jpg
98M2004096,98M2004096_27_13,0,0,2,/trinity/home/m.romanov/benchmarking/datasets/MIST_HER2/trainA/HE/98M2004096_27_13.jpg,/trinity/home/m.romanov/benchmarking/datasets/MIST_HER2/trainB/IHC/98M2004096_27_13.jpg
81M2100356,81M2100356_31_28,0,0,2,/trinity/home/m.romanov/benchmarking/datasets/MIST_HER2/trainA/HE/81M2100356_31_28.jpg,/trinity/home/m.romanov/benchmarking/datasets/MIST_HER2/trainB/IHC/81M2100356_31_28.jpg
25M2102060,25M2102060_17_19,0,0,2,/trinity/home/m.romanov/benchmarking/datasets/MIST_HER2/trainA/HE/25M2102060_17_19.jpg,/trinity/home/m.romanov/benchmarking/datasets/MIST_HER2/trainB/IHC/25M2102060_17_19.jpg
54M2101205,54M2101205_15_9,0,0,2,/trinity/home/m.romanov/benchmarking/datasets/MIST_HER2/trainA/HE/54M2101205_15_9.jpg,/trinity/home/m.romanov/benchmarking/datasets/MIST_HER2/trainB/IHC/54M2101205_15_9.jpg
51M2101285,51M2101285_19_13,0,0,2,/trinity/home/m.romanov/benchmarking/datasets/MIST_HER2/trainA/HE/51M2101285_19_13.jpg,/trinity/home/m.romanov/benchmarking/datasets/MIST_HER2/trainB/IHC/51M2101285_19_13.jpg
57M2101034,57M2101034_15_4,0,0,2,/trinity/home/m.romanov/benchmarking/datasets/MIST_HER2/trainA/HE/57M2101034_15_4.jpg,/trinity/home/m.romanov/benchmarking/datasets/MIST_HER2/trainB/IHC/57M2101034_15_4.jpg
83M2100256,83M2100256_29_13,0,0,2,/trinity/home/m.romanov/benchmarking/datasets/MIST_HER2/trainA/HE/83M2100256_29_13.jpg,/trinity/home/m.romanov/benchmarking/datasets/MIST_HER2/trainB/IHC/83M2100256_29_13.jpg
6M2103024,6M2103024_23_19,0,0,2,/trinity/home/m.romanov/benchmarking/datasets/MIST_HER2/trainA/HE/6M2103024_23_19.jpg,/trinity/home/m.romanov/benchmarking/datasets/MIST_HER2/trainB/IHC/6M2103024_23_19.jpg
80M2100377,80M2100377_14_23,0,0,2,/trinity/home/m.romanov/benchmarking/datasets/MIST_HER2/trainA/HE/80M2100377_14_23.jpg,/trinity/home/m.romanov/benchmarking/datasets/MIST_HER2/trainB/IHC/80M2100377_14_23.jpg
88M2100218,88M2100218_11_12,0,0,2,/trinity/home/m.romanov/benchmarking/datasets/MIST_HER2/trainA/HE/88M2100218_11_12.jpg,/trinity/home/m.romanov/benchmarking/datasets/MIST_HER2/trainB/IHC/88M2100218_11_12.jpg
62M2100915,62M2100915_3_18,0,0,2,/trinity/home/m.romanov/benchmarking/datasets/MIST_HER2/trainA/HE/62M2100915_3_18.jpg,/trinity/home/m.romanov/benchmarking/datasets/MIST_HER2/trainB/IHC/62M2100915_3_18.jpg
44M2101492,44M2101492_28_28,0,0,2,/trinity/home/m.romanov/benchmarking/datasets/MIST_HER2/trainA/HE/44M2101492_28_28.jpg,/trinity/home/m.romanov/benchmarking/datasets/MIST_HER2/trainB/IHC/44M2101492_28_28.jpg
65M2100668,65M2100668_19_21,0,0,2,/trinity/home/m.romanov/benchmarking/datasets/MIST_HER2/trainA/HE/65M2100668_19_21.jpg,/trinity/home/m.romanov/benchmarking/datasets/MIST_HER2/trainB/IHC/65M2100668_19_21.jpg
70M2100623,70M2100623_23_18,0,0,2,/trinity/home/m.romanov/benchmarking/datasets/MIST_HER2/trainA/HE/70M2100623_23_18.jpg,/trinity/home/m.romanov/benchmarking/datasets/MIST_HER2/trainB/IHC/70M2100623_23_18.jpg
57M2101034,57M2101034_31_26,0,0,2,/trinity/home/m.romanov/benchmarking/datasets/MIST_HER2/trainA/HE/57M2101034_31_26.jpg,/trinity/home/m.romanov/benchmarking/datasets/MIST_HER2/trainB/IHC/57M2101034_31_26.jpg
19M2102438,19M2102438_32_29,0,0,2,/trinity/home/m.romanov/benchmarking/datasets/MIST_HER2/trainA/HE/19M2102438_32_29.jpg,/trinity/home/m.romanov/benchmarking/datasets/MIST_HER2/trainB/IHC/19M2102438_32_29.jpg
27M2102007,27M2102007_10_21,0,0,2,/trinity/home/m.romanov/benchmarking/datasets/MIST_HER2/trainA/HE/27M2102007_10_21.jpg,/trinity/home/m.romanov/benchmarking/datasets/MIST_HER2/trainB/IHC/27M2102007_10_21.jpg
83M2100256,83M2100256_24_21,0,0,2,/trinity/home/m.romanov/benchmarking/datasets/MIST_HER2/trainA/HE/83M2100256_24_21.jpg,/trinity/home/m.romanov/benchmarking/datasets/MIST_HER2/trainB/IHC/83M2100256_24_21.jpg
4M2103059,4M2103059_17_15,0,0,2,/trinity/home/m.romanov/benchmarking/datasets/MIST_HER2/trainA/HE/4M2103059_17_15.jpg,/trinity/home/m.romanov/benchmarking/datasets/MIST_HER2/trainB/IHC/4M2103059_17_15.jpg
22M2102266,22M2102266_20_21,0,0,2,/trinity/home/m.romanov/benchmarking/datasets/MIST_HER2/trainA/HE/22M2102266_20_21.jpg,/trinity/home/m.romanov/benchmarking/datasets/MIST_HER2/trainB/IHC/22M2102266_20_21.jpg
56M2101083,56M2101083_28_15,0,0,2,/trinity/home/m.romanov/benchmarking/datasets/MIST_HER2/trainA/HE/56M2101083_28_15.jpg,/trinity/home/m.romanov/benchmarking/datasets/MIST_HER2/trainB/IHC/56M2101083_28_15.jpg
47M2101316,47M2101316_5_19,0,0,2,/trinity/home/m.romanov/benchmarking/datasets/MIST_HER2/trainA/HE/47M2101316_5_19.jpg,/trinity/home/m.romanov/benchmarking/datasets/MIST_HER2/trainB/IHC/47M2101316_5_19.jpg
60M2100980,60M2100980_11_9,0,0,2,/trinity/home/m.romanov/benchmarking/datasets/MIST_HER2/trainA/HE/60M2100980_11_9.jpg,/trinity/home/m.romanov/benchmarking/datasets/MIST_HER2/trainB/IHC/60M2100980_11_9.jpg
25M2102060,25M2102060_22_27,0,0,2,/trinity/home/m.romanov/benchmarking/datasets/MIST_HER2/trainA/HE/25M2102060_22_27.jpg,/trinity/home/m.romanov/benchmarking/datasets/MIST_HER2/trainB/IHC/25M2102060_22_27.jpg
88M2100218,88M2100218_23_4,0,0,2,/trinity/home/m.romanov/benchmarking/datasets/MIST_HER2/trainA/HE/88M2100218_23_4.jpg,/trinity/home/m.romanov/benchmarking/datasets/MIST_HER2/trainB/IHC/88M2100218_23_4.jpg
91M2100173,91M2100173_8_8,0,0,2,/trinity/home/m.romanov/benchmarking/datasets/MIST_HER2/trainA/HE/91M2100173_8_8.jpg,/trinity/home/m.romanov/benchmarking/datasets/MIST_HER2/trainB/IHC/91M2100173_8_8.jpg
14M2102785,14M2102785_21_11,0,0,2,/trinity/home/m.romanov/benchmarking/datasets/MIST_HER2/trainA/HE/14M2102785_21_11.jpg,/trinity/home/m.romanov/benchmarking/datasets/MIST_HER2/trainB/IHC/14M2102785_21_11.jpg
2M2103108,2M2103108_14_25,0,0,2,/trinity/home/m.romanov/benchmarking/datasets/MIST_HER2/trainA/HE/2M2103108_14_25.jpg,/trinity/home/m.romanov/benchmarking/datasets/MIST_HER2/trainB/IHC/2M2103108_14_25.jpg
30M2101953,30M2101953_16_16,0,0,2,/trinity/home/m.romanov/benchmarking/datasets/MIST_HER2/trainA/HE/30M2101953_16_16.jpg,/trinity/home/m.romanov/benchmarking/datasets/MIST_HER2/trainB/IHC/30M2101953_16_16.jpg
99M2004082,99M2004082_29_12,0,0,2,/trinity/home/m.romanov/benchmarking/datasets/MIST_HER2/trainA/HE/99M2004082_29_12.jpg,/trinity/home/m.romanov/benchmarking/datasets/MIST_HER2/trainB/IHC/99M2004082_29_12.jpg
44M2101492,44M2101492_12_6,0,0,2,/trinity/home/m.romanov/benchmarking/datasets/MIST_HER2/trainA/HE/44M2101492_12_6.jpg,/trinity/home/m.romanov/benchmarking/datasets/MIST_HER2/trainB/IHC/44M2101492_12_6.jpg
93M2100147,93M2100147_11_23,0,0,2,/trinity/home/m.romanov/benchmarking/datasets/MIST_HER2/trainA/HE/93M2100147_11_23.jpg,/trinity/home/m.romanov/benchmarking/datasets/MIST_HER2/trainB/IHC/93M2100147_11_23.jpg
62M2100915,62M2100915_25_25,0,0,2,/trinity/home/m.romanov/benchmarking/datasets/MIST_HER2/trainA/HE/62M2100915_25_25.jpg,/trinity/home/m.romanov/benchmarking/datasets/MIST_HER2/trainB/IHC/62M2100915_25_25.jpg
77M2100464,77M2100464_14_16,0,0,2,/trinity/home/m.romanov/benchmarking/datasets/MIST_HER2/trainA/HE/77M2100464_14_16.jpg,/trinity/home/m.romanov/benchmarking/datasets/MIST_HER2/trainB/IHC/77M2100464_14_16.jpg
74M2100526,74M2100526_11_15,0,0,2,/trinity/home/m.romanov/benchmarking/datasets/MIST_HER2/trainA/HE/74M2100526_11_15.jpg,/trinity/home/m.romanov/benchmarking/datasets/MIST_HER2/trainB/IHC/74M2100526_11_15.jpg
10M2102916,10M2102916_40_23,0,0,2,/trinity/home/m.romanov/benchmarking/datasets/MIST_HER2/trainA/HE/10M2102916_40_23.jpg,/trinity/home/m.romanov/benchmarking/datasets/MIST_HER2/trainB/IHC/10M2102916_40_23.jpg
81M2100356,81M2100356_16_19,0,0,2,/trinity/home/m.romanov/benchmarking/datasets/MIST_HER2/trainA/HE/81M2100356_16_19.jpg,/trinity/home/m.romanov/benchmarking/datasets/MIST_HER2/trainB/IHC/81M2100356_16_19.jpg
50M2101298,50M2101298_13_12,0,0,2,/trinity/home/m.romanov/benchmarking/datasets/MIST_HER2/trainA/HE/50M2101298_13_12.jpg,/trinity/home/m.romanov/benchmarking/datasets/MIST_HER2/trainB/IHC/50M2101298_13_12.jpg
76M2100485,76M2100485_30_23,0,0,2,/trinity/home/m.romanov/benchmarking/datasets/MIST_HER2/trainA/HE/76M2100485_30_23.jpg,/trinity/home/m.romanov/benchmarking/datasets/MIST_HER2/trainB/IHC/76M2100485_30_23.jpg
62M2100915,62M2100915_9_18,0,0,2,/trinity/home/m.romanov/benchmarking/datasets/MIST_HER2/trainA/HE/62M2100915_9_18.jpg,/trinity/home/m.romanov/benchmarking/datasets/MIST_HER2/trainB/IHC/62M2100915_9_18.jpg
65M2100668,65M2100668_14_8,0,0,2,/trinity/home/m.romanov/benchmarking/datasets/MIST_HER2/trainA/HE/65M2100668_14_8.jpg,/trinity/home/m.romanov/benchmarking/datasets/MIST_HER2/trainB/IHC/65M2100668_14_8.jpg
75M2100521,75M2100521_12_22,0,0,2,/trinity/home/m.romanov/benchmarking/datasets/MIST_HER2/trainA/HE/75M2100521_12_22.jpg,/trinity/home/m.romanov/benchmarking/datasets/MIST_HER2/trainB/IHC/75M2100521_12_22.jpg
91M2100173,91M2100173_4_7,0,0,2,/trinity/home/m.romanov/benchmarking/datasets/MIST_HER2/trainA/HE/91M2100173_4_7.jpg,/trinity/home/m.romanov/benchmarking/datasets/MIST_HER2/trainB/IHC/91M2100173_4_7.jpg
47M2101316,47M2101316_7_21,0,0,2,/trinity/home/m.romanov/benchmarking/datasets/MIST_HER2/trainA/HE/47M2101316_7_21.jpg,/trinity/home/m.romanov/benchmarking/datasets/MIST_HER2/trainB/IHC/47M2101316_7_21.jpg
16M2102718,16M2102718_16_8,0,0,2,/trinity/home/m.romanov/benchmarking/datasets/MIST_HER2/trainA/HE/16M2102718_16_8.jpg,/trinity/home/m.romanov/benchmarking/datasets/MIST_HER2/trainB/IHC/16M2102718_16_8.jpg
83M2100256,83M2100256_27_2,0,0,2,/trinity/home/m.romanov/benchmarking/datasets/MIST_HER2/trainA/HE/83M2100256_27_2.jpg,/trinity/home/m.romanov/benchmarking/datasets/MIST_HER2/trainB/IHC/83M2100256_27_2.jpg
77M2100464,77M2100464_28_6,0,0,2,/trinity/home/m.romanov/benchmarking/datasets/MIST_HER2/trainA/HE/77M2100464_28_6.jpg,/trinity/home/m.romanov/benchmarking/datasets/MIST_HER2/trainB/IHC/77M2100464_28_6.jpg
6M2103024,6M2103024_23_17,0,0,2,/trinity/home/m.romanov/benchmarking/datasets/MIST_HER2/trainA/HE/6M2103024_23_17.jpg,/trinity/home/m.romanov/benchmarking/datasets/MIST_HER2/trainB/IHC/6M2103024_23_17.jpg
62M2100915,62M2100915_29_13,0,0,2,/trinity/home/m.romanov/benchmarking/datasets/MIST_HER2/trainA/HE/62M2100915_29_13.jpg,/trinity/home/m.romanov/benchmarking/datasets/MIST_HER2/trainB/IHC/62M2100915_29_13.jpg
74M2100526,74M2100526_25_25,0,0,2,/trinity/home/m.romanov/benchmarking/datasets/MIST_HER2/trainA/HE/74M2100526_25_25.jpg,/trinity/home/m.romanov/benchmarking/datasets/MIST_HER2/trainB/IHC/74M2100526_25_25.jpg
58M2100997,58M2100997_24_7,0,0,2,/trinity/home/m.romanov/benchmarking/datasets/MIST_HER2/trainA/HE/58M2100997_24_7.jpg,/trinity/home/m.romanov/benchmarking/datasets/MIST_HER2/trainB/IHC/58M2100997_24_7.jpg
51M2101285,51M2101285_28_11,0,0,2,/trinity/home/m.romanov/benchmarking/datasets/MIST_HER2/trainA/HE/51M2101285_28_11.jpg,/trinity/home/m.romanov/benchmarking/datasets/MIST_HER2/trainB/IHC/51M2101285_28_11.jpg
59M2100987,59M2100987_26_10,0,0,2,/trinity/home/m.romanov/benchmarking/datasets/MIST_HER2/trainA/HE/59M2100987_26_10.jpg,/trinity/home/m.romanov/benchmarking/datasets/MIST_HER2/trainB/IHC/59M2100987_26_10.jpg
92M2100150,92M2100150_25_24,0,0,2,/trinity/home/m.romanov/benchmarking/datasets/MIST_HER2/trainA/HE/92M2100150_25_24.jpg,/trinity/home/m.romanov/benchmarking/datasets/MIST_HER2/trainB/IHC/92M2100150_25_24.jpg
60M2100980,60M2100980_8_20,0,0,2,/trinity/home/m.romanov/benchmarking/datasets/MIST_HER2/trainA/HE/60M2100980_8_20.jpg,/trinity/home/m.romanov/benchmarking/datasets/MIST_HER2/trainB/IHC/60M2100980_8_20.jpg
10M2102916,10M2102916_9_18,0,0,2,/trinity/home/m.romanov/benchmarking/datasets/MIST_HER2/trainA/HE/10M2102916_9_18.jpg,/trinity/home/m.romanov/benchmarking/datasets/MIST_HER2/trainB/IHC/10M2102916_9_18.jpg
94M2100142,94M2100142_26_15,0,0,2,/trinity/home/m.romanov/benchmarking/datasets/MIST_HER2/trainA/HE/94M2100142_26_15.jpg,/trinity/home/m.romanov/benchmarking/datasets/MIST_HER2/trainB/IHC/94M2100142_26_15.jpg
45M2101377,45M2101377_10_5,0,0,2,/trinity/home/m.romanov/benchmarking/datasets/MIST_HER2/trainA/HE/45M2101377_10_5.jpg,/trinity/home/m.romanov/benchmarking/datasets/MIST_HER2/trainB/IHC/45M2101377_10_5.jpg
48M2101314,48M2101314_35_36,0,0,2,/trinity/home/m.romanov/benchmarking/datasets/MIST_HER2/trainA/HE/48M2101314_35_36.jpg,/trinity/home/m.romanov/benchmarking/datasets/MIST_HER2/trainB/IHC/48M2101314_35_36.jpg
16M2102718,16M2102718_7_17,0,0,2,/trinity/home/m.romanov/benchmarking/datasets/MIST_HER2/trainA/HE/16M2102718_7_17.jpg,/trinity/home/m.romanov/benchmarking/datasets/MIST_HER2/trainB/IHC/16M2102718_7_17.jpg
28M2101987,28M2101987_21_23,0,0,2,/trinity/home/m.romanov/benchmarking/datasets/MIST_HER2/trainA/HE/28M2101987_21_23.jpg,/trinity/home/m.romanov/benchmarking/datasets/MIST_HER2/trainB/IHC/28M2101987_21_23.jpg
28M2101987,28M2101987_18_24,0,0,2,/trinity/home/m.romanov/benchmarking/datasets/MIST_HER2/trainA/HE/28M2101987_18_24.jpg,/trinity/home/m.romanov/benchmarking/datasets/MIST_HER2/trainB/IHC/28M2101987_18_24.jpg
52M2101275,52M2101275_3_8,0,0,2,/trinity/home/m.romanov/benchmarking/datasets/MIST_HER2/trainA/HE/52M2101275_3_8.jpg,/trinity/home/m.romanov/benchmarking/datasets/MIST_HER2/trainB/IHC/52M2101275_3_8.jpg
25M2102060,25M2102060_14_24,0,0,2,/trinity/home/m.romanov/benchmarking/datasets/MIST_HER2/trainA/HE/25M2102060_14_24.jpg,/trinity/home/m.romanov/benchmarking/datasets/MIST_HER2/trainB/IHC/25M2102060_14_24.jpg
70M2100623,70M2100623_23_20,0,0,2,/trinity/home/m.romanov/benchmarking/datasets/MIST_HER2/trainA/HE/70M2100623_23_20.jpg,/trinity/home/m.romanov/benchmarking/datasets/MIST_HER2/trainB/IHC/70M2100623_23_20.jpg
48M2101314,48M2101314_3_18,0,0,2,/trinity/home/m.romanov/benchmarking/datasets/MIST_HER2/trainA/HE/48M2101314_3_18.jpg,/trinity/home/m.romanov/benchmarking/datasets/MIST_HER2/trainB/IHC/48M2101314_3_18.jpg
57M2101034,57M2101034_9_11,0,0,2,/trinity/home/m.romanov/benchmarking/datasets/MIST_HER2/trainA/HE/57M2101034_9_11.jpg,/trinity/home/m.romanov/benchmarking/datasets/MIST_HER2/trainB/IHC/57M2101034_9_11.jpg
31M2101871,31M2101871_14_24,0,0,2,/trinity/home/m.romanov/benchmarking/datasets/MIST_HER2/trainA/HE/31M2101871_14_24.jpg,/trinity/home/m.romanov/benchmarking/datasets/MIST_HER2/trainB/IHC/31M2101871_14_24.jpg
58M2100997,58M2100997_11_10,0,0,2,/trinity/home/m.romanov/benchmarking/datasets/MIST_HER2/trainA/HE/58M2100997_11_10.jpg,/trinity/home/m.romanov/benchmarking/datasets/MIST_HER2/trainB/IHC/58M2100997_11_10.jpg
76M2100485,76M2100485_32_19,0,0,2,/trinity/home/m.romanov/benchmarking/datasets/MIST_HER2/trainA/HE/76M2100485_32_19.jpg,/trinity/home/m.romanov/benchmarking/datasets/MIST_HER2/trainB/IHC/76M2100485_32_19.jpg
59M2100987,59M2100987_33_32,0,0,2,/trinity/home/m.romanov/benchmarking/datasets/MIST_HER2/trainA/HE/59M2100987_33_32.jpg,/trinity/home/m.romanov/benchmarking/datasets/MIST_HER2/trainB/IHC/59M2100987_33_32.jpg
30M2101953,30M2101953_19_14,0,0,2,/trinity/home/m.romanov/benchmarking/datasets/MIST_HER2/trainA/HE/30M2101953_19_14.jpg,/trinity/home/m.romanov/benchmarking/datasets/MIST_HER2/trainB/IHC/30M2101953_19_14.jpg
83M2100256,83M2100256_29_20,0,0,2,/trinity/home/m.romanov/benchmarking/datasets/MIST_HER2/trainA/HE/83M2100256_29_20.jpg,/trinity/home/m.romanov/benchmarking/datasets/MIST_HER2/trainB/IHC/83M2100256_29_20.jpg
59M2100987,59M2100987_34_32,0,0,2,/trinity/home/m.romanov/benchmarking/datasets/MIST_HER2/trainA/HE/59M2100987_34_32.jpg,/trinity/home/m.romanov/benchmarking/datasets/MIST_HER2/trainB/IHC/59M2100987_34_32.jpg
28M2101987,28M2101987_10_10,0,0,2,/trinity/home/m.romanov/benchmarking/datasets/MIST_HER2/trainA/HE/28M2101987_10_10.jpg,/trinity/home/m.romanov/benchmarking/datasets/MIST_HER2/trainB/IHC/28M2101987_10_10.jpg
46M2101353,46M2101353_12_13,0,0,2,/trinity/home/m.romanov/benchmarking/datasets/MIST_HER2/trainA/HE/46M2101353_12_13.jpg,/trinity/home/m.romanov/benchmarking/datasets/MIST_HER2/trainB/IHC/46M2101353_12_13.jpg
45M2101377,45M2101377_9_18,0,0,2,/trinity/home/m.romanov/benchmarking/datasets/MIST_HER2/trainA/HE/45M2101377_9_18.jpg,/trinity/home/m.romanov/benchmarking/datasets/MIST_HER2/trainB/IHC/45M2101377_9_18.jpg
75M2100521,75M2100521_11_12,0,0,2,/trinity/home/m.romanov/benchmarking/datasets/MIST_HER2/trainA/HE/75M2100521_11_12.jpg,/trinity/home/m.romanov/benchmarking/datasets/MIST_HER2/trainB/IHC/75M2100521_11_12.jpg
45M2101377,45M2101377_20_33,0,0,2,/trinity/home/m.romanov/benchmarking/datasets/MIST_HER2/trainA/HE/45M2101377_20_33.jpg,/trinity/home/m.romanov/benchmarking/datasets/MIST_HER2/trainB/IHC/45M2101377_20_33.jpg
48M2101314,48M2101314_11_21,0,0,2,/trinity/home/m.romanov/benchmarking/datasets/MIST_HER2/trainA/HE/48M2101314_11_21.jpg,/trinity/home/m.romanov/benchmarking/datasets/MIST_HER2/trainB/IHC/48M2101314_11_21.jpg
28M2101987,28M2101987_19_18,0,0,2,/trinity/home/m.romanov/benchmarking/datasets/MIST_HER2/trainA/HE/28M2101987_19_18.jpg,/trinity/home/m.romanov/benchmarking/datasets/MIST_HER2/trainB/IHC/28M2101987_19_18.jpg
83M2100256,83M2100256_31_10,0,0,2,/trinity/home/m.romanov/benchmarking/datasets/MIST_HER2/trainA/HE/83M2100256_31_10.jpg,/trinity/home/m.romanov/benchmarking/datasets/MIST_HER2/trainB/IHC/83M2100256_31_10.jpg
83M2100256,83M2100256_27_14,0,0,2,/trinity/home/m.romanov/benchmarking/datasets/MIST_HER2/trainA/HE/83M2100256_27_14.jpg,/trinity/home/m.romanov/benchmarking/datasets/MIST_HER2/trainB/IHC/83M2100256_27_14.jpg
83M2100256,83M2100256_33_17,0,0,2,/trinity/home/m.romanov/benchmarking/datasets/MIST_HER2/trainA/HE/83M2100256_33_17.jpg,/trinity/home/m.romanov/benchmarking/datasets/MIST_HER2/trainB/IHC/83M2100256_33_17.jpg
65M2100668,65M2100668_15_15,0,0,2,/trinity/home/m.romanov/benchmarking/datasets/MIST_HER2/trainA/HE/65M2100668_15_15.jpg,/trinity/home/m.romanov/benchmarking/datasets/MIST_HER2/trainB/IHC/65M2100668_15_15.jpg
28M2101987,28M2101987_38_11,0,0,2,/trinity/home/m.romanov/benchmarking/datasets/MIST_HER2/trainA/HE/28M2101987_38_11.jpg,/trinity/home/m.romanov/benchmarking/datasets/MIST_HER2/trainB/IHC/28M2101987_38_11.jpg
99M2004082,99M2004082_16_7,0,0,2,/trinity/home/m.romanov/benchmarking/datasets/MIST_HER2/trainA/HE/99M2004082_16_7.jpg,/trinity/home/m.romanov/benchmarking/datasets/MIST_HER2/trainB/IHC/99M2004082_16_7.jpg
59M2100987,59M2100987_19_21,0,0,2,/trinity/home/m.romanov/benchmarking/datasets/MIST_HER2/trainA/HE/59M2100987_19_21.jpg,/trinity/home/m.romanov/benchmarking/datasets/MIST_HER2/trainB/IHC/59M2100987_19_21.jpg
91M2100173,91M2100173_8_7,0,0,2,/trinity/home/m.romanov/benchmarking/datasets/MIST_HER2/trainA/HE/91M2100173_8_7.jpg,/trinity/home/m.romanov/benchmarking/datasets/MIST_HER2/trainB/IHC/91M2100173_8_7.jpg
16M2102718,16M2102718_12_10,0,0,2,/trinity/home/m.romanov/benchmarking/datasets/MIST_HER2/trainA/HE/16M2102718_12_10.jpg,/trinity/home/m.romanov/benchmarking/datasets/MIST_HER2/trainB/IHC/16M2102718_12_10.jpg
47M2101316,47M2101316_15_30,0,0,2,/trinity/home/m.romanov/benchmarking/datasets/MIST_HER2/trainA/HE/47M2101316_15_30.jpg,/trinity/home/m.romanov/benchmarking/datasets/MIST_HER2/trainB/IHC/47M2101316_15_30.jpg
77M2100464,77M2100464_35_17,0,0,2,/trinity/home/m.romanov/benchmarking/datasets/MIST_HER2/trainA/HE/77M2100464_35_17.jpg,/trinity/home/m.romanov/benchmarking/datasets/MIST_HER2/trainB/IHC/77M2100464_35_17.jpg
59M2100987,59M2100987_27_10,0,0,2,/trinity/home/m.romanov/benchmarking/datasets/MIST_HER2/trainA/HE/59M2100987_27_10.jpg,/trinity/home/m.romanov/benchmarking/datasets/MIST_HER2/trainB/IHC/59M2100987_27_10.jpg
67M2100642,67M2100642_17_8,0,0,2,/trinity/home/m.romanov/benchmarking/datasets/MIST_HER2/trainA/HE/67M2100642_17_8.jpg,/trinity/home/m.romanov/benchmarking/datasets/MIST_HER2/trainB/IHC/67M2100642_17_8.jpg
35M2101733,35M2101733_10_6,0,0,2,/trinity/home/m.romanov/benchmarking/datasets/MIST_HER2/trainA/HE/35M2101733_10_6.jpg,/trinity/home/m.romanov/benchmarking/datasets/MIST_HER2/trainB/IHC/35M2101733_10_6.jpg
58M2100997,58M2100997_17_14,0,0,2,/trinity/home/m.romanov/benchmarking/datasets/MIST_HER2/trainA/HE/58M2100997_17_14.jpg,/trinity/home/m.romanov/benchmarking/datasets/MIST_HER2/trainB/IHC/58M2100997_17_14.jpg
35M2101733,35M2101733_5_12,0,0,2,/trinity/home/m.romanov/benchmarking/datasets/MIST_HER2/trainA/HE/35M2101733_5_12.jpg,/trinity/home/m.romanov/benchmarking/datasets/MIST_HER2/trainB/IHC/35M2101733_5_12.jpg
68M2100640,68M2100640_10_28,0,0,2,/trinity/home/m.romanov/benchmarking/datasets/MIST_HER2/trainA/HE/68M2100640_10_28.jpg,/trinity/home/m.romanov/benchmarking/datasets/MIST_HER2/trainB/IHC/68M2100640_10_28.jpg
25M2102060,25M2102060_15_22,0,0,2,/trinity/home/m.romanov/benchmarking/datasets/MIST_HER2/trainA/HE/25M2102060_15_22.jpg,/trinity/home/m.romanov/benchmarking/datasets/MIST_HER2/trainB/IHC/25M2102060_15_22.jpg
91M2100173,91M2100173_26_17,0,0,2,/trinity/home/m.romanov/benchmarking/datasets/MIST_HER2/trainA/HE/91M2100173_26_17.jpg,/trinity/home/m.romanov/benchmarking/datasets/MIST_HER2/trainB/IHC/91M2100173_26_17.jpg
48M2101314,48M2101314_42_27,0,0,2,/trinity/home/m.romanov/benchmarking/datasets/MIST_HER2/trainA/HE/48M2101314_42_27.jpg,/trinity/home/m.romanov/benchmarking/datasets/MIST_HER2/trainB/IHC/48M2101314_42_27.jpg
60M2100980,60M2100980_20_18,0,0,2,/trinity/home/m.romanov/benchmarking/datasets/MIST_HER2/trainA/HE/60M2100980_20_18.jpg,/trinity/home/m.romanov/benchmarking/datasets/MIST_HER2/trainB/IHC/60M2100980_20_18.jpg
45M2101377,45M2101377_20_18,0,0,2,/trinity/home/m.romanov/benchmarking/datasets/MIST_HER2/trainA/HE/45M2101377_20_18.jpg,/trinity/home/m.romanov/benchmarking/datasets/MIST_HER2/trainB/IHC/45M2101377_20_18.jpg
48M2101314,48M2101314_41_26,0,0,2,/trinity/home/m.romanov/benchmarking/datasets/MIST_HER2/trainA/HE/48M2101314_41_26.jpg,/trinity/home/m.romanov/benchmarking/datasets/MIST_HER2/trainB/IHC/48M2101314_41_26.jpg
68M2100640,68M2100640_6_16,0,0,2,/trinity/home/m.romanov/benchmarking/datasets/MIST_HER2/trainA/HE/68M2100640_6_16.jpg,/trinity/home/m.romanov/benchmarking/datasets/MIST_HER2/trainB/IHC/68M2100640_6_16.jpg
98M2004096,98M2004096_20_9,0,0,2,/trinity/home/m.romanov/benchmarking/datasets/MIST_HER2/trainA/HE/98M2004096_20_9.jpg,/trinity/home/m.romanov/benchmarking/datasets/MIST_HER2/trainB/IHC/98M2004096_20_9.jpg
69M2100632,69M2100632_8_25,0,0,2,/trinity/home/m.romanov/benchmarking/datasets/MIST_HER2/trainA/HE/69M2100632_8_25.jpg,/trinity/home/m.romanov/benchmarking/datasets/MIST_HER2/trainB/IHC/69M2100632_8_25.jpg
75M2100521,75M2100521_22_21,0,0,2,/trinity/home/m.romanov/benchmarking/datasets/MIST_HER2/trainA/HE/75M2100521_22_21.jpg,/trinity/home/m.romanov/benchmarking/datasets/MIST_HER2/trainB/IHC/75M2100521_22_21.jpg
92M2100150,92M2100150_20_33,0,0,2,/trinity/home/m.romanov/benchmarking/datasets/MIST_HER2/trainA/HE/92M2100150_20_33.jpg,/trinity/home/m.romanov/benchmarking/datasets/MIST_HER2/trainB/IHC/92M2100150_20_33.jpg
19M2102438,19M2102438_18_20,0,0,2,/trinity/home/m.romanov/benchmarking/datasets/MIST_HER2/trainA/HE/19M2102438_18_20.jpg,/trinity/home/m.romanov/benchmarking/datasets/MIST_HER2/trainB/IHC/19M2102438_18_20.jpg
74M2100526,74M2100526_19_16,0,0,2,/trinity/home/m.romanov/benchmarking/datasets/MIST_HER2/trainA/HE/74M2100526_19_16.jpg,/trinity/home/m.romanov/benchmarking/datasets/MIST_HER2/trainB/IHC/74M2100526_19_16.jpg
25M2102060,25M2102060_11_10,0,0,2,/trinity/home/m.romanov/benchmarking/datasets/MIST_HER2/trainA/HE/25M2102060_11_10.jpg,/trinity/home/m.romanov/benchmarking/datasets/MIST_HER2/trainB/IHC/25M2102060_11_10.jpg
60M2100980,60M2100980_33_21,0,0,2,/trinity/home/m.romanov/benchmarking/datasets/MIST_HER2/trainA/HE/60M2100980_33_21.jpg,/trinity/home/m.romanov/benchmarking/datasets/MIST_HER2/trainB/IHC/60M2100980_33_21.jpg
81M2100356,81M2100356_16_10,0,0,2,/trinity/home/m.romanov/benchmarking/datasets/MIST_HER2/trainA/HE/81M2100356_16_10.jpg,/trinity/home/m.romanov/benchmarking/datasets/MIST_HER2/trainB/IHC/81M2100356_16_10.jpg
100M2004069,100M2004069_34_27,0,0,2,/trinity/home/m.romanov/benchmarking/datasets/MIST_HER2/trainA/HE/100M2004069_34_27.jpg,/trinity/home/m.romanov/benchmarking/datasets/MIST_HER2/trainB/IHC/100M2004069_34_27.jpg
2M2103108,2M2103108_31_2,0,0,2,/trinity/home/m.romanov/benchmarking/datasets/MIST_HER2/trainA/HE/2M2103108_31_2.jpg,/trinity/home/m.romanov/benchmarking/datasets/MIST_HER2/trainB/IHC/2M2103108_31_2.jpg
23M2102136,23M2102136_24_16,0,0,2,/trinity/home/m.romanov/benchmarking/datasets/MIST_HER2/trainA/HE/23M2102136_24_16.jpg,/trinity/home/m.romanov/benchmarking/datasets/MIST_HER2/trainB/IHC/23M2102136_24_16.jpg
57M2101034,57M2101034_20_22,0,0,2,/trinity/home/m.romanov/benchmarking/datasets/MIST_HER2/trainA/HE/57M2101034_20_22.jpg,/trinity/home/m.romanov/benchmarking/datasets/MIST_HER2/trainB/IHC/57M2101034_20_22.jpg
47M2101316,47M2101316_13_25,0,0,2,/trinity/home/m.romanov/benchmarking/datasets/MIST_HER2/trainA/HE/47M2101316_13_25.jpg,/trinity/home/m.romanov/benchmarking/datasets/MIST_HER2/trainB/IHC/47M2101316_13_25.jpg
93M2100147,93M2100147_5_22,0,0,2,/trinity/home/m.romanov/benchmarking/datasets/MIST_HER2/trainA/HE/93M2100147_5_22.jpg,/trinity/home/m.romanov/benchmarking/datasets/MIST_HER2/trainB/IHC/93M2100147_5_22.jpg
48M2101314,48M2101314_21_41,0,0,2,/trinity/home/m.romanov/benchmarking/datasets/MIST_HER2/trainA/HE/48M2101314_21_41.jpg,/trinity/home/m.romanov/benchmarking/datasets/MIST_HER2/trainB/IHC/48M2101314_21_41.jpg
57M2101034,57M2101034_18_5,0,0,2,/trinity/home/m.romanov/benchmarking/datasets/MIST_HER2/trainA/HE/57M2101034_18_5.jpg,/trinity/home/m.romanov/benchmarking/datasets/MIST_HER2/trainB/IHC/57M2101034_18_5.jpg
60M2100980,60M2100980_17_15,0,0,2,/trinity/home/m.romanov/benchmarking/datasets/MIST_HER2/trainA/HE/60M2100980_17_15.jpg,/trinity/home/m.romanov/benchmarking/datasets/MIST_HER2/trainB/IHC/60M2100980_17_15.jpg
77M2100464,77M2100464_23_27,0,0,2,/trinity/home/m.romanov/benchmarking/datasets/MIST_HER2/trainA/HE/77M2100464_23_27.jpg,/trinity/home/m.romanov/benchmarking/datasets/MIST_HER2/trainB/IHC/77M2100464_23_27.jpg
14M2102785,14M2102785_22_14,0,0,2,/trinity/home/m.romanov/benchmarking/datasets/MIST_HER2/trainA/HE/14M2102785_22_14.jpg,/trinity/home/m.romanov/benchmarking/datasets/MIST_HER2/trainB/IHC/14M2102785_22_14.jpg
6M2103024,6M2103024_14_12,0,0,2,/trinity/home/m.romanov/benchmarking/datasets/MIST_HER2/trainA/HE/6M2103024_14_12.jpg,/trinity/home/m.romanov/benchmarking/datasets/MIST_HER2/trainB/IHC/6M2103024_14_12.jpg
100M2004069,100M2004069_22_15,0,0,2,/trinity/home/m.romanov/benchmarking/datasets/MIST_HER2/trainA/HE/100M2004069_22_15.jpg,/trinity/home/m.romanov/benchmarking/datasets/MIST_HER2/trainB/IHC/100M2004069_22_15.jpg
22M2102266,22M2102266_12_18,0,0,2,/trinity/home/m.romanov/benchmarking/datasets/MIST_HER2/trainA/HE/22M2102266_12_18.jpg,/trinity/home/m.romanov/benchmarking/datasets/MIST_HER2/trainB/IHC/22M2102266_12_18.jpg
23M2102136,23M2102136_30_9,0,0,2,/trinity/home/m.romanov/benchmarking/datasets/MIST_HER2/trainA/HE/23M2102136_30_9.jpg,/trinity/home/m.romanov/benchmarking/datasets/MIST_HER2/trainB/IHC/23M2102136_30_9.jpg
92M2100150,92M2100150_16_18,0,0,2,/trinity/home/m.romanov/benchmarking/datasets/MIST_HER2/trainA/HE/92M2100150_16_18.jpg,/trinity/home/m.romanov/benchmarking/datasets/MIST_HER2/trainB/IHC/92M2100150_16_18.jpg
62M2100915,62M2100915_24_14,0,0,2,/trinity/home/m.romanov/benchmarking/datasets/MIST_HER2/trainA/HE/62M2100915_24_14.jpg,/trinity/home/m.romanov/benchmarking/datasets/MIST_HER2/trainB/IHC/62M2100915_24_14.jpg
75M2100521,75M2100521_15_14,0,0,2,/trinity/home/m.romanov/benchmarking/datasets/MIST_HER2/trainA/HE/75M2100521_15_14.jpg,/trinity/home/m.romanov/benchmarking/datasets/MIST_HER2/trainB/IHC/75M2100521_15_14.jpg
50M2101298,50M2101298_17_10,0,0,2,/trinity/home/m.romanov/benchmarking/datasets/MIST_HER2/trainA/HE/50M2101298_17_10.jpg,/trinity/home/m.romanov/benchmarking/datasets/MIST_HER2/trainB/IHC/50M2101298_17_10.jpg
15M2102762,15M2102762_14_25,0,0,2,/trinity/home/m.romanov/benchmarking/datasets/MIST_HER2/trainA/HE/15M2102762_14_25.jpg,/trinity/home/m.romanov/benchmarking/datasets/MIST_HER2/trainB/IHC/15M2102762_14_25.jpg
54M2101205,54M2101205_14_5,0,0,2,/trinity/home/m.romanov/benchmarking/datasets/MIST_HER2/trainA/HE/54M2101205_14_5.jpg,/trinity/home/m.romanov/benchmarking/datasets/MIST_HER2/trainB/IHC/54M2101205_14_5.jpg
60M2100980,60M2100980_25_16,0,0,2,/trinity/home/m.romanov/benchmarking/datasets/MIST_HER2/trainA/HE/60M2100980_25_16.jpg,/trinity/home/m.romanov/benchmarking/datasets/MIST_HER2/trainB/IHC/60M2100980_25_16.jpg
35M2101733,35M2101733_1_12,0,0,2,/trinity/home/m.romanov/benchmarking/datasets/MIST_HER2/trainA/HE/35M2101733_1_12.jpg,/trinity/home/m.romanov/benchmarking/datasets/MIST_HER2/trainB/IHC/35M2101733_1_12.jpg
68M2100640,68M2100640_9_23,0,0,2,/trinity/home/m.romanov/benchmarking/datasets/MIST_HER2/trainA/HE/68M2100640_9_23.jpg,/trinity/home/m.romanov/benchmarking/datasets/MIST_HER2/trainB/IHC/68M2100640_9_23.jpg
58M2100997,58M2100997_22_21,0,0,2,/trinity/home/m.romanov/benchmarking/datasets/MIST_HER2/trainA/HE/58M2100997_22_21.jpg,/trinity/home/m.romanov/benchmarking/datasets/MIST_HER2/trainB/IHC/58M2100997_22_21.jpg
69M2100632,69M2100632_8_16,0,0,2,/trinity/home/m.romanov/benchmarking/datasets/MIST_HER2/trainA/HE/69M2100632_8_16.jpg,/trinity/home/m.romanov/benchmarking/datasets/MIST_HER2/trainB/IHC/69M2100632_8_16.jpg
31M2101871,31M2101871_19_21,0,0,2,/trinity/home/m.romanov/benchmarking/datasets/MIST_HER2/trainA/HE/31M2101871_19_21.jpg,/trinity/home/m.romanov/benchmarking/datasets/MIST_HER2/trainB/IHC/31M2101871_19_21.jpg
70M2100623,70M2100623_16_19,0,0,2,/trinity/home/m.romanov/benchmarking/datasets/MIST_HER2/trainA/HE/70M2100623_16_19.jpg,/trinity/home/m.romanov/benchmarking/datasets/MIST_HER2/trainB/IHC/70M2100623_16_19.jpg
93M2100147,93M2100147_3_2,0,0,2,/trinity/home/m.romanov/benchmarking/datasets/MIST_HER2/trainA/HE/93M2100147_3_2.jpg,/trinity/home/m.romanov/benchmarking/datasets/MIST_HER2/trainB/IHC/93M2100147_3_2.jpg
75M2100521,75M2100521_15_17,0,0,2,/trinity/home/m.romanov/benchmarking/datasets/MIST_HER2/trainA/HE/75M2100521_15_17.jpg,/trinity/home/m.romanov/benchmarking/datasets/MIST_HER2/trainB/IHC/75M2100521_15_17.jpg
58M2100997,58M2100997_23_16,0,0,2,/trinity/home/m.romanov/benchmarking/datasets/MIST_HER2/trainA/HE/58M2100997_23_16.jpg,/trinity/home/m.romanov/benchmarking/datasets/MIST_HER2/trainB/IHC/58M2100997_23_16.jpg
100M2004069,100M2004069_10_13,0,0,2,/trinity/home/m.romanov/benchmarking/datasets/MIST_HER2/trainA/HE/100M2004069_10_13.jpg,/trinity/home/m.romanov/benchmarking/datasets/MIST_HER2/trainB/IHC/100M2004069_10_13.jpg
69M2100632,69M2100632_32_9,0,0,2,/trinity/home/m.romanov/benchmarking/datasets/MIST_HER2/trainA/HE/69M2100632_32_9.jpg,/trinity/home/m.romanov/benchmarking/datasets/MIST_HER2/trainB/IHC/69M2100632_32_9.jpg
30M2101953,30M2101953_8_16,0,0,2,/trinity/home/m.romanov/benchmarking/datasets/MIST_HER2/trainA/HE/30M2101953_8_16.jpg,/trinity/home/m.romanov/benchmarking/datasets/MIST_HER2/trainB/IHC/30M2101953_8_16.jpg
56M2101083,56M2101083_33_20,0,0,2,/trinity/home/m.romanov/benchmarking/datasets/MIST_HER2/trainA/HE/56M2101083_33_20.jpg,/trinity/home/m.romanov/benchmarking/datasets/MIST_HER2/trainB/IHC/56M2101083_33_20.jpg
68M2100640,68M2100640_25_15,0,0,2,/trinity/home/m.romanov/benchmarking/datasets/MIST_HER2/trainA/HE/68M2100640_25_15.jpg,/trinity/home/m.romanov/benchmarking/datasets/MIST_HER2/trainB/IHC/68M2100640_25_15.jpg
10M2102916,10M2102916_8_27,0,0,2,/trinity/home/m.romanov/benchmarking/datasets/MIST_HER2/trainA/HE/10M2102916_8_27.jpg,/trinity/home/m.romanov/benchmarking/datasets/MIST_HER2/trainB/IHC/10M2102916_8_27.jpg
19M2102438,19M2102438_17_18,0,0,2,/trinity/home/m.romanov/benchmarking/datasets/MIST_HER2/trainA/HE/19M2102438_17_18.jpg,/trinity/home/m.romanov/benchmarking/datasets/MIST_HER2/trainB/IHC/19M2102438_17_18.jpg
80M2100377,80M2100377_22_4,0,0,2,/trinity/home/m.romanov/benchmarking/datasets/MIST_HER2/trainA/HE/80M2100377_22_4.jpg,/trinity/home/m.romanov/benchmarking/datasets/MIST_HER2/trainB/IHC/80M2100377_22_4.jpg
65M2100668,65M2100668_18_20,0,0,2,/trinity/home/m.romanov/benchmarking/datasets/MIST_HER2/trainA/HE/65M2100668_18_20.jpg,/trinity/home/m.romanov/benchmarking/datasets/MIST_HER2/trainB/IHC/65M2100668_18_20.jpg
68M2100640,68M2100640_27_11,0,0,2,/trinity/home/m.romanov/benchmarking/datasets/MIST_HER2/trainA/HE/68M2100640_27_11.jpg,/trinity/home/m.romanov/benchmarking/datasets/MIST_HER2/trainB/IHC/68M2100640_27_11.jpg
30M2101953,30M2101953_9_18,0,0,2,/trinity/home/m.romanov/benchmarking/datasets/MIST_HER2/trainA/HE/30M2101953_9_18.jpg,/trinity/home/m.romanov/benchmarking/datasets/MIST_HER2/trainB/IHC/30M2101953_9_18.jpg
93M2100147,93M2100147_5_12,0,0,2,/trinity/home/m.romanov/benchmarking/datasets/MIST_HER2/trainA/HE/93M2100147_5_12.jpg,/trinity/home/m.romanov/benchmarking/datasets/MIST_HER2/trainB/IHC/93M2100147_5_12.jpg
30M2101953,30M2101953_9_8,0,0,2,/trinity/home/m.romanov/benchmarking/datasets/MIST_HER2/trainA/HE/30M2101953_9_8.jpg,/trinity/home/m.romanov/benchmarking/datasets/MIST_HER2/trainB/IHC/30M2101953_9_8.jpg
51M2101285,51M2101285_23_14,0,0,2,/trinity/home/m.romanov/benchmarking/datasets/MIST_HER2/trainA/HE/51M2101285_23_14.jpg,/trinity/home/m.romanov/benchmarking/datasets/MIST_HER2/trainB/IHC/51M2101285_23_14.jpg
68M2100640,68M2100640_32_20,0,0,2,/trinity/home/m.romanov/benchmarking/datasets/MIST_HER2/trainA/HE/68M2100640_32_20.jpg,/trinity/home/m.romanov/benchmarking/datasets/MIST_HER2/trainB/IHC/68M2100640_32_20.jpg
58M2100997,58M2100997_17_16,0,0,2,/trinity/home/m.romanov/benchmarking/datasets/MIST_HER2/trainA/HE/58M2100997_17_16.jpg,/trinity/home/m.romanov/benchmarking/datasets/MIST_HER2/trainB/IHC/58M2100997_17_16.jpg
58M2100997,58M2100997_24_24,0,0,2,/trinity/home/m.romanov/benchmarking/datasets/MIST_HER2/trainA/HE/58M2100997_24_24.jpg,/trinity/home/m.romanov/benchmarking/datasets/MIST_HER2/trainB/IHC/58M2100997_24_24.jpg
53M2101258,53M2101258_19_15,0,0,2,/trinity/home/m.romanov/benchmarking/datasets/MIST_HER2/trainA/HE/53M2101258_19_15.jpg,/trinity/home/m.romanov/benchmarking/datasets/MIST_HER2/trainB/IHC/53M2101258_19_15.jpg
99M2004082,99M2004082_19_16,0,0,2,/trinity/home/m.romanov/benchmarking/datasets/MIST_HER2/trainA/HE/99M2004082_19_16.jpg,/trinity/home/m.romanov/benchmarking/datasets/MIST_HER2/trainB/IHC/99M2004082_19_16.jpg
23M2102136,23M2102136_20_8,0,0,2,/trinity/home/m.romanov/benchmarking/datasets/MIST_HER2/trainA/HE/23M2102136_20_8.jpg,/trinity/home/m.romanov/benchmarking/datasets/MIST_HER2/trainB/IHC/23M2102136_20_8.jpg
52M2101275,52M2101275_14_11,0,0,2,/trinity/home/m.romanov/benchmarking/datasets/MIST_HER2/trainA/HE/52M2101275_14_11.jpg,/trinity/home/m.romanov/benchmarking/datasets/MIST_HER2/trainB/IHC/52M2101275_14_11.jpg
99M2004082,99M2004082_9_17,0,0,2,/trinity/home/m.romanov/benchmarking/datasets/MIST_HER2/trainA/HE/99M2004082_9_17.jpg,/trinity/home/m.romanov/benchmarking/datasets/MIST_HER2/trainB/IHC/99M2004082_9_17.jpg
75M2100521,75M2100521_22_9,0,0,2,/trinity/home/m.romanov/benchmarking/datasets/MIST_HER2/trainA/HE/75M2100521_22_9.jpg,/trinity/home/m.romanov/benchmarking/datasets/MIST_HER2/trainB/IHC/75M2100521_22_9.jpg
39M2101576,39M2101576_27_22,0,0,2,/trinity/home/m.romanov/benchmarking/datasets/MIST_HER2/trainA/HE/39M2101576_27_22.jpg,/trinity/home/m.romanov/benchmarking/datasets/MIST_HER2/trainB/IHC/39M2101576_27_22.jpg
94M2100142,94M2100142_31_8,0,0,2,/trinity/home/m.romanov/benchmarking/datasets/MIST_HER2/trainA/HE/94M2100142_31_8.jpg,/trinity/home/m.romanov/benchmarking/datasets/MIST_HER2/trainB/IHC/94M2100142_31_8.jpg
93M2100147,93M2100147_5_23,0,0,2,/trinity/home/m.romanov/benchmarking/datasets/MIST_HER2/trainA/HE/93M2100147_5_23.jpg,/trinity/home/m.romanov/benchmarking/datasets/MIST_HER2/trainB/IHC/93M2100147_5_23.jpg
51M2101285,51M2101285_25_15,0,0,2,/trinity/home/m.romanov/benchmarking/datasets/MIST_HER2/trainA/HE/51M2101285_25_15.jpg,/trinity/home/m.romanov/benchmarking/datasets/MIST_HER2/trainB/IHC/51M2101285_25_15.jpg
22M2102266,22M2102266_21_16,0,0,2,/trinity/home/m.romanov/benchmarking/datasets/MIST_HER2/trainA/HE/22M2102266_21_16.jpg,/trinity/home/m.romanov/benchmarking/datasets/MIST_HER2/trainB/IHC/22M2102266_21_16.jpg
30M2101953,30M2101953_8_11,0,0,2,/trinity/home/m.romanov/benchmarking/datasets/MIST_HER2/trainA/HE/30M2101953_8_11.jpg,/trinity/home/m.romanov/benchmarking/datasets/MIST_HER2/trainB/IHC/30M2101953_8_11.jpg
53M2101258,53M2101258_12_26,0,0,2,/trinity/home/m.romanov/benchmarking/datasets/MIST_HER2/trainA/HE/53M2101258_12_26.jpg,/trinity/home/m.romanov/benchmarking/datasets/MIST_HER2/trainB/IHC/53M2101258_12_26.jpg
30M2101953,30M2101953_7_13,0,0,2,/trinity/home/m.romanov/benchmarking/datasets/MIST_HER2/trainA/HE/30M2101953_7_13.jpg,/trinity/home/m.romanov/benchmarking/datasets/MIST_HER2/trainB/IHC/30M2101953_7_13.jpg
27M2102007,27M2102007_14_12,0,0,2,/trinity/home/m.romanov/benchmarking/datasets/MIST_HER2/trainA/HE/27M2102007_14_12.jpg,/trinity/home/m.romanov/benchmarking/datasets/MIST_HER2/trainB/IHC/27M2102007_14_12.jpg
60M2100980,60M2100980_28_10,0,0,2,/trinity/home/m.romanov/benchmarking/datasets/MIST_HER2/trainA/HE/60M2100980_28_10.jpg,/trinity/home/m.romanov/benchmarking/datasets/MIST_HER2/trainB/IHC/60M2100980_28_10.jpg
51M2101285,51M2101285_16_22,0,0,2,/trinity/home/m.romanov/benchmarking/datasets/MIST_HER2/trainA/HE/51M2101285_16_22.jpg,/trinity/home/m.romanov/benchmarking/datasets/MIST_HER2/trainB/IHC/51M2101285_16_22.jpg
69M2100632,69M2100632_38_20,0,0,2,/trinity/home/m.romanov/benchmarking/datasets/MIST_HER2/trainA/HE/69M2100632_38_20.jpg,/trinity/home/m.romanov/benchmarking/datasets/MIST_HER2/trainB/IHC/69M2100632_38_20.jpg
89M2100212,89M2100212_5_19,0,0,2,/trinity/home/m.romanov/benchmarking/datasets/MIST_HER2/trainA/HE/89M2100212_5_19.jpg,/trinity/home/m.romanov/benchmarking/datasets/MIST_HER2/trainB/IHC/89M2100212_5_19.jpg
94M2100142,94M2100142_33_14,0,0,2,/trinity/home/m.romanov/benchmarking/datasets/MIST_HER2/trainA/HE/94M2100142_33_14.jpg,/trinity/home/m.romanov/benchmarking/datasets/MIST_HER2/trainB/IHC/94M2100142_33_14.jpg
76M2100485,76M2100485_17_28,0,0,2,/trinity/home/m.romanov/benchmarking/datasets/MIST_HER2/trainA/HE/76M2100485_17_28.jpg,/trinity/home/m.romanov/benchmarking/datasets/MIST_HER2/trainB/IHC/76M2100485_17_28.jpg
69M2100632,69M2100632_26_24,0,0,2,/trinity/home/m.romanov/benchmarking/datasets/MIST_HER2/trainA/HE/69M2100632_26_24.jpg,/trinity/home/m.romanov/benchmarking/datasets/MIST_HER2/trainB/IHC/69M2100632_26_24.jpg
40M2101566,40M2101566_39_10,0,0,2,/trinity/home/m.romanov/benchmarking/datasets/MIST_HER2/trainA/HE/40M2101566_39_10.jpg,/trinity/home/m.romanov/benchmarking/datasets/MIST_HER2/trainB/IHC/40M2101566_39_10.jpg
57M2101034,57M2101034_20_12,0,0,2,/trinity/home/m.romanov/benchmarking/datasets/MIST_HER2/trainA/HE/57M2101034_20_12.jpg,/trinity/home/m.romanov/benchmarking/datasets/MIST_HER2/trainB/IHC/57M2101034_20_12.jpg
46M2101353,46M2101353_24_21,0,0,2,/trinity/home/m.romanov/benchmarking/datasets/MIST_HER2/trainA/HE/46M2101353_24_21.jpg,/trinity/home/m.romanov/benchmarking/datasets/MIST_HER2/trainB/IHC/46M2101353_24_21.jpg
76M2100485,76M2100485_18_27,0,0,2,/trinity/home/m.romanov/benchmarking/datasets/MIST_HER2/trainA/HE/76M2100485_18_27.jpg,/trinity/home/m.romanov/benchmarking/datasets/MIST_HER2/trainB/IHC/76M2100485_18_27.jpg
65M2100668,65M2100668_24_9,0,0,2,/trinity/home/m.romanov/benchmarking/datasets/MIST_HER2/trainA/HE/65M2100668_24_9.jpg,/trinity/home/m.romanov/benchmarking/datasets/MIST_HER2/trainB/IHC/65M2100668_24_9.jpg
99M2004082,99M2004082_14_19,0,0,2,/trinity/home/m.romanov/benchmarking/datasets/MIST_HER2/trainA/HE/99M2004082_14_19.jpg,/trinity/home/m.romanov/benchmarking/datasets/MIST_HER2/trainB/IHC/99M2004082_14_19.jpg
56M2101083,56M2101083_39_34,0,0,2,/trinity/home/m.romanov/benchmarking/datasets/MIST_HER2/trainA/HE/56M2101083_39_34.jpg,/trinity/home/m.romanov/benchmarking/datasets/MIST_HER2/trainB/IHC/56M2101083_39_34.jpg
15M2102762,15M2102762_27_9,0,0,2,/trinity/home/m.romanov/benchmarking/datasets/MIST_HER2/trainA/HE/15M2102762_27_9.jpg,/trinity/home/m.romanov/benchmarking/datasets/MIST_HER2/trainB/IHC/15M2102762_27_9.jpg
99M2004082,99M2004082_38_9,0,0,2,/trinity/home/m.romanov/benchmarking/datasets/MIST_HER2/trainA/HE/99M2004082_38_9.jpg,/trinity/home/m.romanov/benchmarking/datasets/MIST_HER2/trainB/IHC/99M2004082_38_9.jpg
69M2100632,69M2100632_5_12,0,0,2,/trinity/home/m.romanov/benchmarking/datasets/MIST_HER2/trainA/HE/69M2100632_5_12.jpg,/trinity/home/m.romanov/benchmarking/datasets/MIST_HER2/trainB/IHC/69M2100632_5_12.jpg
28M2101987,28M2101987_22_23,0,0,2,/trinity/home/m.romanov/benchmarking/datasets/MIST_HER2/trainA/HE/28M2101987_22_23.jpg,/trinity/home/m.romanov/benchmarking/datasets/MIST_HER2/trainB/IHC/28M2101987_22_23.jpg
23M2102136,23M2102136_12_13,0,0,2,/trinity/home/m.romanov/benchmarking/datasets/MIST_HER2/trainA/HE/23M2102136_12_13.jpg,/trinity/home/m.romanov/benchmarking/datasets/MIST_HER2/trainB/IHC/23M2102136_12_13.jpg
51M2101285,51M2101285_24_17,0,0,2,/trinity/home/m.romanov/benchmarking/datasets/MIST_HER2/trainA/HE/51M2101285_24_17.jpg,/trinity/home/m.romanov/benchmarking/datasets/MIST_HER2/trainB/IHC/51M2101285_24_17.jpg
22M2102266,22M2102266_14_20,0,0,2,/trinity/home/m.romanov/benchmarking/datasets/MIST_HER2/trainA/HE/22M2102266_14_20.jpg,/trinity/home/m.romanov/benchmarking/datasets/MIST_HER2/trainB/IHC/22M2102266_14_20.jpg
22M2102266,22M2102266_25_19,0,0,2,/trinity/home/m.romanov/benchmarking/datasets/MIST_HER2/trainA/HE/22M2102266_25_19.jpg,/trinity/home/m.romanov/benchmarking/datasets/MIST_HER2/trainB/IHC/22M2102266_25_19.jpg
92M2100150,92M2100150_17_7,0,0,2,/trinity/home/m.romanov/benchmarking/datasets/MIST_HER2/trainA/HE/92M2100150_17_7.jpg,/trinity/home/m.romanov/benchmarking/datasets/MIST_HER2/trainB/IHC/92M2100150_17_7.jpg
65M2100668,65M2100668_16_20,0,0,2,/trinity/home/m.romanov/benchmarking/datasets/MIST_HER2/trainA/HE/65M2100668_16_20.jpg,/trinity/home/m.romanov/benchmarking/datasets/MIST_HER2/trainB/IHC/65M2100668_16_20.jpg
23M2102136,23M2102136_29_21,0,0,2,/trinity/home/m.romanov/benchmarking/datasets/MIST_HER2/trainA/HE/23M2102136_29_21.jpg,/trinity/home/m.romanov/benchmarking/datasets/MIST_HER2/trainB/IHC/23M2102136_29_21.jpg
83M2100256,83M2100256_31_18,0,0,2,/trinity/home/m.romanov/benchmarking/datasets/MIST_HER2/trainA/HE/83M2100256_31_18.jpg,/trinity/home/m.romanov/benchmarking/datasets/MIST_HER2/trainB/IHC/83M2100256_31_18.jpg
35M2101733,35M2101733_2_14,0,0,2,/trinity/home/m.romanov/benchmarking/datasets/MIST_HER2/trainA/HE/35M2101733_2_14.jpg,/trinity/home/m.romanov/benchmarking/datasets/MIST_HER2/trainB/IHC/35M2101733_2_14.jpg
83M2100256,83M2100256_25_18,0,0,2,/trinity/home/m.romanov/benchmarking/datasets/MIST_HER2/trainA/HE/83M2100256_25_18.jpg,/trinity/home/m.romanov/benchmarking/datasets/MIST_HER2/trainB/IHC/83M2100256_25_18.jpg
28M2101987,28M2101987_11_25,0,0,2,/trinity/home/m.romanov/benchmarking/datasets/MIST_HER2/trainA/HE/28M2101987_11_25.jpg,/trinity/home/m.romanov/benchmarking/datasets/MIST_HER2/trainB/IHC/28M2101987_11_25.jpg
60M2100980,60M2100980_11_5,0,0,2,/trinity/home/m.romanov/benchmarking/datasets/MIST_HER2/trainA/HE/60M2100980_11_5.jpg,/trinity/home/m.romanov/benchmarking/datasets/MIST_HER2/trainB/IHC/60M2100980_11_5.jpg
65M2100668,65M2100668_20_9,0,0,2,/trinity/home/m.romanov/benchmarking/datasets/MIST_HER2/trainA/HE/65M2100668_20_9.jpg,/trinity/home/m.romanov/benchmarking/datasets/MIST_HER2/trainB/IHC/65M2100668_20_9.jpg
14M2102785,14M2102785_30_12,0,0,2,/trinity/home/m.romanov/benchmarking/datasets/MIST_HER2/trainA/HE/14M2102785_30_12.jpg,/trinity/home/m.romanov/benchmarking/datasets/MIST_HER2/trainB/IHC/14M2102785_30_12.jpg
28M2101987,28M2101987_40_7,0,0,2,/trinity/home/m.romanov/benchmarking/datasets/MIST_HER2/trainA/HE/28M2101987_40_7.jpg,/trinity/home/m.romanov/benchmarking/datasets/MIST_HER2/trainB/IHC/28M2101987_40_7.jpg
83M2100256,83M2100256_28_2,0,0,2,/trinity/home/m.romanov/benchmarking/datasets/MIST_HER2/trainA/HE/83M2100256_28_2.jpg,/trinity/home/m.romanov/benchmarking/datasets/MIST_HER2/trainB/IHC/83M2100256_28_2.jpg
81M2100356,81M2100356_43_37,0,0,2,/trinity/home/m.romanov/benchmarking/datasets/MIST_HER2/trainA/HE/81M2100356_43_37.jpg,/trinity/home/m.romanov/benchmarking/datasets/MIST_HER2/trainB/IHC/81M2100356_43_37.jpg
47M2101316,47M2101316_14_24,0,0,2,/trinity/home/m.romanov/benchmarking/datasets/MIST_HER2/trainA/HE/47M2101316_14_24.jpg,/trinity/home/m.romanov/benchmarking/datasets/MIST_HER2/trainB/IHC/47M2101316_14_24.jpg
23M2102136,23M2102136_21_8,0,0,2,/trinity/home/m.romanov/benchmarking/datasets/MIST_HER2/trainA/HE/23M2102136_21_8.jpg,/trinity/home/m.romanov/benchmarking/datasets/MIST_HER2/trainB/IHC/23M2102136_21_8.jpg
81M2100356,81M2100356_26_14,0,0,2,/trinity/home/m.romanov/benchmarking/datasets/MIST_HER2/trainA/HE/81M2100356_26_14.jpg,/trinity/home/m.romanov/benchmarking/datasets/MIST_HER2/trainB/IHC/81M2100356_26_14.jpg
2M2103108,2M2103108_23_23,0,0,2,/trinity/home/m.romanov/benchmarking/datasets/MIST_HER2/trainA/HE/2M2103108_23_23.jpg,/trinity/home/m.romanov/benchmarking/datasets/MIST_HER2/trainB/IHC/2M2103108_23_23.jpg
79M2100417,79M2100417_10_20,0,0,2,/trinity/home/m.romanov/benchmarking/datasets/MIST_HER2/trainA/HE/79M2100417_10_20.jpg,/trinity/home/m.romanov/benchmarking/datasets/MIST_HER2/trainB/IHC/79M2100417_10_20.jpg
79M2100417,79M2100417_13_13,0,0,2,/trinity/home/m.romanov/benchmarking/datasets/MIST_HER2/trainA/HE/79M2100417_13_13.jpg,/trinity/home/m.romanov/benchmarking/datasets/MIST_HER2/trainB/IHC/79M2100417_13_13.jpg
15M2102762,15M2102762_9_21,0,0,2,/trinity/home/m.romanov/benchmarking/datasets/MIST_HER2/trainA/HE/15M2102762_9_21.jpg,/trinity/home/m.romanov/benchmarking/datasets/MIST_HER2/trainB/IHC/15M2102762_9_21.jpg
91M2100173,91M2100173_22_15,0,0,2,/trinity/home/m.romanov/benchmarking/datasets/MIST_HER2/trainA/HE/91M2100173_22_15.jpg,/trinity/home/m.romanov/benchmarking/datasets/MIST_HER2/trainB/IHC/91M2100173_22_15.jpg
69M2100632,69M2100632_36_11,0,0,2,/trinity/home/m.romanov/benchmarking/datasets/MIST_HER2/trainA/HE/69M2100632_36_11.jpg,/trinity/home/m.romanov/benchmarking/datasets/MIST_HER2/trainB/IHC/69M2100632_36_11.jpg
6M2103024,6M2103024_24_14,0,0,2,/trinity/home/m.romanov/benchmarking/datasets/MIST_HER2/trainA/HE/6M2103024_24_14.jpg,/trinity/home/m.romanov/benchmarking/datasets/MIST_HER2/trainB/IHC/6M2103024_24_14.jpg
62M2100915,62M2100915_13_30,0,0,2,/trinity/home/m.romanov/benchmarking/datasets/MIST_HER2/trainA/HE/62M2100915_13_30.jpg,/trinity/home/m.romanov/benchmarking/datasets/MIST_HER2/trainB/IHC/62M2100915_13_30.jpg
25M2102060,25M2102060_13_24,0,0,2,/trinity/home/m.romanov/benchmarking/datasets/MIST_HER2/trainA/HE/25M2102060_13_24.jpg,/trinity/home/m.romanov/benchmarking/datasets/MIST_HER2/trainB/IHC/25M2102060_13_24.jpg
93M2100147,93M2100147_17_15,0,0,2,/trinity/home/m.romanov/benchmarking/datasets/MIST_HER2/trainA/HE/93M2100147_17_15.jpg,/trinity/home/m.romanov/benchmarking/datasets/MIST_HER2/trainB/IHC/93M2100147_17_15.jpg
14M2102785,14M2102785_19_16,0,0,2,/trinity/home/m.romanov/benchmarking/datasets/MIST_HER2/trainA/HE/14M2102785_19_16.jpg,/trinity/home/m.romanov/benchmarking/datasets/MIST_HER2/trainB/IHC/14M2102785_19_16.jpg
94M2100142,94M2100142_13_13,0,0,2,/trinity/home/m.romanov/benchmarking/datasets/MIST_HER2/trainA/HE/94M2100142_13_13.jpg,/trinity/home/m.romanov/benchmarking/datasets/MIST_HER2/trainB/IHC/94M2100142_13_13.jpg
22M2102266,22M2102266_13_19,0,0,2,/trinity/home/m.romanov/benchmarking/datasets/MIST_HER2/trainA/HE/22M2102266_13_19.jpg,/trinity/home/m.romanov/benchmarking/datasets/MIST_HER2/trainB/IHC/22M2102266_13_19.jpg
16M2102718,16M2102718_22_21,0,0,2,/trinity/home/m.romanov/benchmarking/datasets/MIST_HER2/trainA/HE/16M2102718_22_21.jpg,/trinity/home/m.romanov/benchmarking/datasets/MIST_HER2/trainB/IHC/16M2102718_22_21.jpg
14M2102785,14M2102785_23_6,0,0,2,/trinity/home/m.romanov/benchmarking/datasets/MIST_HER2/trainA/HE/14M2102785_23_6.jpg,/trinity/home/m.romanov/benchmarking/datasets/MIST_HER2/trainB/IHC/14M2102785_23_6.jpg
56M2101083,56M2101083_31_22,0,0,2,/trinity/home/m.romanov/benchmarking/datasets/MIST_HER2/trainA/HE/56M2101083_31_22.jpg,/trinity/home/m.romanov/benchmarking/datasets/MIST_HER2/trainB/IHC/56M2101083_31_22.jpg
94M2100142,94M2100142_30_13,0,0,2,/trinity/home/m.romanov/benchmarking/datasets/MIST_HER2/trainA/HE/94M2100142_30_13.jpg,/trinity/home/m.romanov/benchmarking/datasets/MIST_HER2/trainB/IHC/94M2100142_30_13.jpg
92M2100150,92M2100150_16_12,0,0,2,/trinity/home/m.romanov/benchmarking/datasets/MIST_HER2/trainA/HE/92M2100150_16_12.jpg,/trinity/home/m.romanov/benchmarking/datasets/MIST_HER2/trainB/IHC/92M2100150_16_12.jpg
25M2102060,25M2102060_3_8,0,0,2,/trinity/home/m.romanov/benchmarking/datasets/MIST_HER2/trainA/HE/25M2102060_3_8.jpg,/trinity/home/m.romanov/benchmarking/datasets/MIST_HER2/trainB/IHC/25M2102060_3_8.jpg
79M2100417,79M2100417_15_9,0,0,2,/trinity/home/m.romanov/benchmarking/datasets/MIST_HER2/trainA/HE/79M2100417_15_9.jpg,/trinity/home/m.romanov/benchmarking/datasets/MIST_HER2/trainB/IHC/79M2100417_15_9.jpg
58M2100997,58M2100997_9_9,0,0,2,/trinity/home/m.romanov/benchmarking/datasets/MIST_HER2/trainA/HE/58M2100997_9_9.jpg,/trinity/home/m.romanov/benchmarking/datasets/MIST_HER2/trainB/IHC/58M2100997_9_9.jpg
97M2100034,97M2100034_10_21,0,0,2,/trinity/home/m.romanov/benchmarking/datasets/MIST_HER2/trainA/HE/97M2100034_10_21.jpg,/trinity/home/m.romanov/benchmarking/datasets/MIST_HER2/trainB/IHC/97M2100034_10_21.jpg
50M2101298,50M2101298_23_14,0,0,2,/trinity/home/m.romanov/benchmarking/datasets/MIST_HER2/trainA/HE/50M2101298_23_14.jpg,/trinity/home/m.romanov/benchmarking/datasets/MIST_HER2/trainB/IHC/50M2101298_23_14.jpg
83M2100256,83M2100256_27_22,0,0,2,/trinity/home/m.romanov/benchmarking/datasets/MIST_HER2/trainA/HE/83M2100256_27_22.jpg,/trinity/home/m.romanov/benchmarking/datasets/MIST_HER2/trainB/IHC/83M2100256_27_22.jpg
75M2100521,75M2100521_18_17,0,0,2,/trinity/home/m.romanov/benchmarking/datasets/MIST_HER2/trainA/HE/75M2100521_18_17.jpg,/trinity/home/m.romanov/benchmarking/datasets/MIST_HER2/trainB/IHC/75M2100521_18_17.jpg
69M2100632,69M2100632_29_26,0,0,2,/trinity/home/m.romanov/benchmarking/datasets/MIST_HER2/trainA/HE/69M2100632_29_26.jpg,/trinity/home/m.romanov/benchmarking/datasets/MIST_HER2/trainB/IHC/69M2100632_29_26.jpg
27M2102007,27M2102007_17_12,0,0,2,/trinity/home/m.romanov/benchmarking/datasets/MIST_HER2/trainA/HE/27M2102007_17_12.jpg,/trinity/home/m.romanov/benchmarking/datasets/MIST_HER2/trainB/IHC/27M2102007_17_12.jpg
58M2100997,58M2100997_19_18,0,0,2,/trinity/home/m.romanov/benchmarking/datasets/MIST_HER2/trainA/HE/58M2100997_19_18.jpg,/trinity/home/m.romanov/benchmarking/datasets/MIST_HER2/trainB/IHC/58M2100997_19_18.jpg
80M2100377,80M2100377_19_24,0,0,2,/trinity/home/m.romanov/benchmarking/datasets/MIST_HER2/trainA/HE/80M2100377_19_24.jpg,/trinity/home/m.romanov/benchmarking/datasets/MIST_HER2/trainB/IHC/80M2100377_19_24.jpg
25M2102060,25M2102060_4_9,0,0,2,/trinity/home/m.romanov/benchmarking/datasets/MIST_HER2/trainA/HE/25M2102060_4_9.jpg,/trinity/home/m.romanov/benchmarking/datasets/MIST_HER2/trainB/IHC/25M2102060_4_9.jpg
33M2101839,33M2101839_11_3,0,0,2,/trinity/home/m.romanov/benchmarking/datasets/MIST_HER2/trainA/HE/33M2101839_11_3.jpg,/trinity/home/m.romanov/benchmarking/datasets/MIST_HER2/trainB/IHC/33M2101839_11_3.jpg
6M2103024,6M2103024_18_11,0,0,2,/trinity/home/m.romanov/benchmarking/datasets/MIST_HER2/trainA/HE/6M2103024_18_11.jpg,/trinity/home/m.romanov/benchmarking/datasets/MIST_HER2/trainB/IHC/6M2103024_18_11.jpg
2M2103108,2M2103108_9_11,0,0,2,/trinity/home/m.romanov/benchmarking/datasets/MIST_HER2/trainA/HE/2M2103108_9_11.jpg,/trinity/home/m.romanov/benchmarking/datasets/MIST_HER2/trainB/IHC/2M2103108_9_11.jpg
74M2100526,74M2100526_20_7,0,0,2,/trinity/home/m.romanov/benchmarking/datasets/MIST_HER2/trainA/HE/74M2100526_20_7.jpg,/trinity/home/m.romanov/benchmarking/datasets/MIST_HER2/trainB/IHC/74M2100526_20_7.jpg
27M2102007,27M2102007_7_23,0,0,2,/trinity/home/m.romanov/benchmarking/datasets/MIST_HER2/trainA/HE/27M2102007_7_23.jpg,/trinity/home/m.romanov/benchmarking/datasets/MIST_HER2/trainB/IHC/27M2102007_7_23.jpg
14M2102785,14M2102785_26_20,0,0,2,/trinity/home/m.romanov/benchmarking/datasets/MIST_HER2/trainA/HE/14M2102785_26_20.jpg,/trinity/home/m.romanov/benchmarking/datasets/MIST_HER2/trainB/IHC/14M2102785_26_20.jpg
22M2102266,22M2102266_18_24,0,0,2,/trinity/home/m.romanov/benchmarking/datasets/MIST_HER2/trainA/HE/22M2102266_18_24.jpg,/trinity/home/m.romanov/benchmarking/datasets/MIST_HER2/trainB/IHC/22M2102266_18_24.jpg
33M2101839,33M2101839_6_3,0,0,2,/trinity/home/m.romanov/benchmarking/datasets/MIST_HER2/trainA/HE/33M2101839_6_3.jpg,/trinity/home/m.romanov/benchmarking/datasets/MIST_HER2/trainB/IHC/33M2101839_6_3.jpg
54M2101205,54M2101205_15_6,0,0,2,/trinity/home/m.romanov/benchmarking/datasets/MIST_HER2/trainA/HE/54M2101205_15_6.jpg,/trinity/home/m.romanov/benchmarking/datasets/MIST_HER2/trainB/IHC/54M2101205_15_6.jpg
30M2101953,30M2101953_17_7,0,0,2,/trinity/home/m.romanov/benchmarking/datasets/MIST_HER2/trainA/HE/30M2101953_17_7.jpg,/trinity/home/m.romanov/benchmarking/datasets/MIST_HER2/trainB/IHC/30M2101953_17_7.jpg
14M2102785,14M2102785_21_7,0,0,2,/trinity/home/m.romanov/benchmarking/datasets/MIST_HER2/trainA/HE/14M2102785_21_7.jpg,/trinity/home/m.romanov/benchmarking/datasets/MIST_HER2/trainB/IHC/14M2102785_21_7.jpg
40M2101566,40M2101566_36_19,0,0,2,/trinity/home/m.romanov/benchmarking/datasets/MIST_HER2/trainA/HE/40M2101566_36_19.jpg,/trinity/home/m.romanov/benchmarking/datasets/MIST_HER2/trainB/IHC/40M2101566_36_19.jpg
56M2101083,56M2101083_33_35,0,0,2,/trinity/home/m.romanov/benchmarking/datasets/MIST_HER2/trainA/HE/56M2101083_33_35.jpg,/trinity/home/m.romanov/benchmarking/datasets/MIST_HER2/trainB/IHC/56M2101083_33_35.jpg
74M2100526,74M2100526_30_24,0,0,2,/trinity/home/m.romanov/benchmarking/datasets/MIST_HER2/trainA/HE/74M2100526_30_24.jpg,/trinity/home/m.romanov/benchmarking/datasets/MIST_HER2/trainB/IHC/74M2100526_30_24.jpg
46M2101353,46M2101353_18_9,0,0,2,/trinity/home/m.romanov/benchmarking/datasets/MIST_HER2/trainA/HE/46M2101353_18_9.jpg,/trinity/home/m.romanov/benchmarking/datasets/MIST_HER2/trainB/IHC/46M2101353_18_9.jpg
50M2101298,50M2101298_25_14,0,0,2,/trinity/home/m.romanov/benchmarking/datasets/MIST_HER2/trainA/HE/50M2101298_25_14.jpg,/trinity/home/m.romanov/benchmarking/datasets/MIST_HER2/trainB/IHC/50M2101298_25_14.jpg
56M2101083,56M2101083_27_35,0,0,2,/trinity/home/m.romanov/benchmarking/datasets/MIST_HER2/trainA/HE/56M2101083_27_35.jpg,/trinity/home/m.romanov/benchmarking/datasets/MIST_HER2/trainB/IHC/56M2101083_27_35.jpg
62M2100915,62M2100915_16_16,0,0,2,/trinity/home/m.romanov/benchmarking/datasets/MIST_HER2/trainA/HE/62M2100915_16_16.jpg,/trinity/home/m.romanov/benchmarking/datasets/MIST_HER2/trainB/IHC/62M2100915_16_16.jpg
19M2102438,19M2102438_33_25,0,0,2,/trinity/home/m.romanov/benchmarking/datasets/MIST_HER2/trainA/HE/19M2102438_33_25.jpg,/trinity/home/m.romanov/benchmarking/datasets/MIST_HER2/trainB/IHC/19M2102438_33_25.jpg
56M2101083,56M2101083_26_20,0,0,2,/trinity/home/m.romanov/benchmarking/datasets/MIST_HER2/trainA/HE/56M2101083_26_20.jpg,/trinity/home/m.romanov/benchmarking/datasets/MIST_HER2/trainB/IHC/56M2101083_26_20.jpg
10M2102916,10M2102916_21_28,0,0,2,/trinity/home/m.romanov/benchmarking/datasets/MIST_HER2/trainA/HE/10M2102916_21_28.jpg,/trinity/home/m.romanov/benchmarking/datasets/MIST_HER2/trainB/IHC/10M2102916_21_28.jpg
44M2101492,44M2101492_12_32,0,0,2,/trinity/home/m.romanov/benchmarking/datasets/MIST_HER2/trainA/HE/44M2101492_12_32.jpg,/trinity/home/m.romanov/benchmarking/datasets/MIST_HER2/trainB/IHC/44M2101492_12_32.jpg
59M2100987,59M2100987_6_12,0,0,2,/trinity/home/m.romanov/benchmarking/datasets/MIST_HER2/trainA/HE/59M2100987_6_12.jpg,/trinity/home/m.romanov/benchmarking/datasets/MIST_HER2/trainB/IHC/59M2100987_6_12.jpg
53M2101258,53M2101258_21_28,0,0,2,/trinity/home/m.romanov/benchmarking/datasets/MIST_HER2/trainA/HE/53M2101258_21_28.jpg,/trinity/home/m.romanov/benchmarking/datasets/MIST_HER2/trainB/IHC/53M2101258_21_28.jpg
53M2101258,53M2101258_16_36,0,0,2,/trinity/home/m.romanov/benchmarking/datasets/MIST_HER2/trainA/HE/53M2101258_16_36.jpg,/trinity/home/m.romanov/benchmarking/datasets/MIST_HER2/trainB/IHC/53M2101258_16_36.jpg
58M2100997,58M2100997_20_21,0,0,2,/trinity/home/m.romanov/benchmarking/datasets/MIST_HER2/trainA/HE/58M2100997_20_21.jpg,/trinity/home/m.romanov/benchmarking/datasets/MIST_HER2/trainB/IHC/58M2100997_20_21.jpg
81M2100356,81M2100356_25_20,0,0,2,/trinity/home/m.romanov/benchmarking/datasets/MIST_HER2/trainA/HE/81M2100356_25_20.jpg,/trinity/home/m.romanov/benchmarking/datasets/MIST_HER2/trainB/IHC/81M2100356_25_20.jpg
47M2101316,47M2101316_15_16,0,0,2,/trinity/home/m.romanov/benchmarking/datasets/MIST_HER2/trainA/HE/47M2101316_15_16.jpg,/trinity/home/m.romanov/benchmarking/datasets/MIST_HER2/trainB/IHC/47M2101316_15_16.jpg
14M2102785,14M2102785_14_7,0,0,2,/trinity/home/m.romanov/benchmarking/datasets/MIST_HER2/trainA/HE/14M2102785_14_7.jpg,/trinity/home/m.romanov/benchmarking/datasets/MIST_HER2/trainB/IHC/14M2102785_14_7.jpg
65M2100668,65M2100668_20_8,0,0,2,/trinity/home/m.romanov/benchmarking/datasets/MIST_HER2/trainA/HE/65M2100668_20_8.jpg,/trinity/home/m.romanov/benchmarking/datasets/MIST_HER2/trainB/IHC/65M2100668_20_8.jpg
40M2101566,40M2101566_16_28,0,0,2,/trinity/home/m.romanov/benchmarking/datasets/MIST_HER2/trainA/HE/40M2101566_16_28.jpg,/trinity/home/m.romanov/benchmarking/datasets/MIST_HER2/trainB/IHC/40M2101566_16_28.jpg
98M2004096,98M2004096_8_15,0,0,2,/trinity/home/m.romanov/benchmarking/datasets/MIST_HER2/trainA/HE/98M2004096_8_15.jpg,/trinity/home/m.romanov/benchmarking/datasets/MIST_HER2/trainB/IHC/98M2004096_8_15.jpg
46M2101353,46M2101353_14_7,0,0,2,/trinity/home/m.romanov/benchmarking/datasets/MIST_HER2/trainA/HE/46M2101353_14_7.jpg,/trinity/home/m.romanov/benchmarking/datasets/MIST_HER2/trainB/IHC/46M2101353_14_7.jpg
10M2102916,10M2102916_17_22,0,0,2,/trinity/home/m.romanov/benchmarking/datasets/MIST_HER2/trainA/HE/10M2102916_17_22.jpg,/trinity/home/m.romanov/benchmarking/datasets/MIST_HER2/trainB/IHC/10M2102916_17_22.jpg
88M2100218,88M2100218_26_3,0,0,2,/trinity/home/m.romanov/benchmarking/datasets/MIST_HER2/trainA/HE/88M2100218_26_3.jpg,/trinity/home/m.romanov/benchmarking/datasets/MIST_HER2/trainB/IHC/88M2100218_26_3.jpg
33M2101839,33M2101839_11_6,0,0,2,/trinity/home/m.romanov/benchmarking/datasets/MIST_HER2/trainA/HE/33M2101839_11_6.jpg,/trinity/home/m.romanov/benchmarking/datasets/MIST_HER2/trainB/IHC/33M2101839_11_6.jpg
48M2101314,48M2101314_38_23,0,0,2,/trinity/home/m.romanov/benchmarking/datasets/MIST_HER2/trainA/HE/48M2101314_38_23.jpg,/trinity/home/m.romanov/benchmarking/datasets/MIST_HER2/trainB/IHC/48M2101314_38_23.jpg
46M2101353,46M2101353_18_14,0,0,2,/trinity/home/m.romanov/benchmarking/datasets/MIST_HER2/trainA/HE/46M2101353_18_14.jpg,/trinity/home/m.romanov/benchmarking/datasets/MIST_HER2/trainB/IHC/46M2101353_18_14.jpg
99M2004082,99M2004082_9_6,0,0,2,/trinity/home/m.romanov/benchmarking/datasets/MIST_HER2/trainA/HE/99M2004082_9_6.jpg,/trinity/home/m.romanov/benchmarking/datasets/MIST_HER2/trainB/IHC/99M2004082_9_6.jpg
91M2100173,91M2100173_3_7,0,0,2,/trinity/home/m.romanov/benchmarking/datasets/MIST_HER2/trainA/HE/91M2100173_3_7.jpg,/trinity/home/m.romanov/benchmarking/datasets/MIST_HER2/trainB/IHC/91M2100173_3_7.jpg
44M2101492,44M2101492_25_31,0,0,2,/trinity/home/m.romanov/benchmarking/datasets/MIST_HER2/trainA/HE/44M2101492_25_31.jpg,/trinity/home/m.romanov/benchmarking/datasets/MIST_HER2/trainB/IHC/44M2101492_25_31.jpg
89M2100212,89M2100212_26_17,0,0,2,/trinity/home/m.romanov/benchmarking/datasets/MIST_HER2/trainA/HE/89M2100212_26_17.jpg,/trinity/home/m.romanov/benchmarking/datasets/MIST_HER2/trainB/IHC/89M2100212_26_17.jpg
2M2103108,2M2103108_21_22,0,0,2,/trinity/home/m.romanov/benchmarking/datasets/MIST_HER2/trainA/HE/2M2103108_21_22.jpg,/trinity/home/m.romanov/benchmarking/datasets/MIST_HER2/trainB/IHC/2M2103108_21_22.jpg
48M2101314,48M2101314_21_35,0,0,2,/trinity/home/m.romanov/benchmarking/datasets/MIST_HER2/trainA/HE/48M2101314_21_35.jpg,/trinity/home/m.romanov/benchmarking/datasets/MIST_HER2/trainB/IHC/48M2101314_21_35.jpg
39M2101576,39M2101576_10_5,0,0,2,/trinity/home/m.romanov/benchmarking/datasets/MIST_HER2/trainA/HE/39M2101576_10_5.jpg,/trinity/home/m.romanov/benchmarking/datasets/MIST_HER2/trainB/IHC/39M2101576_10_5.jpg
99M2004082,99M2004082_29_6,0,0,2,/trinity/home/m.romanov/benchmarking/datasets/MIST_HER2/trainA/HE/99M2004082_29_6.jpg,/trinity/home/m.romanov/benchmarking/datasets/MIST_HER2/trainB/IHC/99M2004082_29_6.jpg
52M2101275,52M2101275_10_9,0,0,2,/trinity/home/m.romanov/benchmarking/datasets/MIST_HER2/trainA/HE/52M2101275_10_9.jpg,/trinity/home/m.romanov/benchmarking/datasets/MIST_HER2/trainB/IHC/52M2101275_10_9.jpg
77M2100464,77M2100464_15_25,0,0,2,/trinity/home/m.romanov/benchmarking/datasets/MIST_HER2/trainA/HE/77M2100464_15_25.jpg,/trinity/home/m.romanov/benchmarking/datasets/MIST_HER2/trainB/IHC/77M2100464_15_25.jpg
67M2100642,67M2100642_20_16,0,0,2,/trinity/home/m.romanov/benchmarking/datasets/MIST_HER2/trainA/HE/67M2100642_20_16.jpg,/trinity/home/m.romanov/benchmarking/datasets/MIST_HER2/trainB/IHC/67M2100642_20_16.jpg
97M2100034,97M2100034_14_14,0,0,2,/trinity/home/m.romanov/benchmarking/datasets/MIST_HER2/trainA/HE/97M2100034_14_14.jpg,/trinity/home/m.romanov/benchmarking/datasets/MIST_HER2/trainB/IHC/97M2100034_14_14.jpg
54M2101205,54M2101205_18_7,0,0,2,/trinity/home/m.romanov/benchmarking/datasets/MIST_HER2/trainA/HE/54M2101205_18_7.jpg,/trinity/home/m.romanov/benchmarking/datasets/MIST_HER2/trainB/IHC/54M2101205_18_7.jpg
100M2004069,100M2004069_29_31,0,0,2,/trinity/home/m.romanov/benchmarking/datasets/MIST_HER2/trainA/HE/100M2004069_29_31.jpg,/trinity/home/m.romanov/benchmarking/datasets/MIST_HER2/trainB/IHC/100M2004069_29_31.jpg
56M2101083,56M2101083_28_14,0,0,2,/trinity/home/m.romanov/benchmarking/datasets/MIST_HER2/trainA/HE/56M2101083_28_14.jpg,/trinity/home/m.romanov/benchmarking/datasets/MIST_HER2/trainB/IHC/56M2101083_28_14.jpg
33M2101839,33M2101839_3_8,0,0,2,/trinity/home/m.romanov/benchmarking/datasets/MIST_HER2/trainA/HE/33M2101839_3_8.jpg,/trinity/home/m.romanov/benchmarking/datasets/MIST_HER2/trainB/IHC/33M2101839_3_8.jpg
98M2004096,98M2004096_28_6,0,0,2,/trinity/home/m.romanov/benchmarking/datasets/MIST_HER2/trainA/HE/98M2004096_28_6.jpg,/trinity/home/m.romanov/benchmarking/datasets/MIST_HER2/trainB/IHC/98M2004096_28_6.jpg
44M2101492,44M2101492_17_35,0,0,2,/trinity/home/m.romanov/benchmarking/datasets/MIST_HER2/trainA/HE/44M2101492_17_35.jpg,/trinity/home/m.romanov/benchmarking/datasets/MIST_HER2/trainB/IHC/44M2101492_17_35.jpg
92M2100150,92M2100150_12_34,0,0,2,/trinity/home/m.romanov/benchmarking/datasets/MIST_HER2/trainA/HE/92M2100150_12_34.jpg,/trinity/home/m.romanov/benchmarking/datasets/MIST_HER2/trainB/IHC/92M2100150_12_34.jpg
59M2100987,59M2100987_22_11,0,0,2,/trinity/home/m.romanov/benchmarking/datasets/MIST_HER2/trainA/HE/59M2100987_22_11.jpg,/trinity/home/m.romanov/benchmarking/datasets/MIST_HER2/trainB/IHC/59M2100987_22_11.jpg
30M2101953,30M2101953_10_7,0,0,2,/trinity/home/m.romanov/benchmarking/datasets/MIST_HER2/trainA/HE/30M2101953_10_7.jpg,/trinity/home/m.romanov/benchmarking/datasets/MIST_HER2/trainB/IHC/30M2101953_10_7.jpg
100M2004069,100M2004069_7_27,0,0,2,/trinity/home/m.romanov/benchmarking/datasets/MIST_HER2/trainA/HE/100M2004069_7_27.jpg,/trinity/home/m.romanov/benchmarking/datasets/MIST_HER2/trainB/IHC/100M2004069_7_27.jpg
28M2101987,28M2101987_19_15,0,0,2,/trinity/home/m.romanov/benchmarking/datasets/MIST_HER2/trainA/HE/28M2101987_19_15.jpg,/trinity/home/m.romanov/benchmarking/datasets/MIST_HER2/trainB/IHC/28M2101987_19_15.jpg
92M2100150,92M2100150_11_34,0,0,2,/trinity/home/m.romanov/benchmarking/datasets/MIST_HER2/trainA/HE/92M2100150_11_34.jpg,/trinity/home/m.romanov/benchmarking/datasets/MIST_HER2/trainB/IHC/92M2100150_11_34.jpg
79M2100417,79M2100417_17_16,0,0,2,/trinity/home/m.romanov/benchmarking/datasets/MIST_HER2/trainA/HE/79M2100417_17_16.jpg,/trinity/home/m.romanov/benchmarking/datasets/MIST_HER2/trainB/IHC/79M2100417_17_16.jpg
19M2102438,19M2102438_27_20,0,0,2,/trinity/home/m.romanov/benchmarking/datasets/MIST_HER2/trainA/HE/19M2102438_27_20.jpg,/trinity/home/m.romanov/benchmarking/datasets/MIST_HER2/trainB/IHC/19M2102438_27_20.jpg
48M2101314,48M2101314_45_36,0,0,2,/trinity/home/m.romanov/benchmarking/datasets/MIST_HER2/trainA/HE/48M2101314_45_36.jpg,/trinity/home/m.romanov/benchmarking/datasets/MIST_HER2/trainB/IHC/48M2101314_45_36.jpg
98M2004096,98M2004096_24_10,0,0,2,/trinity/home/m.romanov/benchmarking/datasets/MIST_HER2/trainA/HE/98M2004096_24_10.jpg,/trinity/home/m.romanov/benchmarking/datasets/MIST_HER2/trainB/IHC/98M2004096_24_10.jpg
62M2100915,62M2100915_15_11,0,0,2,/trinity/home/m.romanov/benchmarking/datasets/MIST_HER2/trainA/HE/62M2100915_15_11.jpg,/trinity/home/m.romanov/benchmarking/datasets/MIST_HER2/trainB/IHC/62M2100915_15_11.jpg
97M2100034,97M2100034_22_8,0,0,2,/trinity/home/m.romanov/benchmarking/datasets/MIST_HER2/trainA/HE/97M2100034_22_8.jpg,/trinity/home/m.romanov/benchmarking/datasets/MIST_HER2/trainB/IHC/97M2100034_22_8.jpg
62M2100915,62M2100915_33_25,0,0,2,/trinity/home/m.romanov/benchmarking/datasets/MIST_HER2/trainA/HE/62M2100915_33_25.jpg,/trinity/home/m.romanov/benchmarking/datasets/MIST_HER2/trainB/IHC/62M2100915_33_25.jpg
35M2101733,35M2101733_5_2,0,0,2,/trinity/home/m.romanov/benchmarking/datasets/MIST_HER2/trainA/HE/35M2101733_5_2.jpg,/trinity/home/m.romanov/benchmarking/datasets/MIST_HER2/trainB/IHC/35M2101733_5_2.jpg
97M2100034,97M2100034_23_8,0,0,2,/trinity/home/m.romanov/benchmarking/datasets/MIST_HER2/trainA/HE/97M2100034_23_8.jpg,/trinity/home/m.romanov/benchmarking/datasets/MIST_HER2/trainB/IHC/97M2100034_23_8.jpg
16M2102718,16M2102718_18_6,0,0,2,/trinity/home/m.romanov/benchmarking/datasets/MIST_HER2/trainA/HE/16M2102718_18_6.jpg,/trinity/home/m.romanov/benchmarking/datasets/MIST_HER2/trainB/IHC/16M2102718_18_6.jpg
62M2100915,62M2100915_5_25,0,0,2,/trinity/home/m.romanov/benchmarking/datasets/MIST_HER2/trainA/HE/62M2100915_5_25.jpg,/trinity/home/m.romanov/benchmarking/datasets/MIST_HER2/trainB/IHC/62M2100915_5_25.jpg
92M2100150,92M2100150_19_15,0,0,2,/trinity/home/m.romanov/benchmarking/datasets/MIST_HER2/trainA/HE/92M2100150_19_15.jpg,/trinity/home/m.romanov/benchmarking/datasets/MIST_HER2/trainB/IHC/92M2100150_19_15.jpg
74M2100526,74M2100526_11_12,0,0,2,/trinity/home/m.romanov/benchmarking/datasets/MIST_HER2/trainA/HE/74M2100526_11_12.jpg,/trinity/home/m.romanov/benchmarking/datasets/MIST_HER2/trainB/IHC/74M2100526_11_12.jpg
52M2101275,52M2101275_17_7,0,0,2,/trinity/home/m.romanov/benchmarking/datasets/MIST_HER2/trainA/HE/52M2101275_17_7.jpg,/trinity/home/m.romanov/benchmarking/datasets/MIST_HER2/trainB/IHC/52M2101275_17_7.jpg
51M2101285,51M2101285_37_18,0,0,2,/trinity/home/m.romanov/benchmarking/datasets/MIST_HER2/trainA/HE/51M2101285_37_18.jpg,/trinity/home/m.romanov/benchmarking/datasets/MIST_HER2/trainB/IHC/51M2101285_37_18.jpg
23M2102136,23M2102136_14_13,0,0,2,/trinity/home/m.romanov/benchmarking/datasets/MIST_HER2/trainA/HE/23M2102136_14_13.jpg,/trinity/home/m.romanov/benchmarking/datasets/MIST_HER2/trainB/IHC/23M2102136_14_13.jpg
70M2100623,70M2100623_39_8,0,0,2,/trinity/home/m.romanov/benchmarking/datasets/MIST_HER2/trainA/HE/70M2100623_39_8.jpg,/trinity/home/m.romanov/benchmarking/datasets/MIST_HER2/trainB/IHC/70M2100623_39_8.jpg
45M2101377,45M2101377_21_17,0,0,2,/trinity/home/m.romanov/benchmarking/datasets/MIST_HER2/trainA/HE/45M2101377_21_17.jpg,/trinity/home/m.romanov/benchmarking/datasets/MIST_HER2/trainB/IHC/45M2101377_21_17.jpg
75M2100521,75M2100521_27_8,0,0,2,/trinity/home/m.romanov/benchmarking/datasets/MIST_HER2/trainA/HE/75M2100521_27_8.jpg,/trinity/home/m.romanov/benchmarking/datasets/MIST_HER2/trainB/IHC/75M2100521_27_8.jpg
58M2100997,58M2100997_21_22,0,0,2,/trinity/home/m.romanov/benchmarking/datasets/MIST_HER2/trainA/HE/58M2100997_21_22.jpg,/trinity/home/m.romanov/benchmarking/datasets/MIST_HER2/trainB/IHC/58M2100997_21_22.jpg
45M2101377,45M2101377_24_10,0,0,2,/trinity/home/m.romanov/benchmarking/datasets/MIST_HER2/trainA/HE/45M2101377_24_10.jpg,/trinity/home/m.romanov/benchmarking/datasets/MIST_HER2/trainB/IHC/45M2101377_24_10.jpg
99M2004082,99M2004082_35_8,0,0,2,/trinity/home/m.romanov/benchmarking/datasets/MIST_HER2/trainA/HE/99M2004082_35_8.jpg,/trinity/home/m.romanov/benchmarking/datasets/MIST_HER2/trainB/IHC/99M2004082_35_8.jpg
68M2100640,68M2100640_12_27,0,0,2,/trinity/home/m.romanov/benchmarking/datasets/MIST_HER2/trainA/HE/68M2100640_12_27.jpg,/trinity/home/m.romanov/benchmarking/datasets/MIST_HER2/trainB/IHC/68M2100640_12_27.jpg
51M2101285,51M2101285_20_16,0,0,2,/trinity/home/m.romanov/benchmarking/datasets/MIST_HER2/trainA/HE/51M2101285_20_16.jpg,/trinity/home/m.romanov/benchmarking/datasets/MIST_HER2/trainB/IHC/51M2101285_20_16.jpg
74M2100526,74M2100526_9_21,0,0,2,/trinity/home/m.romanov/benchmarking/datasets/MIST_HER2/trainA/HE/74M2100526_9_21.jpg,/trinity/home/m.romanov/benchmarking/datasets/MIST_HER2/trainB/IHC/74M2100526_9_21.jpg
77M2100464,77M2100464_16_23,0,0,2,/trinity/home/m.romanov/benchmarking/datasets/MIST_HER2/trainA/HE/77M2100464_16_23.jpg,/trinity/home/m.romanov/benchmarking/datasets/MIST_HER2/trainB/IHC/77M2100464_16_23.jpg
2M2103108,2M2103108_6_11,0,0,2,/trinity/home/m.romanov/benchmarking/datasets/MIST_HER2/trainA/HE/2M2103108_6_11.jpg,/trinity/home/m.romanov/benchmarking/datasets/MIST_HER2/trainB/IHC/2M2103108_6_11.jpg
88M2100218,88M2100218_31_13,0,0,2,/trinity/home/m.romanov/benchmarking/datasets/MIST_HER2/trainA/HE/88M2100218_31_13.jpg,/trinity/home/m.romanov/benchmarking/datasets/MIST_HER2/trainB/IHC/88M2100218_31_13.jpg
2M2103108,2M2103108_6_15,0,0,2,/trinity/home/m.romanov/benchmarking/datasets/MIST_HER2/trainA/HE/2M2103108_6_15.jpg,/trinity/home/m.romanov/benchmarking/datasets/MIST_HER2/trainB/IHC/2M2103108_6_15.jpg
28M2101987,28M2101987_12_28,0,0,2,/trinity/home/m.romanov/benchmarking/datasets/MIST_HER2/trainA/HE/28M2101987_12_28.jpg,/trinity/home/m.romanov/benchmarking/datasets/MIST_HER2/trainB/IHC/28M2101987_12_28.jpg
57M2101034,57M2101034_16_16,0,0,2,/trinity/home/m.romanov/benchmarking/datasets/MIST_HER2/trainA/HE/57M2101034_16_16.jpg,/trinity/home/m.romanov/benchmarking/datasets/MIST_HER2/trainB/IHC/57M2101034_16_16.jpg
25M2102060,25M2102060_11_15,0,0,2,/trinity/home/m.romanov/benchmarking/datasets/MIST_HER2/trainA/HE/25M2102060_11_15.jpg,/trinity/home/m.romanov/benchmarking/datasets/MIST_HER2/trainB/IHC/25M2102060_11_15.jpg
94M2100142,94M2100142_30_12,0,0,2,/trinity/home/m.romanov/benchmarking/datasets/MIST_HER2/trainA/HE/94M2100142_30_12.jpg,/trinity/home/m.romanov/benchmarking/datasets/MIST_HER2/trainB/IHC/94M2100142_30_12.jpg
16M2102718,16M2102718_9_24,0,0,2,/trinity/home/m.romanov/benchmarking/datasets/MIST_HER2/trainA/HE/16M2102718_9_24.jpg,/trinity/home/m.romanov/benchmarking/datasets/MIST_HER2/trainB/IHC/16M2102718_9_24.jpg
98M2004096,98M2004096_28_10,0,0,2,/trinity/home/m.romanov/benchmarking/datasets/MIST_HER2/trainA/HE/98M2004096_28_10.jpg,/trinity/home/m.romanov/benchmarking/datasets/MIST_HER2/trainB/IHC/98M2004096_28_10.jpg
46M2101353,46M2101353_29_20,0,0,2,/trinity/home/m.romanov/benchmarking/datasets/MIST_HER2/trainA/HE/46M2101353_29_20.jpg,/trinity/home/m.romanov/benchmarking/datasets/MIST_HER2/trainB/IHC/46M2101353_29_20.jpg
27M2102007,27M2102007_18_27,0,0,2,/trinity/home/m.romanov/benchmarking/datasets/MIST_HER2/trainA/HE/27M2102007_18_27.jpg,/trinity/home/m.romanov/benchmarking/datasets/MIST_HER2/trainB/IHC/27M2102007_18_27.jpg
45M2101377,45M2101377_11_10,0,0,2,/trinity/home/m.romanov/benchmarking/datasets/MIST_HER2/trainA/HE/45M2101377_11_10.jpg,/trinity/home/m.romanov/benchmarking/datasets/MIST_HER2/trainB/IHC/45M2101377_11_10.jpg
91M2100173,91M2100173_3_6,0,0,2,/trinity/home/m.romanov/benchmarking/datasets/MIST_HER2/trainA/HE/91M2100173_3_6.jpg,/trinity/home/m.romanov/benchmarking/datasets/MIST_HER2/trainB/IHC/91M2100173_3_6.jpg
99M2004082,99M2004082_14_14,0,0,2,/trinity/home/m.romanov/benchmarking/datasets/MIST_HER2/trainA/HE/99M2004082_14_14.jpg,/trinity/home/m.romanov/benchmarking/datasets/MIST_HER2/trainB/IHC/99M2004082_14_14.jpg
69M2100632,69M2100632_18_10,0,0,2,/trinity/home/m.romanov/benchmarking/datasets/MIST_HER2/trainA/HE/69M2100632_18_10.jpg,/trinity/home/m.romanov/benchmarking/datasets/MIST_HER2/trainB/IHC/69M2100632_18_10.jpg
6M2103024,6M2103024_5_21,0,0,2,/trinity/home/m.romanov/benchmarking/datasets/MIST_HER2/trainA/HE/6M2103024_5_21.jpg,/trinity/home/m.romanov/benchmarking/datasets/MIST_HER2/trainB/IHC/6M2103024_5_21.jpg
2M2103108,2M2103108_10_13,0,0,2,/trinity/home/m.romanov/benchmarking/datasets/MIST_HER2/trainA/HE/2M2103108_10_13.jpg,/trinity/home/m.romanov/benchmarking/datasets/MIST_HER2/trainB/IHC/2M2103108_10_13.jpg
45M2101377,45M2101377_14_16,0,0,2,/trinity/home/m.romanov/benchmarking/datasets/MIST_HER2/trainA/HE/45M2101377_14_16.jpg,/trinity/home/m.romanov/benchmarking/datasets/MIST_HER2/trainB/IHC/45M2101377_14_16.jpg
76M2100485,76M2100485_31_20,0,0,2,/trinity/home/m.romanov/benchmarking/datasets/MIST_HER2/trainA/HE/76M2100485_31_20.jpg,/trinity/home/m.romanov/benchmarking/datasets/MIST_HER2/trainB/IHC/76M2100485_31_20.jpg
70M2100623,70M2100623_15_10,0,0,2,/trinity/home/m.romanov/benchmarking/datasets/MIST_HER2/trainA/HE/70M2100623_15_10.jpg,/trinity/home/m.romanov/benchmarking/datasets/MIST_HER2/trainB/IHC/70M2100623_15_10.jpg
35M2101733,35M2101733_3_13,0,0,2,/trinity/home/m.romanov/benchmarking/datasets/MIST_HER2/trainA/HE/35M2101733_3_13.jpg,/trinity/home/m.romanov/benchmarking/datasets/MIST_HER2/trainB/IHC/35M2101733_3_13.jpg
59M2100987,59M2100987_8_16,0,0,2,/trinity/home/m.romanov/benchmarking/datasets/MIST_HER2/trainA/HE/59M2100987_8_16.jpg,/trinity/home/m.romanov/benchmarking/datasets/MIST_HER2/trainB/IHC/59M2100987_8_16.jpg
23M2102136,23M2102136_21_16,0,0,2,/trinity/home/m.romanov/benchmarking/datasets/MIST_HER2/trainA/HE/23M2102136_21_16.jpg,/trinity/home/m.romanov/benchmarking/datasets/MIST_HER2/trainB/IHC/23M2102136_21_16.jpg
6M2103024,6M2103024_19_18,0,0,2,/trinity/home/m.romanov/benchmarking/datasets/MIST_HER2/trainA/HE/6M2103024_19_18.jpg,/trinity/home/m.romanov/benchmarking/datasets/MIST_HER2/trainB/IHC/6M2103024_19_18.jpg
39M2101576,39M2101576_30_5,0,0,2,/trinity/home/m.romanov/benchmarking/datasets/MIST_HER2/trainA/HE/39M2101576_30_5.jpg,/trinity/home/m.romanov/benchmarking/datasets/MIST_HER2/trainB/IHC/39M2101576_30_5.jpg
22M2102266,22M2102266_19_19,0,0,2,/trinity/home/m.romanov/benchmarking/datasets/MIST_HER2/trainA/HE/22M2102266_19_19.jpg,/trinity/home/m.romanov/benchmarking/datasets/MIST_HER2/trainB/IHC/22M2102266_19_19.jpg
100M2004069,100M2004069_5_12,0,0,2,/trinity/home/m.romanov/benchmarking/datasets/MIST_HER2/trainA/HE/100M2004069_5_12.jpg,/trinity/home/m.romanov/benchmarking/datasets/MIST_HER2/trainB/IHC/100M2004069_5_12.jpg
62M2100915,62M2100915_15_32,0,0,2,/trinity/home/m.romanov/benchmarking/datasets/MIST_HER2/trainA/HE/62M2100915_15_32.jpg,/trinity/home/m.romanov/benchmarking/datasets/MIST_HER2/trainB/IHC/62M2100915_15_32.jpg
51M2101285,51M2101285_28_12,0,0,2,/trinity/home/m.romanov/benchmarking/datasets/MIST_HER2/trainA/HE/51M2101285_28_12.jpg,/trinity/home/m.romanov/benchmarking/datasets/MIST_HER2/trainB/IHC/51M2101285_28_12.jpg
83M2100256,83M2100256_31_19,0,0,2,/trinity/home/m.romanov/benchmarking/datasets/MIST_HER2/trainA/HE/83M2100256_31_19.jpg,/trinity/home/m.romanov/benchmarking/datasets/MIST_HER2/trainB/IHC/83M2100256_31_19.jpg
92M2100150,92M2100150_12_22,0,0,2,/trinity/home/m.romanov/benchmarking/datasets/MIST_HER2/trainA/HE/92M2100150_12_22.jpg,/trinity/home/m.romanov/benchmarking/datasets/MIST_HER2/trainB/IHC/92M2100150_12_22.jpg
51M2101285,51M2101285_10_22,0,0,2,/trinity/home/m.romanov/benchmarking/datasets/MIST_HER2/trainA/HE/51M2101285_10_22.jpg,/trinity/home/m.romanov/benchmarking/datasets/MIST_HER2/trainB/IHC/51M2101285_10_22.jpg
80M2100377,80M2100377_31_23,0,0,2,/trinity/home/m.romanov/benchmarking/datasets/MIST_HER2/trainA/HE/80M2100377_31_23.jpg,/trinity/home/m.romanov/benchmarking/datasets/MIST_HER2/trainB/IHC/80M2100377_31_23.jpg
4M2103059,4M2103059_18_7,0,0,2,/trinity/home/m.romanov/benchmarking/datasets/MIST_HER2/trainA/HE/4M2103059_18_7.jpg,/trinity/home/m.romanov/benchmarking/datasets/MIST_HER2/trainB/IHC/4M2103059_18_7.jpg
67M2100642,67M2100642_9_21,0,0,2,/trinity/home/m.romanov/benchmarking/datasets/MIST_HER2/trainA/HE/67M2100642_9_21.jpg,/trinity/home/m.romanov/benchmarking/datasets/MIST_HER2/trainB/IHC/67M2100642_9_21.jpg
65M2100668,65M2100668_15_10,0,0,2,/trinity/home/m.romanov/benchmarking/datasets/MIST_HER2/trainA/HE/65M2100668_15_10.jpg,/trinity/home/m.romanov/benchmarking/datasets/MIST_HER2/trainB/IHC/65M2100668_15_10.jpg
58M2100997,58M2100997_21_21,0,0,2,/trinity/home/m.romanov/benchmarking/datasets/MIST_HER2/trainA/HE/58M2100997_21_21.jpg,/trinity/home/m.romanov/benchmarking/datasets/MIST_HER2/trainB/IHC/58M2100997_21_21.jpg
31M2101871,31M2101871_11_24,0,0,2,/trinity/home/m.romanov/benchmarking/datasets/MIST_HER2/trainA/HE/31M2101871_11_24.jpg,/trinity/home/m.romanov/benchmarking/datasets/MIST_HER2/trainB/IHC/31M2101871_11_24.jpg
56M2101083,56M2101083_36_36,0,0,2,/trinity/home/m.romanov/benchmarking/datasets/MIST_HER2/trainA/HE/56M2101083_36_36.jpg,/trinity/home/m.romanov/benchmarking/datasets/MIST_HER2/trainB/IHC/56M2101083_36_36.jpg
23M2102136,23M2102136_34_13,0,0,2,/trinity/home/m.romanov/benchmarking/datasets/MIST_HER2/trainA/HE/23M2102136_34_13.jpg,/trinity/home/m.romanov/benchmarking/datasets/MIST_HER2/trainB/IHC/23M2102136_34_13.jpg
22M2102266,22M2102266_24_19,0,0,2,/trinity/home/m.romanov/benchmarking/datasets/MIST_HER2/trainA/HE/22M2102266_24_19.jpg,/trinity/home/m.romanov/benchmarking/datasets/MIST_HER2/trainB/IHC/22M2102266_24_19.jpg
54M2101205,54M2101205_28_27,0,0,2,/trinity/home/m.romanov/benchmarking/datasets/MIST_HER2/trainA/HE/54M2101205_28_27.jpg,/trinity/home/m.romanov/benchmarking/datasets/MIST_HER2/trainB/IHC/54M2101205_28_27.jpg
65M2100668,65M2100668_8_1,0,0,2,/trinity/home/m.romanov/benchmarking/datasets/MIST_HER2/trainA/HE/65M2100668_8_1.jpg,/trinity/home/m.romanov/benchmarking/datasets/MIST_HER2/trainB/IHC/65M2100668_8_1.jpg
27M2102007,27M2102007_7_19,0,0,2,/trinity/home/m.romanov/benchmarking/datasets/MIST_HER2/trainA/HE/27M2102007_7_19.jpg,/trinity/home/m.romanov/benchmarking/datasets/MIST_HER2/trainB/IHC/27M2102007_7_19.jpg
80M2100377,80M2100377_34_23,0,0,2,/trinity/home/m.romanov/benchmarking/datasets/MIST_HER2/trainA/HE/80M2100377_34_23.jpg,/trinity/home/m.romanov/benchmarking/datasets/MIST_HER2/trainB/IHC/80M2100377_34_23.jpg
97M2100034,97M2100034_24_21,0,0,2,/trinity/home/m.romanov/benchmarking/datasets/MIST_HER2/trainA/HE/97M2100034_24_21.jpg,/trinity/home/m.romanov/benchmarking/datasets/MIST_HER2/trainB/IHC/97M2100034_24_21.jpg
80M2100377,80M2100377_33_20,0,0,2,/trinity/home/m.romanov/benchmarking/datasets/MIST_HER2/trainA/HE/80M2100377_33_20.jpg,/trinity/home/m.romanov/benchmarking/datasets/MIST_HER2/trainB/IHC/80M2100377_33_20.jpg
79M2100417,79M2100417_20_18,0,0,2,/trinity/home/m.romanov/benchmarking/datasets/MIST_HER2/trainA/HE/79M2100417_20_18.jpg,/trinity/home/m.romanov/benchmarking/datasets/MIST_HER2/trainB/IHC/79M2100417_20_18.jpg
6M2103024,6M2103024_26_25,0,0,2,/trinity/home/m.romanov/benchmarking/datasets/MIST_HER2/trainA/HE/6M2103024_26_25.jpg,/trinity/home/m.romanov/benchmarking/datasets/MIST_HER2/trainB/IHC/6M2103024_26_25.jpg
100M2004069,100M2004069_16_27,0,0,2,/trinity/home/m.romanov/benchmarking/datasets/MIST_HER2/trainA/HE/100M2004069_16_27.jpg,/trinity/home/m.romanov/benchmarking/datasets/MIST_HER2/trainB/IHC/100M2004069_16_27.jpg
99M2004082,99M2004082_8_18,0,0,2,/trinity/home/m.romanov/benchmarking/datasets/MIST_HER2/trainA/HE/99M2004082_8_18.jpg,/trinity/home/m.romanov/benchmarking/datasets/MIST_HER2/trainB/IHC/99M2004082_8_18.jpg
99M2004082,99M2004082_16_6,0,0,2,/trinity/home/m.romanov/benchmarking/datasets/MIST_HER2/trainA/HE/99M2004082_16_6.jpg,/trinity/home/m.romanov/benchmarking/datasets/MIST_HER2/trainB/IHC/99M2004082_16_6.jpg
92M2100150,92M2100150_15_19,0,0,2,/trinity/home/m.romanov/benchmarking/datasets/MIST_HER2/trainA/HE/92M2100150_15_19.jpg,/trinity/home/m.romanov/benchmarking/datasets/MIST_HER2/trainB/IHC/92M2100150_15_19.jpg
48M2101314,48M2101314_42_37,0,0,2,/trinity/home/m.romanov/benchmarking/datasets/MIST_HER2/trainA/HE/48M2101314_42_37.jpg,/trinity/home/m.romanov/benchmarking/datasets/MIST_HER2/trainB/IHC/48M2101314_42_37.jpg
52M2101275,52M2101275_16_6,0,0,2,/trinity/home/m.romanov/benchmarking/datasets/MIST_HER2/trainA/HE/52M2101275_16_6.jpg,/trinity/home/m.romanov/benchmarking/datasets/MIST_HER2/trainB/IHC/52M2101275_16_6.jpg
97M2100034,97M2100034_26_15,0,0,2,/trinity/home/m.romanov/benchmarking/datasets/MIST_HER2/trainA/HE/97M2100034_26_15.jpg,/trinity/home/m.romanov/benchmarking/datasets/MIST_HER2/trainB/IHC/97M2100034_26_15.jpg
35M2101733,35M2101733_7_13,0,0,2,/trinity/home/m.romanov/benchmarking/datasets/MIST_HER2/trainA/HE/35M2101733_7_13.jpg,/trinity/home/m.romanov/benchmarking/datasets/MIST_HER2/trainB/IHC/35M2101733_7_13.jpg
100M2004069,100M2004069_23_20,0,0,2,/trinity/home/m.romanov/benchmarking/datasets/MIST_HER2/trainA/HE/100M2004069_23_20.jpg,/trinity/home/m.romanov/benchmarking/datasets/MIST_HER2/trainB/IHC/100M2004069_23_20.jpg
89M2100212,89M2100212_17_17,0,0,2,/trinity/home/m.romanov/benchmarking/datasets/MIST_HER2/trainA/HE/89M2100212_17_17.jpg,/trinity/home/m.romanov/benchmarking/datasets/MIST_HER2/trainB/IHC/89M2100212_17_17.jpg
59M2100987,59M2100987_19_4,0,0,2,/trinity/home/m.romanov/benchmarking/datasets/MIST_HER2/trainA/HE/59M2100987_19_4.jpg,/trinity/home/m.romanov/benchmarking/datasets/MIST_HER2/trainB/IHC/59M2100987_19_4.jpg
51M2101285,51M2101285_14_20,0,0,2,/trinity/home/m.romanov/benchmarking/datasets/MIST_HER2/trainA/HE/51M2101285_14_20.jpg,/trinity/home/m.romanov/benchmarking/datasets/MIST_HER2/trainB/IHC/51M2101285_14_20.jpg
46M2101353,46M2101353_19_17,0,0,2,/trinity/home/m.romanov/benchmarking/datasets/MIST_HER2/trainA/HE/46M2101353_19_17.jpg,/trinity/home/m.romanov/benchmarking/datasets/MIST_HER2/trainB/IHC/46M2101353_19_17.jpg
92M2100150,92M2100150_27_29,0,0,2,/trinity/home/m.romanov/benchmarking/datasets/MIST_HER2/trainA/HE/92M2100150_27_29.jpg,/trinity/home/m.romanov/benchmarking/datasets/MIST_HER2/trainB/IHC/92M2100150_27_29.jpg
93M2100147,93M2100147_9_23,0,0,2,/trinity/home/m.romanov/benchmarking/datasets/MIST_HER2/trainA/HE/93M2100147_9_23.jpg,/trinity/home/m.romanov/benchmarking/datasets/MIST_HER2/trainB/IHC/93M2100147_9_23.jpg
98M2004096,98M2004096_10_4,0,0,2,/trinity/home/m.romanov/benchmarking/datasets/MIST_HER2/trainA/HE/98M2004096_10_4.jpg,/trinity/home/m.romanov/benchmarking/datasets/MIST_HER2/trainB/IHC/98M2004096_10_4.jpg
77M2100464,77M2100464_14_2,0,0,2,/trinity/home/m.romanov/benchmarking/datasets/MIST_HER2/trainA/HE/77M2100464_14_2.jpg,/trinity/home/m.romanov/benchmarking/datasets/MIST_HER2/trainB/IHC/77M2100464_14_2.jpg
93M2100147,93M2100147_15_15,0,0,2,/trinity/home/m.romanov/benchmarking/datasets/MIST_HER2/trainA/HE/93M2100147_15_15.jpg,/trinity/home/m.romanov/benchmarking/datasets/MIST_HER2/trainB/IHC/93M2100147_15_15.jpg
67M2100642,67M2100642_11_16,0,0,2,/trinity/home/m.romanov/benchmarking/datasets/MIST_HER2/trainA/HE/67M2100642_11_16.jpg,/trinity/home/m.romanov/benchmarking/datasets/MIST_HER2/trainB/IHC/67M2100642_11_16.jpg
19M2102438,19M2102438_33_26,0,0,2,/trinity/home/m.romanov/benchmarking/datasets/MIST_HER2/trainA/HE/19M2102438_33_26.jpg,/trinity/home/m.romanov/benchmarking/datasets/MIST_HER2/trainB/IHC/19M2102438_33_26.jpg
83M2100256,83M2100256_20_15,0,0,2,/trinity/home/m.romanov/benchmarking/datasets/MIST_HER2/trainA/HE/83M2100256_20_15.jpg,/trinity/home/m.romanov/benchmarking/datasets/MIST_HER2/trainB/IHC/83M2100256_20_15.jpg
74M2100526,74M2100526_17_15,0,0,2,/trinity/home/m.romanov/benchmarking/datasets/MIST_HER2/trainA/HE/74M2100526_17_15.jpg,/trinity/home/m.romanov/benchmarking/datasets/MIST_HER2/trainB/IHC/74M2100526_17_15.jpg
100M2004069,100M2004069_30_15,0,0,2,/trinity/home/m.romanov/benchmarking/datasets/MIST_HER2/trainA/HE/100M2004069_30_15.jpg,/trinity/home/m.romanov/benchmarking/datasets/MIST_HER2/trainB/IHC/100M2004069_30_15.jpg
97M2100034,97M2100034_29_18,0,0,2,/trinity/home/m.romanov/benchmarking/datasets/MIST_HER2/trainA/HE/97M2100034_29_18.jpg,/trinity/home/m.romanov/benchmarking/datasets/MIST_HER2/trainB/IHC/97M2100034_29_18.jpg
94M2100142,94M2100142_21_16,0,0,2,/trinity/home/m.romanov/benchmarking/datasets/MIST_HER2/trainA/HE/94M2100142_21_16.jpg,/trinity/home/m.romanov/benchmarking/datasets/MIST_HER2/trainB/IHC/94M2100142_21_16.jpg
67M2100642,67M2100642_17_11,0,0,2,/trinity/home/m.romanov/benchmarking/datasets/MIST_HER2/trainA/HE/67M2100642_17_11.jpg,/trinity/home/m.romanov/benchmarking/datasets/MIST_HER2/trainB/IHC/67M2100642_17_11.jpg
75M2100521,75M2100521_19_12,0,0,2,/trinity/home/m.romanov/benchmarking/datasets/MIST_HER2/trainA/HE/75M2100521_19_12.jpg,/trinity/home/m.romanov/benchmarking/datasets/MIST_HER2/trainB/IHC/75M2100521_19_12.jpg
70M2100623,70M2100623_14_10,0,0,2,/trinity/home/m.romanov/benchmarking/datasets/MIST_HER2/trainA/HE/70M2100623_14_10.jpg,/trinity/home/m.romanov/benchmarking/datasets/MIST_HER2/trainB/IHC/70M2100623_14_10.jpg
79M2100417,79M2100417_20_11,0,0,2,/trinity/home/m.romanov/benchmarking/datasets/MIST_HER2/trainA/HE/79M2100417_20_11.jpg,/trinity/home/m.romanov/benchmarking/datasets/MIST_HER2/trainB/IHC/79M2100417_20_11.jpg
74M2100526,74M2100526_26_27,0,0,2,/trinity/home/m.romanov/benchmarking/datasets/MIST_HER2/trainA/HE/74M2100526_26_27.jpg,/trinity/home/m.romanov/benchmarking/datasets/MIST_HER2/trainB/IHC/74M2100526_26_27.jpg
58M2100997,58M2100997_26_11,0,0,2,/trinity/home/m.romanov/benchmarking/datasets/MIST_HER2/trainA/HE/58M2100997_26_11.jpg,/trinity/home/m.romanov/benchmarking/datasets/MIST_HER2/trainB/IHC/58M2100997_26_11.jpg
14M2102785,14M2102785_17_9,0,0,2,/trinity/home/m.romanov/benchmarking/datasets/MIST_HER2/trainA/HE/14M2102785_17_9.jpg,/trinity/home/m.romanov/benchmarking/datasets/MIST_HER2/trainB/IHC/14M2102785_17_9.jpg
83M2100256,83M2100256_24_19,0,0,2,/trinity/home/m.romanov/benchmarking/datasets/MIST_HER2/trainA/HE/83M2100256_24_19.jpg,/trinity/home/m.romanov/benchmarking/datasets/MIST_HER2/trainB/IHC/83M2100256_24_19.jpg
50M2101298,50M2101298_7_13,0,0,2,/trinity/home/m.romanov/benchmarking/datasets/MIST_HER2/trainA/HE/50M2101298_7_13.jpg,/trinity/home/m.romanov/benchmarking/datasets/MIST_HER2/trainB/IHC/50M2101298_7_13.jpg
67M2100642,67M2100642_22_28,0,0,2,/trinity/home/m.romanov/benchmarking/datasets/MIST_HER2/trainA/HE/67M2100642_22_28.jpg,/trinity/home/m.romanov/benchmarking/datasets/MIST_HER2/trainB/IHC/67M2100642_22_28.jpg
92M2100150,92M2100150_25_21,0,0,2,/trinity/home/m.romanov/benchmarking/datasets/MIST_HER2/trainA/HE/92M2100150_25_21.jpg,/trinity/home/m.romanov/benchmarking/datasets/MIST_HER2/trainB/IHC/92M2100150_25_21.jpg
2M2103108,2M2103108_7_16,0,0,2,/trinity/home/m.romanov/benchmarking/datasets/MIST_HER2/trainA/HE/2M2103108_7_16.jpg,/trinity/home/m.romanov/benchmarking/datasets/MIST_HER2/trainB/IHC/2M2103108_7_16.jpg
57M2101034,57M2101034_11_10,0,0,2,/trinity/home/m.romanov/benchmarking/datasets/MIST_HER2/trainA/HE/57M2101034_11_10.jpg,/trinity/home/m.romanov/benchmarking/datasets/MIST_HER2/trainB/IHC/57M2101034_11_10.jpg
44M2101492,44M2101492_33_9,0,0,2,/trinity/home/m.romanov/benchmarking/datasets/MIST_HER2/trainA/HE/44M2101492_33_9.jpg,/trinity/home/m.romanov/benchmarking/datasets/MIST_HER2/trainB/IHC/44M2101492_33_9.jpg
57M2101034,57M2101034_20_13,0,0,2,/trinity/home/m.romanov/benchmarking/datasets/MIST_HER2/trainA/HE/57M2101034_20_13.jpg,/trinity/home/m.romanov/benchmarking/datasets/MIST_HER2/trainB/IHC/57M2101034_20_13.jpg
100M2004069,100M2004069_23_13,0,0,2,/trinity/home/m.romanov/benchmarking/datasets/MIST_HER2/trainA/HE/100M2004069_23_13.jpg,/trinity/home/m.romanov/benchmarking/datasets/MIST_HER2/trainB/IHC/100M2004069_23_13.jpg
74M2100526,74M2100526_32_20,0,0,2,/trinity/home/m.romanov/benchmarking/datasets/MIST_HER2/trainA/HE/74M2100526_32_20.jpg,/trinity/home/m.romanov/benchmarking/datasets/MIST_HER2/trainB/IHC/74M2100526_32_20.jpg
47M2101316,47M2101316_13_23,0,0,2,/trinity/home/m.romanov/benchmarking/datasets/MIST_HER2/trainA/HE/47M2101316_13_23.jpg,/trinity/home/m.romanov/benchmarking/datasets/MIST_HER2/trainB/IHC/47M2101316_13_23.jpg
67M2100642,67M2100642_25_8,0,0,2,/trinity/home/m.romanov/benchmarking/datasets/MIST_HER2/trainA/HE/67M2100642_25_8.jpg,/trinity/home/m.romanov/benchmarking/datasets/MIST_HER2/trainB/IHC/67M2100642_25_8.jpg
28M2101987,28M2101987_38_10,0,0,2,/trinity/home/m.romanov/benchmarking/datasets/MIST_HER2/trainA/HE/28M2101987_38_10.jpg,/trinity/home/m.romanov/benchmarking/datasets/MIST_HER2/trainB/IHC/28M2101987_38_10.jpg
25M2102060,25M2102060_5_19,0,0,2,/trinity/home/m.romanov/benchmarking/datasets/MIST_HER2/trainA/HE/25M2102060_5_19.jpg,/trinity/home/m.romanov/benchmarking/datasets/MIST_HER2/trainB/IHC/25M2102060_5_19.jpg
25M2102060,25M2102060_11_18,0,0,2,/trinity/home/m.romanov/benchmarking/datasets/MIST_HER2/trainA/HE/25M2102060_11_18.jpg,/trinity/home/m.romanov/benchmarking/datasets/MIST_HER2/trainB/IHC/25M2102060_11_18.jpg
33M2101839,33M2101839_4_3,0,0,2,/trinity/home/m.romanov/benchmarking/datasets/MIST_HER2/trainA/HE/33M2101839_4_3.jpg,/trinity/home/m.romanov/benchmarking/datasets/MIST_HER2/trainB/IHC/33M2101839_4_3.jpg
76M2100485,76M2100485_23_23,0,0,2,/trinity/home/m.romanov/benchmarking/datasets/MIST_HER2/trainA/HE/76M2100485_23_23.jpg,/trinity/home/m.romanov/benchmarking/datasets/MIST_HER2/trainB/IHC/76M2100485_23_23.jpg
4M2103059,4M2103059_22_4,0,0,2,/trinity/home/m.romanov/benchmarking/datasets/MIST_HER2/trainA/HE/4M2103059_22_4.jpg,/trinity/home/m.romanov/benchmarking/datasets/MIST_HER2/trainB/IHC/4M2103059_22_4.jpg
6M2103024,6M2103024_18_6,0,0,2,/trinity/home/m.romanov/benchmarking/datasets/MIST_HER2/trainA/HE/6M2103024_18_6.jpg,/trinity/home/m.romanov/benchmarking/datasets/MIST_HER2/trainB/IHC/6M2103024_18_6.jpg
62M2100915,62M2100915_22_28,0,0,2,/trinity/home/m.romanov/benchmarking/datasets/MIST_HER2/trainA/HE/62M2100915_22_28.jpg,/trinity/home/m.romanov/benchmarking/datasets/MIST_HER2/trainB/IHC/62M2100915_22_28.jpg
93M2100147,93M2100147_12_32,0,0,2,/trinity/home/m.romanov/benchmarking/datasets/MIST_HER2/trainA/HE/93M2100147_12_32.jpg,/trinity/home/m.romanov/benchmarking/datasets/MIST_HER2/trainB/IHC/93M2100147_12_32.jpg
80M2100377,80M2100377_24_21,0,0,2,/trinity/home/m.romanov/benchmarking/datasets/MIST_HER2/trainA/HE/80M2100377_24_21.jpg,/trinity/home/m.romanov/benchmarking/datasets/MIST_HER2/trainB/IHC/80M2100377_24_21.jpg
88M2100218,88M2100218_25_24,0,0,2,/trinity/home/m.romanov/benchmarking/datasets/MIST_HER2/trainA/HE/88M2100218_25_24.jpg,/trinity/home/m.romanov/benchmarking/datasets/MIST_HER2/trainB/IHC/88M2100218_25_24.jpg
10M2102916,10M2102916_27_7,0,0,2,/trinity/home/m.romanov/benchmarking/datasets/MIST_HER2/trainA/HE/10M2102916_27_7.jpg,/trinity/home/m.romanov/benchmarking/datasets/MIST_HER2/trainB/IHC/10M2102916_27_7.jpg
39M2101576,39M2101576_31_18,0,0,2,/trinity/home/m.romanov/benchmarking/datasets/MIST_HER2/trainA/HE/39M2101576_31_18.jpg,/trinity/home/m.romanov/benchmarking/datasets/MIST_HER2/trainB/IHC/39M2101576_31_18.jpg
30M2101953,30M2101953_16_9,0,0,2,/trinity/home/m.romanov/benchmarking/datasets/MIST_HER2/trainA/HE/30M2101953_16_9.jpg,/trinity/home/m.romanov/benchmarking/datasets/MIST_HER2/trainB/IHC/30M2101953_16_9.jpg
39M2101576,39M2101576_9_29,0,0,2,/trinity/home/m.romanov/benchmarking/datasets/MIST_HER2/trainA/HE/39M2101576_9_29.jpg,/trinity/home/m.romanov/benchmarking/datasets/MIST_HER2/trainB/IHC/39M2101576_9_29.jpg
35M2101733,35M2101733_4_14,0,0,2,/trinity/home/m.romanov/benchmarking/datasets/MIST_HER2/trainA/HE/35M2101733_4_14.jpg,/trinity/home/m.romanov/benchmarking/datasets/MIST_HER2/trainB/IHC/35M2101733_4_14.jpg
23M2102136,23M2102136_29_16,0,0,2,/trinity/home/m.romanov/benchmarking/datasets/MIST_HER2/trainA/HE/23M2102136_29_16.jpg,/trinity/home/m.romanov/benchmarking/datasets/MIST_HER2/trainB/IHC/23M2102136_29_16.jpg
77M2100464,77M2100464_15_8,0,0,2,/trinity/home/m.romanov/benchmarking/datasets/MIST_HER2/trainA/HE/77M2100464_15_8.jpg,/trinity/home/m.romanov/benchmarking/datasets/MIST_HER2/trainB/IHC/77M2100464_15_8.jpg
100M2004069,100M2004069_22_18,0,0,2,/trinity/home/m.romanov/benchmarking/datasets/MIST_HER2/trainA/HE/100M2004069_22_18.jpg,/trinity/home/m.romanov/benchmarking/datasets/MIST_HER2/trainB/IHC/100M2004069_22_18.jpg
56M2101083,56M2101083_20_23,0,0,2,/trinity/home/m.romanov/benchmarking/datasets/MIST_HER2/trainA/HE/56M2101083_20_23.jpg,/trinity/home/m.romanov/benchmarking/datasets/MIST_HER2/trainB/IHC/56M2101083_20_23.jpg
51M2101285,51M2101285_29_17,0,0,2,/trinity/home/m.romanov/benchmarking/datasets/MIST_HER2/trainA/HE/51M2101285_29_17.jpg,/trinity/home/m.romanov/benchmarking/datasets/MIST_HER2/trainB/IHC/51M2101285_29_17.jpg
56M2101083,56M2101083_29_25,0,0,2,/trinity/home/m.romanov/benchmarking/datasets/MIST_HER2/trainA/HE/56M2101083_29_25.jpg,/trinity/home/m.romanov/benchmarking/datasets/MIST_HER2/trainB/IHC/56M2101083_29_25.jpg
48M2101314,48M2101314_23_5,0,0,2,/trinity/home/m.romanov/benchmarking/datasets/MIST_HER2/trainA/HE/48M2101314_23_5.jpg,/trinity/home/m.romanov/benchmarking/datasets/MIST_HER2/trainB/IHC/48M2101314_23_5.jpg
16M2102718,16M2102718_17_15,0,0,2,/trinity/home/m.romanov/benchmarking/datasets/MIST_HER2/trainA/HE/16M2102718_17_15.jpg,/trinity/home/m.romanov/benchmarking/datasets/MIST_HER2/trainB/IHC/16M2102718_17_15.jpg
14M2102785,14M2102785_23_14,0,0,2,/trinity/home/m.romanov/benchmarking/datasets/MIST_HER2/trainA/HE/14M2102785_23_14.jpg,/trinity/home/m.romanov/benchmarking/datasets/MIST_HER2/trainB/IHC/14M2102785_23_14.jpg
28M2101987,28M2101987_40_11,0,0,2,/trinity/home/m.romanov/benchmarking/datasets/MIST_HER2/trainA/HE/28M2101987_40_11.jpg,/trinity/home/m.romanov/benchmarking/datasets/MIST_HER2/trainB/IHC/28M2101987_40_11.jpg
25M2102060,25M2102060_9_24,0,0,2,/trinity/home/m.romanov/benchmarking/datasets/MIST_HER2/trainA/HE/25M2102060_9_24.jpg,/trinity/home/m.romanov/benchmarking/datasets/MIST_HER2/trainB/IHC/25M2102060_9_24.jpg
15M2102762,15M2102762_28_10,0,0,2,/trinity/home/m.romanov/benchmarking/datasets/MIST_HER2/trainA/HE/15M2102762_28_10.jpg,/trinity/home/m.romanov/benchmarking/datasets/MIST_HER2/trainB/IHC/15M2102762_28_10.jpg
67M2100642,67M2100642_25_17,0,0,2,/trinity/home/m.romanov/benchmarking/datasets/MIST_HER2/trainA/HE/67M2100642_25_17.jpg,/trinity/home/m.romanov/benchmarking/datasets/MIST_HER2/trainB/IHC/67M2100642_25_17.jpg
23M2102136,23M2102136_17_5,0,0,2,/trinity/home/m.romanov/benchmarking/datasets/MIST_HER2/trainA/HE/23M2102136_17_5.jpg,/trinity/home/m.romanov/benchmarking/datasets/MIST_HER2/trainB/IHC/23M2102136_17_5.jpg
94M2100142,94M2100142_14_20,0,0,2,/trinity/home/m.romanov/benchmarking/datasets/MIST_HER2/trainA/HE/94M2100142_14_20.jpg,/trinity/home/m.romanov/benchmarking/datasets/MIST_HER2/trainB/IHC/94M2100142_14_20.jpg
99M2004082,99M2004082_26_13,0,0,2,/trinity/home/m.romanov/benchmarking/datasets/MIST_HER2/trainA/HE/99M2004082_26_13.jpg,/trinity/home/m.romanov/benchmarking/datasets/MIST_HER2/trainB/IHC/99M2004082_26_13.jpg
48M2101314,48M2101314_19_22,0,0,2,/trinity/home/m.romanov/benchmarking/datasets/MIST_HER2/trainA/HE/48M2101314_19_22.jpg,/trinity/home/m.romanov/benchmarking/datasets/MIST_HER2/trainB/IHC/48M2101314_19_22.jpg
53M2101258,53M2101258_9_32,0,0,2,/trinity/home/m.romanov/benchmarking/datasets/MIST_HER2/trainA/HE/53M2101258_9_32.jpg,/trinity/home/m.romanov/benchmarking/datasets/MIST_HER2/trainB/IHC/53M2101258_9_32.jpg
62M2100915,62M2100915_25_24,0,0,2,/trinity/home/m.romanov/benchmarking/datasets/MIST_HER2/trainA/HE/62M2100915_25_24.jpg,/trinity/home/m.romanov/benchmarking/datasets/MIST_HER2/trainB/IHC/62M2100915_25_24.jpg
22M2102266,22M2102266_22_18,0,0,2,/trinity/home/m.romanov/benchmarking/datasets/MIST_HER2/trainA/HE/22M2102266_22_18.jpg,/trinity/home/m.romanov/benchmarking/datasets/MIST_HER2/trainB/IHC/22M2102266_22_18.jpg
22M2102266,22M2102266_23_23,0,0,2,/trinity/home/m.romanov/benchmarking/datasets/MIST_HER2/trainA/HE/22M2102266_23_23.jpg,/trinity/home/m.romanov/benchmarking/datasets/MIST_HER2/trainB/IHC/22M2102266_23_23.jpg
60M2100980,60M2100980_9_12,0,0,2,/trinity/home/m.romanov/benchmarking/datasets/MIST_HER2/trainA/HE/60M2100980_9_12.jpg,/trinity/home/m.romanov/benchmarking/datasets/MIST_HER2/trainB/IHC/60M2100980_9_12.jpg
54M2101205,54M2101205_12_24,0,0,2,/trinity/home/m.romanov/benchmarking/datasets/MIST_HER2/trainA/HE/54M2101205_12_24.jpg,/trinity/home/m.romanov/benchmarking/datasets/MIST_HER2/trainB/IHC/54M2101205_12_24.jpg
97M2100034,97M2100034_23_17,0,0,2,/trinity/home/m.romanov/benchmarking/datasets/MIST_HER2/trainA/HE/97M2100034_23_17.jpg,/trinity/home/m.romanov/benchmarking/datasets/MIST_HER2/trainB/IHC/97M2100034_23_17.jpg
68M2100640,68M2100640_9_16,0,0,2,/trinity/home/m.romanov/benchmarking/datasets/MIST_HER2/trainA/HE/68M2100640_9_16.jpg,/trinity/home/m.romanov/benchmarking/datasets/MIST_HER2/trainB/IHC/68M2100640_9_16.jpg
46M2101353,46M2101353_28_7,0,0,2,/trinity/home/m.romanov/benchmarking/datasets/MIST_HER2/trainA/HE/46M2101353_28_7.jpg,/trinity/home/m.romanov/benchmarking/datasets/MIST_HER2/trainB/IHC/46M2101353_28_7.jpg
99M2004082,99M2004082_34_8,0,0,2,/trinity/home/m.romanov/benchmarking/datasets/MIST_HER2/trainA/HE/99M2004082_34_8.jpg,/trinity/home/m.romanov/benchmarking/datasets/MIST_HER2/trainB/IHC/99M2004082_34_8.jpg
46M2101353,46M2101353_15_26,0,0,2,/trinity/home/m.romanov/benchmarking/datasets/MIST_HER2/trainA/HE/46M2101353_15_26.jpg,/trinity/home/m.romanov/benchmarking/datasets/MIST_HER2/trainB/IHC/46M2101353_15_26.jpg
81M2100356,81M2100356_25_31,0,0,2,/trinity/home/m.romanov/benchmarking/datasets/MIST_HER2/trainA/HE/81M2100356_25_31.jpg,/trinity/home/m.romanov/benchmarking/datasets/MIST_HER2/trainB/IHC/81M2100356_25_31.jpg
14M2102785,14M2102785_24_11,0,0,2,/trinity/home/m.romanov/benchmarking/datasets/MIST_HER2/trainA/HE/14M2102785_24_11.jpg,/trinity/home/m.romanov/benchmarking/datasets/MIST_HER2/trainB/IHC/14M2102785_24_11.jpg
4M2103059,4M2103059_23_10,0,0,2,/trinity/home/m.romanov/benchmarking/datasets/MIST_HER2/trainA/HE/4M2103059_23_10.jpg,/trinity/home/m.romanov/benchmarking/datasets/MIST_HER2/trainB/IHC/4M2103059_23_10.jpg
76M2100485,76M2100485_38_19,0,0,2,/trinity/home/m.romanov/benchmarking/datasets/MIST_HER2/trainA/HE/76M2100485_38_19.jpg,/trinity/home/m.romanov/benchmarking/datasets/MIST_HER2/trainB/IHC/76M2100485_38_19.jpg
22M2102266,22M2102266_17_20,0,0,2,/trinity/home/m.romanov/benchmarking/datasets/MIST_HER2/trainA/HE/22M2102266_17_20.jpg,/trinity/home/m.romanov/benchmarking/datasets/MIST_HER2/trainB/IHC/22M2102266_17_20.jpg
56M2101083,56M2101083_34_23,0,0,2,/trinity/home/m.romanov/benchmarking/datasets/MIST_HER2/trainA/HE/56M2101083_34_23.jpg,/trinity/home/m.romanov/benchmarking/datasets/MIST_HER2/trainB/IHC/56M2101083_34_23.jpg
53M2101258,53M2101258_8_6,0,0,2,/trinity/home/m.romanov/benchmarking/datasets/MIST_HER2/trainA/HE/53M2101258_8_6.jpg,/trinity/home/m.romanov/benchmarking/datasets/MIST_HER2/trainB/IHC/53M2101258_8_6.jpg
59M2100987,59M2100987_16_17,0,0,2,/trinity/home/m.romanov/benchmarking/datasets/MIST_HER2/trainA/HE/59M2100987_16_17.jpg,/trinity/home/m.romanov/benchmarking/datasets/MIST_HER2/trainB/IHC/59M2100987_16_17.jpg
54M2101205,54M2101205_11_8,0,0,2,/trinity/home/m.romanov/benchmarking/datasets/MIST_HER2/trainA/HE/54M2101205_11_8.jpg,/trinity/home/m.romanov/benchmarking/datasets/MIST_HER2/trainB/IHC/54M2101205_11_8.jpg
58M2100997,58M2100997_17_20,0,0,2,/trinity/home/m.romanov/benchmarking/datasets/MIST_HER2/trainA/HE/58M2100997_17_20.jpg,/trinity/home/m.romanov/benchmarking/datasets/MIST_HER2/trainB/IHC/58M2100997_17_20.jpg
45M2101377,45M2101377_23_7,0,0,2,/trinity/home/m.romanov/benchmarking/datasets/MIST_HER2/trainA/HE/45M2101377_23_7.jpg,/trinity/home/m.romanov/benchmarking/datasets/MIST_HER2/trainB/IHC/45M2101377_23_7.jpg
28M2101987,28M2101987_40_10,0,0,2,/trinity/home/m.romanov/benchmarking/datasets/MIST_HER2/trainA/HE/28M2101987_40_10.jpg,/trinity/home/m.romanov/benchmarking/datasets/MIST_HER2/trainB/IHC/28M2101987_40_10.jpg
94M2100142,94M2100142_31_14,0,0,2,/trinity/home/m.romanov/benchmarking/datasets/MIST_HER2/trainA/HE/94M2100142_31_14.jpg,/trinity/home/m.romanov/benchmarking/datasets/MIST_HER2/trainB/IHC/94M2100142_31_14.jpg
39M2101576,39M2101576_23_6,0,0,2,/trinity/home/m.romanov/benchmarking/datasets/MIST_HER2/trainA/HE/39M2101576_23_6.jpg,/trinity/home/m.romanov/benchmarking/datasets/MIST_HER2/trainB/IHC/39M2101576_23_6.jpg
60M2100980,60M2100980_22_13,0,0,2,/trinity/home/m.romanov/benchmarking/datasets/MIST_HER2/trainA/HE/60M2100980_22_13.jpg,/trinity/home/m.romanov/benchmarking/datasets/MIST_HER2/trainB/IHC/60M2100980_22_13.jpg
75M2100521,75M2100521_21_17,0,0,2,/trinity/home/m.romanov/benchmarking/datasets/MIST_HER2/trainA/HE/75M2100521_21_17.jpg,/trinity/home/m.romanov/benchmarking/datasets/MIST_HER2/trainB/IHC/75M2100521_21_17.jpg
23M2102136,23M2102136_31_7,0,0,2,/trinity/home/m.romanov/benchmarking/datasets/MIST_HER2/trainA/HE/23M2102136_31_7.jpg,/trinity/home/m.romanov/benchmarking/datasets/MIST_HER2/trainB/IHC/23M2102136_31_7.jpg
83M2100256,83M2100256_27_4,0,0,2,/trinity/home/m.romanov/benchmarking/datasets/MIST_HER2/trainA/HE/83M2100256_27_4.jpg,/trinity/home/m.romanov/benchmarking/datasets/MIST_HER2/trainB/IHC/83M2100256_27_4.jpg
16M2102718,16M2102718_22_29,0,0,2,/trinity/home/m.romanov/benchmarking/datasets/MIST_HER2/trainA/HE/16M2102718_22_29.jpg,/trinity/home/m.romanov/benchmarking/datasets/MIST_HER2/trainB/IHC/16M2102718_22_29.jpg
53M2101258,53M2101258_30_18,0,0,2,/trinity/home/m.romanov/benchmarking/datasets/MIST_HER2/trainA/HE/53M2101258_30_18.jpg,/trinity/home/m.romanov/benchmarking/datasets/MIST_HER2/trainB/IHC/53M2101258_30_18.jpg
91M2100173,91M2100173_8_15,0,0,2,/trinity/home/m.romanov/benchmarking/datasets/MIST_HER2/trainA/HE/91M2100173_8_15.jpg,/trinity/home/m.romanov/benchmarking/datasets/MIST_HER2/trainB/IHC/91M2100173_8_15.jpg
76M2100485,76M2100485_18_14,0,0,2,/trinity/home/m.romanov/benchmarking/datasets/MIST_HER2/trainA/HE/76M2100485_18_14.jpg,/trinity/home/m.romanov/benchmarking/datasets/MIST_HER2/trainB/IHC/76M2100485_18_14.jpg
91M2100173,91M2100173_20_17,0,0,2,/trinity/home/m.romanov/benchmarking/datasets/MIST_HER2/trainA/HE/91M2100173_20_17.jpg,/trinity/home/m.romanov/benchmarking/datasets/MIST_HER2/trainB/IHC/91M2100173_20_17.jpg
10M2102916,10M2102916_13_19,0,0,2,/trinity/home/m.romanov/benchmarking/datasets/MIST_HER2/trainA/HE/10M2102916_13_19.jpg,/trinity/home/m.romanov/benchmarking/datasets/MIST_HER2/trainB/IHC/10M2102916_13_19.jpg
80M2100377,80M2100377_16_8,0,0,2,/trinity/home/m.romanov/benchmarking/datasets/MIST_HER2/trainA/HE/80M2100377_16_8.jpg,/trinity/home/m.romanov/benchmarking/datasets/MIST_HER2/trainB/IHC/80M2100377_16_8.jpg
30M2101953,30M2101953_11_13,0,0,2,/trinity/home/m.romanov/benchmarking/datasets/MIST_HER2/trainA/HE/30M2101953_11_13.jpg,/trinity/home/m.romanov/benchmarking/datasets/MIST_HER2/trainB/IHC/30M2101953_11_13.jpg
23M2102136,23M2102136_27_21,0,0,2,/trinity/home/m.romanov/benchmarking/datasets/MIST_HER2/trainA/HE/23M2102136_27_21.jpg,/trinity/home/m.romanov/benchmarking/datasets/MIST_HER2/trainB/IHC/23M2102136_27_21.jpg
68M2100640,68M2100640_24_11,0,0,2,/trinity/home/m.romanov/benchmarking/datasets/MIST_HER2/trainA/HE/68M2100640_24_11.jpg,/trinity/home/m.romanov/benchmarking/datasets/MIST_HER2/trainB/IHC/68M2100640_24_11.jpg
53M2101258,53M2101258_10_25,0,0,2,/trinity/home/m.romanov/benchmarking/datasets/MIST_HER2/trainA/HE/53M2101258_10_25.jpg,/trinity/home/m.romanov/benchmarking/datasets/MIST_HER2/trainB/IHC/53M2101258_10_25.jpg
15M2102762,15M2102762_17_19,0,0,2,/trinity/home/m.romanov/benchmarking/datasets/MIST_HER2/trainA/HE/15M2102762_17_19.jpg,/trinity/home/m.romanov/benchmarking/datasets/MIST_HER2/trainB/IHC/15M2102762_17_19.jpg
23M2102136,23M2102136_26_11,0,0,2,/trinity/home/m.romanov/benchmarking/datasets/MIST_HER2/trainA/HE/23M2102136_26_11.jpg,/trinity/home/m.romanov/benchmarking/datasets/MIST_HER2/trainB/IHC/23M2102136_26_11.jpg
44M2101492,44M2101492_9_14,0,0,2,/trinity/home/m.romanov/benchmarking/datasets/MIST_HER2/trainA/HE/44M2101492_9_14.jpg,/trinity/home/m.romanov/benchmarking/datasets/MIST_HER2/trainB/IHC/44M2101492_9_14.jpg
16M2102718,16M2102718_21_9,0,0,2,/trinity/home/m.romanov/benchmarking/datasets/MIST_HER2/trainA/HE/16M2102718_21_9.jpg,/trinity/home/m.romanov/benchmarking/datasets/MIST_HER2/trainB/IHC/16M2102718_21_9.jpg
68M2100640,68M2100640_29_26,0,0,2,/trinity/home/m.romanov/benchmarking/datasets/MIST_HER2/trainA/HE/68M2100640_29_26.jpg,/trinity/home/m.romanov/benchmarking/datasets/MIST_HER2/trainB/IHC/68M2100640_29_26.jpg
47M2101316,47M2101316_21_9,0,0,2,/trinity/home/m.romanov/benchmarking/datasets/MIST_HER2/trainA/HE/47M2101316_21_9.jpg,/trinity/home/m.romanov/benchmarking/datasets/MIST_HER2/trainB/IHC/47M2101316_21_9.jpg
54M2101205,54M2101205_12_8,0,0,2,/trinity/home/m.romanov/benchmarking/datasets/MIST_HER2/trainA/HE/54M2101205_12_8.jpg,/trinity/home/m.romanov/benchmarking/datasets/MIST_HER2/trainB/IHC/54M2101205_12_8.jpg
83M2100256,83M2100256_16_21,0,0,2,/trinity/home/m.romanov/benchmarking/datasets/MIST_HER2/trainA/HE/83M2100256_16_21.jpg,/trinity/home/m.romanov/benchmarking/datasets/MIST_HER2/trainB/IHC/83M2100256_16_21.jpg
80M2100377,80M2100377_17_33,0,0,2,/trinity/home/m.romanov/benchmarking/datasets/MIST_HER2/trainA/HE/80M2100377_17_33.jpg,/trinity/home/m.romanov/benchmarking/datasets/MIST_HER2/trainB/IHC/80M2100377_17_33.jpg
46M2101353,46M2101353_18_8,0,0,2,/trinity/home/m.romanov/benchmarking/datasets/MIST_HER2/trainA/HE/46M2101353_18_8.jpg,/trinity/home/m.romanov/benchmarking/datasets/MIST_HER2/trainB/IHC/46M2101353_18_8.jpg
65M2100668,65M2100668_14_7,0,0,2,/trinity/home/m.romanov/benchmarking/datasets/MIST_HER2/trainA/HE/65M2100668_14_7.jpg,/trinity/home/m.romanov/benchmarking/datasets/MIST_HER2/trainB/IHC/65M2100668_14_7.jpg
4M2103059,4M2103059_28_15,0,0,2,/trinity/home/m.romanov/benchmarking/datasets/MIST_HER2/trainA/HE/4M2103059_28_15.jpg,/trinity/home/m.romanov/benchmarking/datasets/MIST_HER2/trainB/IHC/4M2103059_28_15.jpg
77M2100464,77M2100464_22_11,0,0,2,/trinity/home/m.romanov/benchmarking/datasets/MIST_HER2/trainA/HE/77M2100464_22_11.jpg,/trinity/home/m.romanov/benchmarking/datasets/MIST_HER2/trainB/IHC/77M2100464_22_11.jpg
68M2100640,68M2100640_5_20,0,0,2,/trinity/home/m.romanov/benchmarking/datasets/MIST_HER2/trainA/HE/68M2100640_5_20.jpg,/trinity/home/m.romanov/benchmarking/datasets/MIST_HER2/trainB/IHC/68M2100640_5_20.jpg
28M2101987,28M2101987_18_17,0,0,2,/trinity/home/m.romanov/benchmarking/datasets/MIST_HER2/trainA/HE/28M2101987_18_17.jpg,/trinity/home/m.romanov/benchmarking/datasets/MIST_HER2/trainB/IHC/28M2101987_18_17.jpg
31M2101871,31M2101871_5_18,0,0,2,/trinity/home/m.romanov/benchmarking/datasets/MIST_HER2/trainA/HE/31M2101871_5_18.jpg,/trinity/home/m.romanov/benchmarking/datasets/MIST_HER2/trainB/IHC/31M2101871_5_18.jpg
81M2100356,81M2100356_22_27,0,0,2,/trinity/home/m.romanov/benchmarking/datasets/MIST_HER2/trainA/HE/81M2100356_22_27.jpg,/trinity/home/m.romanov/benchmarking/datasets/MIST_HER2/trainB/IHC/81M2100356_22_27.jpg
31M2101871,31M2101871_32_5,0,0,2,/trinity/home/m.romanov/benchmarking/datasets/MIST_HER2/trainA/HE/31M2101871_32_5.jpg,/trinity/home/m.romanov/benchmarking/datasets/MIST_HER2/trainB/IHC/31M2101871_32_5.jpg
14M2102785,14M2102785_21_10,0,0,2,/trinity/home/m.romanov/benchmarking/datasets/MIST_HER2/trainA/HE/14M2102785_21_10.jpg,/trinity/home/m.romanov/benchmarking/datasets/MIST_HER2/trainB/IHC/14M2102785_21_10.jpg
40M2101566,40M2101566_39_25,0,0,2,/trinity/home/m.romanov/benchmarking/datasets/MIST_HER2/trainA/HE/40M2101566_39_25.jpg,/trinity/home/m.romanov/benchmarking/datasets/MIST_HER2/trainB/IHC/40M2101566_39_25.jpg
47M2101316,47M2101316_15_15,0,0,2,/trinity/home/m.romanov/benchmarking/datasets/MIST_HER2/trainA/HE/47M2101316_15_15.jpg,/trinity/home/m.romanov/benchmarking/datasets/MIST_HER2/trainB/IHC/47M2101316_15_15.jpg
39M2101576,39M2101576_8_19,0,0,2,/trinity/home/m.romanov/benchmarking/datasets/MIST_HER2/trainA/HE/39M2101576_8_19.jpg,/trinity/home/m.romanov/benchmarking/datasets/MIST_HER2/trainB/IHC/39M2101576_8_19.jpg
70M2100623,70M2100623_31_8,0,0,2,/trinity/home/m.romanov/benchmarking/datasets/MIST_HER2/trainA/HE/70M2100623_31_8.jpg,/trinity/home/m.romanov/benchmarking/datasets/MIST_HER2/trainB/IHC/70M2100623_31_8.jpg
46M2101353,46M2101353_17_25,0,0,2,/trinity/home/m.romanov/benchmarking/datasets/MIST_HER2/trainA/HE/46M2101353_17_25.jpg,/trinity/home/m.romanov/benchmarking/datasets/MIST_HER2/trainB/IHC/46M2101353_17_25.jpg
58M2100997,58M2100997_18_6,0,0,2,/trinity/home/m.romanov/benchmarking/datasets/MIST_HER2/trainA/HE/58M2100997_18_6.jpg,/trinity/home/m.romanov/benchmarking/datasets/MIST_HER2/trainB/IHC/58M2100997_18_6.jpg
45M2101377,45M2101377_24_8,0,0,2,/trinity/home/m.romanov/benchmarking/datasets/MIST_HER2/trainA/HE/45M2101377_24_8.jpg,/trinity/home/m.romanov/benchmarking/datasets/MIST_HER2/trainB/IHC/45M2101377_24_8.jpg
77M2100464,77M2100464_17_18,0,0,2,/trinity/home/m.romanov/benchmarking/datasets/MIST_HER2/trainA/HE/77M2100464_17_18.jpg,/trinity/home/m.romanov/benchmarking/datasets/MIST_HER2/trainB/IHC/77M2100464_17_18.jpg
62M2100915,62M2100915_23_27,0,0,2,/trinity/home/m.romanov/benchmarking/datasets/MIST_HER2/trainA/HE/62M2100915_23_27.jpg,/trinity/home/m.romanov/benchmarking/datasets/MIST_HER2/trainB/IHC/62M2100915_23_27.jpg
4M2103059,4M2103059_28_13,0,0,2,/trinity/home/m.romanov/benchmarking/datasets/MIST_HER2/trainA/HE/4M2103059_28_13.jpg,/trinity/home/m.romanov/benchmarking/datasets/MIST_HER2/trainB/IHC/4M2103059_28_13.jpg
10M2102916,10M2102916_30_10,0,0,2,/trinity/home/m.romanov/benchmarking/datasets/MIST_HER2/trainA/HE/10M2102916_30_10.jpg,/trinity/home/m.romanov/benchmarking/datasets/MIST_HER2/trainB/IHC/10M2102916_30_10.jpg
53M2101258,53M2101258_23_13,0,0,2,/trinity/home/m.romanov/benchmarking/datasets/MIST_HER2/trainA/HE/53M2101258_23_13.jpg,/trinity/home/m.romanov/benchmarking/datasets/MIST_HER2/trainB/IHC/53M2101258_23_13.jpg
45M2101377,45M2101377_9_6,0,0,2,/trinity/home/m.romanov/benchmarking/datasets/MIST_HER2/trainA/HE/45M2101377_9_6.jpg,/trinity/home/m.romanov/benchmarking/datasets/MIST_HER2/trainB/IHC/45M2101377_9_6.jpg
54M2101205,54M2101205_20_15,0,0,2,/trinity/home/m.romanov/benchmarking/datasets/MIST_HER2/trainA/HE/54M2101205_20_15.jpg,/trinity/home/m.romanov/benchmarking/datasets/MIST_HER2/trainB/IHC/54M2101205_20_15.jpg
46M2101353,46M2101353_18_27,0,0,2,/trinity/home/m.romanov/benchmarking/datasets/MIST_HER2/trainA/HE/46M2101353_18_27.jpg,/trinity/home/m.romanov/benchmarking/datasets/MIST_HER2/trainB/IHC/46M2101353_18_27.jpg
79M2100417,79M2100417_15_13,0,0,2,/trinity/home/m.romanov/benchmarking/datasets/MIST_HER2/trainA/HE/79M2100417_15_13.jpg,/trinity/home/m.romanov/benchmarking/datasets/MIST_HER2/trainB/IHC/79M2100417_15_13.jpg
53M2101258,53M2101258_17_24,0,0,2,/trinity/home/m.romanov/benchmarking/datasets/MIST_HER2/trainA/HE/53M2101258_17_24.jpg,/trinity/home/m.romanov/benchmarking/datasets/MIST_HER2/trainB/IHC/53M2101258_17_24.jpg
39M2101576,39M2101576_24_17,0,0,2,/trinity/home/m.romanov/benchmarking/datasets/MIST_HER2/trainA/HE/39M2101576_24_17.jpg,/trinity/home/m.romanov/benchmarking/datasets/MIST_HER2/trainB/IHC/39M2101576_24_17.jpg
98M2004096,98M2004096_24_14,0,0,2,/trinity/home/m.romanov/benchmarking/datasets/MIST_HER2/trainA/HE/98M2004096_24_14.jpg,/trinity/home/m.romanov/benchmarking/datasets/MIST_HER2/trainB/IHC/98M2004096_24_14.jpg
46M2101353,46M2101353_12_19,0,0,2,/trinity/home/m.romanov/benchmarking/datasets/MIST_HER2/trainA/HE/46M2101353_12_19.jpg,/trinity/home/m.romanov/benchmarking/datasets/MIST_HER2/trainB/IHC/46M2101353_12_19.jpg
31M2101871,31M2101871_34_8,0,0,2,/trinity/home/m.romanov/benchmarking/datasets/MIST_HER2/trainA/HE/31M2101871_34_8.jpg,/trinity/home/m.romanov/benchmarking/datasets/MIST_HER2/trainB/IHC/31M2101871_34_8.jpg
10M2102916,10M2102916_6_24,0,0,2,/trinity/home/m.romanov/benchmarking/datasets/MIST_HER2/trainA/HE/10M2102916_6_24.jpg,/trinity/home/m.romanov/benchmarking/datasets/MIST_HER2/trainB/IHC/10M2102916_6_24.jpg
6M2103024,6M2103024_20_5,0,0,2,/trinity/home/m.romanov/benchmarking/datasets/MIST_HER2/trainA/HE/6M2103024_20_5.jpg,/trinity/home/m.romanov/benchmarking/datasets/MIST_HER2/trainB/IHC/6M2103024_20_5.jpg
92M2100150,92M2100150_22_31,0,0,2,/trinity/home/m.romanov/benchmarking/datasets/MIST_HER2/trainA/HE/92M2100150_22_31.jpg,/trinity/home/m.romanov/benchmarking/datasets/MIST_HER2/trainB/IHC/92M2100150_22_31.jpg
4M2103059,4M2103059_25_21,0,0,2,/trinity/home/m.romanov/benchmarking/datasets/MIST_HER2/trainA/HE/4M2103059_25_21.jpg,/trinity/home/m.romanov/benchmarking/datasets/MIST_HER2/trainB/IHC/4M2103059_25_21.jpg
100M2004069,100M2004069_23_18,0,0,2,/trinity/home/m.romanov/benchmarking/datasets/MIST_HER2/trainA/HE/100M2004069_23_18.jpg,/trinity/home/m.romanov/benchmarking/datasets/MIST_HER2/trainB/IHC/100M2004069_23_18.jpg
2M2103108,2M2103108_20_13,0,0,2,/trinity/home/m.romanov/benchmarking/datasets/MIST_HER2/trainA/HE/2M2103108_20_13.jpg,/trinity/home/m.romanov/benchmarking/datasets/MIST_HER2/trainB/IHC/2M2103108_20_13.jpg
31M2101871,31M2101871_12_20,0,0,2,/trinity/home/m.romanov/benchmarking/datasets/MIST_HER2/trainA/HE/31M2101871_12_20.jpg,/trinity/home/m.romanov/benchmarking/datasets/MIST_HER2/trainB/IHC/31M2101871_12_20.jpg
88M2100218,88M2100218_24_13,0,0,2,/trinity/home/m.romanov/benchmarking/datasets/MIST_HER2/trainA/HE/88M2100218_24_13.jpg,/trinity/home/m.romanov/benchmarking/datasets/MIST_HER2/trainB/IHC/88M2100218_24_13.jpg
15M2102762,15M2102762_27_15,0,0,2,/trinity/home/m.romanov/benchmarking/datasets/MIST_HER2/trainA/HE/15M2102762_27_15.jpg,/trinity/home/m.romanov/benchmarking/datasets/MIST_HER2/trainB/IHC/15M2102762_27_15.jpg
97M2100034,97M2100034_25_10,0,0,2,/trinity/home/m.romanov/benchmarking/datasets/MIST_HER2/trainA/HE/97M2100034_25_10.jpg,/trinity/home/m.romanov/benchmarking/datasets/MIST_HER2/trainB/IHC/97M2100034_25_10.jpg
100M2004069,100M2004069_29_24,0,0,2,/trinity/home/m.romanov/benchmarking/datasets/MIST_HER2/trainA/HE/100M2004069_29_24.jpg,/trinity/home/m.romanov/benchmarking/datasets/MIST_HER2/trainB/IHC/100M2004069_29_24.jpg
88M2100218,88M2100218_20_18,0,0,2,/trinity/home/m.romanov/benchmarking/datasets/MIST_HER2/trainA/HE/88M2100218_20_18.jpg,/trinity/home/m.romanov/benchmarking/datasets/MIST_HER2/trainB/IHC/88M2100218_20_18.jpg
77M2100464,77M2100464_39_17,0,0,2,/trinity/home/m.romanov/benchmarking/datasets/MIST_HER2/trainA/HE/77M2100464_39_17.jpg,/trinity/home/m.romanov/benchmarking/datasets/MIST_HER2/trainB/IHC/77M2100464_39_17.jpg
91M2100173,91M2100173_14_17,0,0,2,/trinity/home/m.romanov/benchmarking/datasets/MIST_HER2/trainA/HE/91M2100173_14_17.jpg,/trinity/home/m.romanov/benchmarking/datasets/MIST_HER2/trainB/IHC/91M2100173_14_17.jpg
97M2100034,97M2100034_8_12,0,0,2,/trinity/home/m.romanov/benchmarking/datasets/MIST_HER2/trainA/HE/97M2100034_8_12.jpg,/trinity/home/m.romanov/benchmarking/datasets/MIST_HER2/trainB/IHC/97M2100034_8_12.jpg
81M2100356,81M2100356_25_7,0,0,2,/trinity/home/m.romanov/benchmarking/datasets/MIST_HER2/trainA/HE/81M2100356_25_7.jpg,/trinity/home/m.romanov/benchmarking/datasets/MIST_HER2/trainB/IHC/81M2100356_25_7.jpg
98M2004096,98M2004096_17_10,0,0,2,/trinity/home/m.romanov/benchmarking/datasets/MIST_HER2/trainA/HE/98M2004096_17_10.jpg,/trinity/home/m.romanov/benchmarking/datasets/MIST_HER2/trainB/IHC/98M2004096_17_10.jpg
76M2100485,76M2100485_21_13,0,0,2,/trinity/home/m.romanov/benchmarking/datasets/MIST_HER2/trainA/HE/76M2100485_21_13.jpg,/trinity/home/m.romanov/benchmarking/datasets/MIST_HER2/trainB/IHC/76M2100485_21_13.jpg
100M2004069,100M2004069_11_26,0,0,2,/trinity/home/m.romanov/benchmarking/datasets/MIST_HER2/trainA/HE/100M2004069_11_26.jpg,/trinity/home/m.romanov/benchmarking/datasets/MIST_HER2/trainB/IHC/100M2004069_11_26.jpg
6M2103024,6M2103024_24_12,0,0,2,/trinity/home/m.romanov/benchmarking/datasets/MIST_HER2/trainA/HE/6M2103024_24_12.jpg,/trinity/home/m.romanov/benchmarking/datasets/MIST_HER2/trainB/IHC/6M2103024_24_12.jpg
92M2100150,92M2100150_8_11,0,0,2,/trinity/home/m.romanov/benchmarking/datasets/MIST_HER2/trainA/HE/92M2100150_8_11.jpg,/trinity/home/m.romanov/benchmarking/datasets/MIST_HER2/trainB/IHC/92M2100150_8_11.jpg
48M2101314,48M2101314_31_30,0,0,2,/trinity/home/m.romanov/benchmarking/datasets/MIST_HER2/trainA/HE/48M2101314_31_30.jpg,/trinity/home/m.romanov/benchmarking/datasets/MIST_HER2/trainB/IHC/48M2101314_31_30.jpg
48M2101314,48M2101314_41_38,0,0,2,/trinity/home/m.romanov/benchmarking/datasets/MIST_HER2/trainA/HE/48M2101314_41_38.jpg,/trinity/home/m.romanov/benchmarking/datasets/MIST_HER2/trainB/IHC/48M2101314_41_38.jpg
45M2101377,45M2101377_35_29,0,0,2,/trinity/home/m.romanov/benchmarking/datasets/MIST_HER2/trainA/HE/45M2101377_35_29.jpg,/trinity/home/m.romanov/benchmarking/datasets/MIST_HER2/trainB/IHC/45M2101377_35_29.jpg
75M2100521,75M2100521_20_16,0,0,2,/trinity/home/m.romanov/benchmarking/datasets/MIST_HER2/trainA/HE/75M2100521_20_16.jpg,/trinity/home/m.romanov/benchmarking/datasets/MIST_HER2/trainB/IHC/75M2100521_20_16.jpg
99M2004082,99M2004082_27_15,0,0,2,/trinity/home/m.romanov/benchmarking/datasets/MIST_HER2/trainA/HE/99M2004082_27_15.jpg,/trinity/home/m.romanov/benchmarking/datasets/MIST_HER2/trainB/IHC/99M2004082_27_15.jpg
70M2100623,70M2100623_22_9,0,0,2,/trinity/home/m.romanov/benchmarking/datasets/MIST_HER2/trainA/HE/70M2100623_22_9.jpg,/trinity/home/m.romanov/benchmarking/datasets/MIST_HER2/trainB/IHC/70M2100623_22_9.jpg
93M2100147,93M2100147_7_27,0,0,2,/trinity/home/m.romanov/benchmarking/datasets/MIST_HER2/trainA/HE/93M2100147_7_27.jpg,/trinity/home/m.romanov/benchmarking/datasets/MIST_HER2/trainB/IHC/93M2100147_7_27.jpg
57M2101034,57M2101034_18_23,0,0,2,/trinity/home/m.romanov/benchmarking/datasets/MIST_HER2/trainA/HE/57M2101034_18_23.jpg,/trinity/home/m.romanov/benchmarking/datasets/MIST_HER2/trainB/IHC/57M2101034_18_23.jpg
62M2100915,62M2100915_21_23,0,0,2,/trinity/home/m.romanov/benchmarking/datasets/MIST_HER2/trainA/HE/62M2100915_21_23.jpg,/trinity/home/m.romanov/benchmarking/datasets/MIST_HER2/trainB/IHC/62M2100915_21_23.jpg
62M2100915,62M2100915_19_32,0,0,2,/trinity/home/m.romanov/benchmarking/datasets/MIST_HER2/trainA/HE/62M2100915_19_32.jpg,/trinity/home/m.romanov/benchmarking/datasets/MIST_HER2/trainB/IHC/62M2100915_19_32.jpg
6M2103024,6M2103024_24_16,0,0,2,/trinity/home/m.romanov/benchmarking/datasets/MIST_HER2/trainA/HE/6M2103024_24_16.jpg,/trinity/home/m.romanov/benchmarking/datasets/MIST_HER2/trainB/IHC/6M2103024_24_16.jpg
10M2102916,10M2102916_37_15,0,0,2,/trinity/home/m.romanov/benchmarking/datasets/MIST_HER2/trainA/HE/10M2102916_37_15.jpg,/trinity/home/m.romanov/benchmarking/datasets/MIST_HER2/trainB/IHC/10M2102916_37_15.jpg
30M2101953,30M2101953_16_10,0,0,2,/trinity/home/m.romanov/benchmarking/datasets/MIST_HER2/trainA/HE/30M2101953_16_10.jpg,/trinity/home/m.romanov/benchmarking/datasets/MIST_HER2/trainB/IHC/30M2101953_16_10.jpg
79M2100417,79M2100417_23_22,0,0,2,/trinity/home/m.romanov/benchmarking/datasets/MIST_HER2/trainA/HE/79M2100417_23_22.jpg,/trinity/home/m.romanov/benchmarking/datasets/MIST_HER2/trainB/IHC/79M2100417_23_22.jpg
53M2101258,53M2101258_33_24,0,0,2,/trinity/home/m.romanov/benchmarking/datasets/MIST_HER2/trainA/HE/53M2101258_33_24.jpg,/trinity/home/m.romanov/benchmarking/datasets/MIST_HER2/trainB/IHC/53M2101258_33_24.jpg
50M2101298,50M2101298_11_12,0,0,2,/trinity/home/m.romanov/benchmarking/datasets/MIST_HER2/trainA/HE/50M2101298_11_12.jpg,/trinity/home/m.romanov/benchmarking/datasets/MIST_HER2/trainB/IHC/50M2101298_11_12.jpg
30M2101953,30M2101953_6_16,0,0,2,/trinity/home/m.romanov/benchmarking/datasets/MIST_HER2/trainA/HE/30M2101953_6_16.jpg,/trinity/home/m.romanov/benchmarking/datasets/MIST_HER2/trainB/IHC/30M2101953_6_16.jpg
4M2103059,4M2103059_22_20,0,0,2,/trinity/home/m.romanov/benchmarking/datasets/MIST_HER2/trainA/HE/4M2103059_22_20.jpg,/trinity/home/m.romanov/benchmarking/datasets/MIST_HER2/trainB/IHC/4M2103059_22_20.jpg
25M2102060,25M2102060_32_28,0,0,2,/trinity/home/m.romanov/benchmarking/datasets/MIST_HER2/trainA/HE/25M2102060_32_28.jpg,/trinity/home/m.romanov/benchmarking/datasets/MIST_HER2/trainB/IHC/25M2102060_32_28.jpg
39M2101576,39M2101576_27_6,0,0,2,/trinity/home/m.romanov/benchmarking/datasets/MIST_HER2/trainA/HE/39M2101576_27_6.jpg,/trinity/home/m.romanov/benchmarking/datasets/MIST_HER2/trainB/IHC/39M2101576_27_6.jpg
59M2100987,59M2100987_13_12,0,0,2,/trinity/home/m.romanov/benchmarking/datasets/MIST_HER2/trainA/HE/59M2100987_13_12.jpg,/trinity/home/m.romanov/benchmarking/datasets/MIST_HER2/trainB/IHC/59M2100987_13_12.jpg
62M2100915,62M2100915_16_9,0,0,2,/trinity/home/m.romanov/benchmarking/datasets/MIST_HER2/trainA/HE/62M2100915_16_9.jpg,/trinity/home/m.romanov/benchmarking/datasets/MIST_HER2/trainB/IHC/62M2100915_16_9.jpg
60M2100980,60M2100980_17_22,0,0,2,/trinity/home/m.romanov/benchmarking/datasets/MIST_HER2/trainA/HE/60M2100980_17_22.jpg,/trinity/home/m.romanov/benchmarking/datasets/MIST_HER2/trainB/IHC/60M2100980_17_22.jpg
94M2100142,94M2100142_10_9,0,0,2,/trinity/home/m.romanov/benchmarking/datasets/MIST_HER2/trainA/HE/94M2100142_10_9.jpg,/trinity/home/m.romanov/benchmarking/datasets/MIST_HER2/trainB/IHC/94M2100142_10_9.jpg
23M2102136,23M2102136_20_15,0,0,2,/trinity/home/m.romanov/benchmarking/datasets/MIST_HER2/trainA/HE/23M2102136_20_15.jpg,/trinity/home/m.romanov/benchmarking/datasets/MIST_HER2/trainB/IHC/23M2102136_20_15.jpg
54M2101205,54M2101205_3_13,0,0,2,/trinity/home/m.romanov/benchmarking/datasets/MIST_HER2/trainA/HE/54M2101205_3_13.jpg,/trinity/home/m.romanov/benchmarking/datasets/MIST_HER2/trainB/IHC/54M2101205_3_13.jpg
67M2100642,67M2100642_3_18,0,0,2,/trinity/home/m.romanov/benchmarking/datasets/MIST_HER2/trainA/HE/67M2100642_3_18.jpg,/trinity/home/m.romanov/benchmarking/datasets/MIST_HER2/trainB/IHC/67M2100642_3_18.jpg
2M2103108,2M2103108_16_17,0,0,2,/trinity/home/m.romanov/benchmarking/datasets/MIST_HER2/trainA/HE/2M2103108_16_17.jpg,/trinity/home/m.romanov/benchmarking/datasets/MIST_HER2/trainB/IHC/2M2103108_16_17.jpg
53M2101258,53M2101258_21_37,0,0,2,/trinity/home/m.romanov/benchmarking/datasets/MIST_HER2/trainA/HE/53M2101258_21_37.jpg,/trinity/home/m.romanov/benchmarking/datasets/MIST_HER2/trainB/IHC/53M2101258_21_37.jpg
52M2101275,52M2101275_15_6,0,0,2,/trinity/home/m.romanov/benchmarking/datasets/MIST_HER2/trainA/HE/52M2101275_15_6.jpg,/trinity/home/m.romanov/benchmarking/datasets/MIST_HER2/trainB/IHC/52M2101275_15_6.jpg
56M2101083,56M2101083_45_18,0,0,2,/trinity/home/m.romanov/benchmarking/datasets/MIST_HER2/trainA/HE/56M2101083_45_18.jpg,/trinity/home/m.romanov/benchmarking/datasets/MIST_HER2/trainB/IHC/56M2101083_45_18.jpg
39M2101576,39M2101576_18_27,0,0,2,/trinity/home/m.romanov/benchmarking/datasets/MIST_HER2/trainA/HE/39M2101576_18_27.jpg,/trinity/home/m.romanov/benchmarking/datasets/MIST_HER2/trainB/IHC/39M2101576_18_27.jpg
88M2100218,88M2100218_19_7,0,0,2,/trinity/home/m.romanov/benchmarking/datasets/MIST_HER2/trainA/HE/88M2100218_19_7.jpg,/trinity/home/m.romanov/benchmarking/datasets/MIST_HER2/trainB/IHC/88M2100218_19_7.jpg
79M2100417,79M2100417_13_22,0,0,2,/trinity/home/m.romanov/benchmarking/datasets/MIST_HER2/trainA/HE/79M2100417_13_22.jpg,/trinity/home/m.romanov/benchmarking/datasets/MIST_HER2/trainB/IHC/79M2100417_13_22.jpg
28M2101987,28M2101987_23_11,0,0,2,/trinity/home/m.romanov/benchmarking/datasets/MIST_HER2/trainA/HE/28M2101987_23_11.jpg,/trinity/home/m.romanov/benchmarking/datasets/MIST_HER2/trainB/IHC/28M2101987_23_11.jpg
45M2101377,45M2101377_14_15,0,0,2,/trinity/home/m.romanov/benchmarking/datasets/MIST_HER2/trainA/HE/45M2101377_14_15.jpg,/trinity/home/m.romanov/benchmarking/datasets/MIST_HER2/trainB/IHC/45M2101377_14_15.jpg
27M2102007,27M2102007_19_18,0,0,2,/trinity/home/m.romanov/benchmarking/datasets/MIST_HER2/trainA/HE/27M2102007_19_18.jpg,/trinity/home/m.romanov/benchmarking/datasets/MIST_HER2/trainB/IHC/27M2102007_19_18.jpg
68M2100640,68M2100640_13_12,0,0,2,/trinity/home/m.romanov/benchmarking/datasets/MIST_HER2/trainA/HE/68M2100640_13_12.jpg,/trinity/home/m.romanov/benchmarking/datasets/MIST_HER2/trainB/IHC/68M2100640_13_12.jpg
39M2101576,39M2101576_9_19,0,0,2,/trinity/home/m.romanov/benchmarking/datasets/MIST_HER2/trainA/HE/39M2101576_9_19.jpg,/trinity/home/m.romanov/benchmarking/datasets/MIST_HER2/trainB/IHC/39M2101576_9_19.jpg
79M2100417,79M2100417_14_15,0,0,2,/trinity/home/m.romanov/benchmarking/datasets/MIST_HER2/trainA/HE/79M2100417_14_15.jpg,/trinity/home/m.romanov/benchmarking/datasets/MIST_HER2/trainB/IHC/79M2100417_14_15.jpg
60M2100980,60M2100980_36_16,0,0,2,/trinity/home/m.romanov/benchmarking/datasets/MIST_HER2/trainA/HE/60M2100980_36_16.jpg,/trinity/home/m.romanov/benchmarking/datasets/MIST_HER2/trainB/IHC/60M2100980_36_16.jpg
46M2101353,46M2101353_20_21,0,0,2,/trinity/home/m.romanov/benchmarking/datasets/MIST_HER2/trainA/HE/46M2101353_20_21.jpg,/trinity/home/m.romanov/benchmarking/datasets/MIST_HER2/trainB/IHC/46M2101353_20_21.jpg
19M2102438,19M2102438_25_22,0,0,2,/trinity/home/m.romanov/benchmarking/datasets/MIST_HER2/trainA/HE/19M2102438_25_22.jpg,/trinity/home/m.romanov/benchmarking/datasets/MIST_HER2/trainB/IHC/19M2102438_25_22.jpg
50M2101298,50M2101298_15_11,0,0,2,/trinity/home/m.romanov/benchmarking/datasets/MIST_HER2/trainA/HE/50M2101298_15_11.jpg,/trinity/home/m.romanov/benchmarking/datasets/MIST_HER2/trainB/IHC/50M2101298_15_11.jpg
33M2101839,33M2101839_4_9,0,0,2,/trinity/home/m.romanov/benchmarking/datasets/MIST_HER2/trainA/HE/33M2101839_4_9.jpg,/trinity/home/m.romanov/benchmarking/datasets/MIST_HER2/trainB/IHC/33M2101839_4_9.jpg
30M2101953,30M2101953_11_16,0,0,2,/trinity/home/m.romanov/benchmarking/datasets/MIST_HER2/trainA/HE/30M2101953_11_16.jpg,/trinity/home/m.romanov/benchmarking/datasets/MIST_HER2/trainB/IHC/30M2101953_11_16.jpg
80M2100377,80M2100377_22_32,0,0,2,/trinity/home/m.romanov/benchmarking/datasets/MIST_HER2/trainA/HE/80M2100377_22_32.jpg,/trinity/home/m.romanov/benchmarking/datasets/MIST_HER2/trainB/IHC/80M2100377_22_32.jpg
19M2102438,19M2102438_21_17,0,0,2,/trinity/home/m.romanov/benchmarking/datasets/MIST_HER2/trainA/HE/19M2102438_21_17.jpg,/trinity/home/m.romanov/benchmarking/datasets/MIST_HER2/trainB/IHC/19M2102438_21_17.jpg
2M2103108,2M2103108_29_10,0,0,2,/trinity/home/m.romanov/benchmarking/datasets/MIST_HER2/trainA/HE/2M2103108_29_10.jpg,/trinity/home/m.romanov/benchmarking/datasets/MIST_HER2/trainB/IHC/2M2103108_29_10.jpg
14M2102785,14M2102785_20_13,0,0,2,/trinity/home/m.romanov/benchmarking/datasets/MIST_HER2/trainA/HE/14M2102785_20_13.jpg,/trinity/home/m.romanov/benchmarking/datasets/MIST_HER2/trainB/IHC/14M2102785_20_13.jpg
15M2102762,15M2102762_24_5,0,0,2,/trinity/home/m.romanov/benchmarking/datasets/MIST_HER2/trainA/HE/15M2102762_24_5.jpg,/trinity/home/m.romanov/benchmarking/datasets/MIST_HER2/trainB/IHC/15M2102762_24_5.jpg
22M2102266,22M2102266_22_16,0,0,2,/trinity/home/m.romanov/benchmarking/datasets/MIST_HER2/trainA/HE/22M2102266_22_16.jpg,/trinity/home/m.romanov/benchmarking/datasets/MIST_HER2/trainB/IHC/22M2102266_22_16.jpg
99M2004082,99M2004082_33_8,0,0,2,/trinity/home/m.romanov/benchmarking/datasets/MIST_HER2/trainA/HE/99M2004082_33_8.jpg,/trinity/home/m.romanov/benchmarking/datasets/MIST_HER2/trainB/IHC/99M2004082_33_8.jpg
56M2101083,56M2101083_34_17,0,0,2,/trinity/home/m.romanov/benchmarking/datasets/MIST_HER2/trainA/HE/56M2101083_34_17.jpg,/trinity/home/m.romanov/benchmarking/datasets/MIST_HER2/trainB/IHC/56M2101083_34_17.jpg
60M2100980,60M2100980_34_23,0,0,2,/trinity/home/m.romanov/benchmarking/datasets/MIST_HER2/trainA/HE/60M2100980_34_23.jpg,/trinity/home/m.romanov/benchmarking/datasets/MIST_HER2/trainB/IHC/60M2100980_34_23.jpg
70M2100623,70M2100623_23_6,0,0,2,/trinity/home/m.romanov/benchmarking/datasets/MIST_HER2/trainA/HE/70M2100623_23_6.jpg,/trinity/home/m.romanov/benchmarking/datasets/MIST_HER2/trainB/IHC/70M2100623_23_6.jpg
81M2100356,81M2100356_36_37,0,0,2,/trinity/home/m.romanov/benchmarking/datasets/MIST_HER2/trainA/HE/81M2100356_36_37.jpg,/trinity/home/m.romanov/benchmarking/datasets/MIST_HER2/trainB/IHC/81M2100356_36_37.jpg
97M2100034,97M2100034_17_7,0,0,2,/trinity/home/m.romanov/benchmarking/datasets/MIST_HER2/trainA/HE/97M2100034_17_7.jpg,/trinity/home/m.romanov/benchmarking/datasets/MIST_HER2/trainB/IHC/97M2100034_17_7.jpg
65M2100668,65M2100668_23_21,0,0,2,/trinity/home/m.romanov/benchmarking/datasets/MIST_HER2/trainA/HE/65M2100668_23_21.jpg,/trinity/home/m.romanov/benchmarking/datasets/MIST_HER2/trainB/IHC/65M2100668_23_21.jpg
27M2102007,27M2102007_20_18,0,0,2,/trinity/home/m.romanov/benchmarking/datasets/MIST_HER2/trainA/HE/27M2102007_20_18.jpg,/trinity/home/m.romanov/benchmarking/datasets/MIST_HER2/trainB/IHC/27M2102007_20_18.jpg
99M2004082,99M2004082_34_10,0,0,2,/trinity/home/m.romanov/benchmarking/datasets/MIST_HER2/trainA/HE/99M2004082_34_10.jpg,/trinity/home/m.romanov/benchmarking/datasets/MIST_HER2/trainB/IHC/99M2004082_34_10.jpg
44M2101492,44M2101492_9_35,0,0,2,/trinity/home/m.romanov/benchmarking/datasets/MIST_HER2/trainA/HE/44M2101492_9_35.jpg,/trinity/home/m.romanov/benchmarking/datasets/MIST_HER2/trainB/IHC/44M2101492_9_35.jpg
4M2103059,4M2103059_10_14,0,0,2,/trinity/home/m.romanov/benchmarking/datasets/MIST_HER2/trainA/HE/4M2103059_10_14.jpg,/trinity/home/m.romanov/benchmarking/datasets/MIST_HER2/trainB/IHC/4M2103059_10_14.jpg
30M2101953,30M2101953_14_5,0,0,2,/trinity/home/m.romanov/benchmarking/datasets/MIST_HER2/trainA/HE/30M2101953_14_5.jpg,/trinity/home/m.romanov/benchmarking/datasets/MIST_HER2/trainB/IHC/30M2101953_14_5.jpg
74M2100526,74M2100526_24_17,0,0,2,/trinity/home/m.romanov/benchmarking/datasets/MIST_HER2/trainA/HE/74M2100526_24_17.jpg,/trinity/home/m.romanov/benchmarking/datasets/MIST_HER2/trainB/IHC/74M2100526_24_17.jpg
77M2100464,77M2100464_31_15,0,0,2,/trinity/home/m.romanov/benchmarking/datasets/MIST_HER2/trainA/HE/77M2100464_31_15.jpg,/trinity/home/m.romanov/benchmarking/datasets/MIST_HER2/trainB/IHC/77M2100464_31_15.jpg
100M2004069,100M2004069_28_21,0,0,2,/trinity/home/m.romanov/benchmarking/datasets/MIST_HER2/trainA/HE/100M2004069_28_21.jpg,/trinity/home/m.romanov/benchmarking/datasets/MIST_HER2/trainB/IHC/100M2004069_28_21.jpg
40M2101566,40M2101566_21_19,0,0,2,/trinity/home/m.romanov/benchmarking/datasets/MIST_HER2/trainA/HE/40M2101566_21_19.jpg,/trinity/home/m.romanov/benchmarking/datasets/MIST_HER2/trainB/IHC/40M2101566_21_19.jpg
48M2101314,48M2101314_7_15,0,0,2,/trinity/home/m.romanov/benchmarking/datasets/MIST_HER2/trainA/HE/48M2101314_7_15.jpg,/trinity/home/m.romanov/benchmarking/datasets/MIST_HER2/trainB/IHC/48M2101314_7_15.jpg
58M2100997,58M2100997_23_7,0,0,2,/trinity/home/m.romanov/benchmarking/datasets/MIST_HER2/trainA/HE/58M2100997_23_7.jpg,/trinity/home/m.romanov/benchmarking/datasets/MIST_HER2/trainB/IHC/58M2100997_23_7.jpg
83M2100256,83M2100256_11_13,0,0,2,/trinity/home/m.romanov/benchmarking/datasets/MIST_HER2/trainA/HE/83M2100256_11_13.jpg,/trinity/home/m.romanov/benchmarking/datasets/MIST_HER2/trainB/IHC/83M2100256_11_13.jpg
100M2004069,100M2004069_5_16,0,0,2,/trinity/home/m.romanov/benchmarking/datasets/MIST_HER2/trainA/HE/100M2004069_5_16.jpg,/trinity/home/m.romanov/benchmarking/datasets/MIST_HER2/trainB/IHC/100M2004069_5_16.jpg
44M2101492,44M2101492_19_31,0,0,2,/trinity/home/m.romanov/benchmarking/datasets/MIST_HER2/trainA/HE/44M2101492_19_31.jpg,/trinity/home/m.romanov/benchmarking/datasets/MIST_HER2/trainB/IHC/44M2101492_19_31.jpg
35M2101733,35M2101733_3_14,0,0,2,/trinity/home/m.romanov/benchmarking/datasets/MIST_HER2/trainA/HE/35M2101733_3_14.jpg,/trinity/home/m.romanov/benchmarking/datasets/MIST_HER2/trainB/IHC/35M2101733_3_14.jpg
33M2101839,33M2101839_15_15,0,0,2,/trinity/home/m.romanov/benchmarking/datasets/MIST_HER2/trainA/HE/33M2101839_15_15.jpg,/trinity/home/m.romanov/benchmarking/datasets/MIST_HER2/trainB/IHC/33M2101839_15_15.jpg
27M2102007,27M2102007_14_28,0,0,2,/trinity/home/m.romanov/benchmarking/datasets/MIST_HER2/trainA/HE/27M2102007_14_28.jpg,/trinity/home/m.romanov/benchmarking/datasets/MIST_HER2/trainB/IHC/27M2102007_14_28.jpg
19M2102438,19M2102438_32_10,0,0,2,/trinity/home/m.romanov/benchmarking/datasets/MIST_HER2/trainA/HE/19M2102438_32_10.jpg,/trinity/home/m.romanov/benchmarking/datasets/MIST_HER2/trainB/IHC/19M2102438_32_10.jpg
75M2100521,75M2100521_12_21,0,0,2,/trinity/home/m.romanov/benchmarking/datasets/MIST_HER2/trainA/HE/75M2100521_12_21.jpg,/trinity/home/m.romanov/benchmarking/datasets/MIST_HER2/trainB/IHC/75M2100521_12_21.jpg
46M2101353,46M2101353_21_14,0,0,2,/trinity/home/m.romanov/benchmarking/datasets/MIST_HER2/trainA/HE/46M2101353_21_14.jpg,/trinity/home/m.romanov/benchmarking/datasets/MIST_HER2/trainB/IHC/46M2101353_21_14.jpg
30M2101953,30M2101953_14_4,0,0,2,/trinity/home/m.romanov/benchmarking/datasets/MIST_HER2/trainA/HE/30M2101953_14_4.jpg,/trinity/home/m.romanov/benchmarking/datasets/MIST_HER2/trainB/IHC/30M2101953_14_4.jpg
4M2103059,4M2103059_16_7,0,0,2,/trinity/home/m.romanov/benchmarking/datasets/MIST_HER2/trainA/HE/4M2103059_16_7.jpg,/trinity/home/m.romanov/benchmarking/datasets/MIST_HER2/trainB/IHC/4M2103059_16_7.jpg
56M2101083,56M2101083_22_21,0,0,2,/trinity/home/m.romanov/benchmarking/datasets/MIST_HER2/trainA/HE/56M2101083_22_21.jpg,/trinity/home/m.romanov/benchmarking/datasets/MIST_HER2/trainB/IHC/56M2101083_22_21.jpg
75M2100521,75M2100521_10_17,0,0,2,/trinity/home/m.romanov/benchmarking/datasets/MIST_HER2/trainA/HE/75M2100521_10_17.jpg,/trinity/home/m.romanov/benchmarking/datasets/MIST_HER2/trainB/IHC/75M2100521_10_17.jpg
2M2103108,2M2103108_19_9,0,0,2,/trinity/home/m.romanov/benchmarking/datasets/MIST_HER2/trainA/HE/2M2103108_19_9.jpg,/trinity/home/m.romanov/benchmarking/datasets/MIST_HER2/trainB/IHC/2M2103108_19_9.jpg
39M2101576,39M2101576_19_25,0,0,2,/trinity/home/m.romanov/benchmarking/datasets/MIST_HER2/trainA/HE/39M2101576_19_25.jpg,/trinity/home/m.romanov/benchmarking/datasets/MIST_HER2/trainB/IHC/39M2101576_19_25.jpg
54M2101205,54M2101205_15_14,0,0,2,/trinity/home/m.romanov/benchmarking/datasets/MIST_HER2/trainA/HE/54M2101205_15_14.jpg,/trinity/home/m.romanov/benchmarking/datasets/MIST_HER2/trainB/IHC/54M2101205_15_14.jpg
68M2100640,68M2100640_32_10,0,0,2,/trinity/home/m.romanov/benchmarking/datasets/MIST_HER2/trainA/HE/68M2100640_32_10.jpg,/trinity/home/m.romanov/benchmarking/datasets/MIST_HER2/trainB/IHC/68M2100640_32_10.jpg
93M2100147,93M2100147_16_13,0,0,2,/trinity/home/m.romanov/benchmarking/datasets/MIST_HER2/trainA/HE/93M2100147_16_13.jpg,/trinity/home/m.romanov/benchmarking/datasets/MIST_HER2/trainB/IHC/93M2100147_16_13.jpg
14M2102785,14M2102785_15_5,0,0,2,/trinity/home/m.romanov/benchmarking/datasets/MIST_HER2/trainA/HE/14M2102785_15_5.jpg,/trinity/home/m.romanov/benchmarking/datasets/MIST_HER2/trainB/IHC/14M2102785_15_5.jpg
59M2100987,59M2100987_21_24,0,0,2,/trinity/home/m.romanov/benchmarking/datasets/MIST_HER2/trainA/HE/59M2100987_21_24.jpg,/trinity/home/m.romanov/benchmarking/datasets/MIST_HER2/trainB/IHC/59M2100987_21_24.jpg
4M2103059,4M2103059_22_10,0,0,2,/trinity/home/m.romanov/benchmarking/datasets/MIST_HER2/trainA/HE/4M2103059_22_10.jpg,/trinity/home/m.romanov/benchmarking/datasets/MIST_HER2/trainB/IHC/4M2103059_22_10.jpg
46M2101353,46M2101353_26_12,0,0,2,/trinity/home/m.romanov/benchmarking/datasets/MIST_HER2/trainA/HE/46M2101353_26_12.jpg,/trinity/home/m.romanov/benchmarking/datasets/MIST_HER2/trainB/IHC/46M2101353_26_12.jpg
10M2102916,10M2102916_34_8,0,0,2,/trinity/home/m.romanov/benchmarking/datasets/MIST_HER2/trainA/HE/10M2102916_34_8.jpg,/trinity/home/m.romanov/benchmarking/datasets/MIST_HER2/trainB/IHC/10M2102916_34_8.jpg
98M2004096,98M2004096_19_15,0,0,2,/trinity/home/m.romanov/benchmarking/datasets/MIST_HER2/trainA/HE/98M2004096_19_15.jpg,/trinity/home/m.romanov/benchmarking/datasets/MIST_HER2/trainB/IHC/98M2004096_19_15.jpg
23M2102136,23M2102136_25_17,0,0,2,/trinity/home/m.romanov/benchmarking/datasets/MIST_HER2/trainA/HE/23M2102136_25_17.jpg,/trinity/home/m.romanov/benchmarking/datasets/MIST_HER2/trainB/IHC/23M2102136_25_17.jpg
81M2100356,81M2100356_32_12,0,0,2,/trinity/home/m.romanov/benchmarking/datasets/MIST_HER2/trainA/HE/81M2100356_32_12.jpg,/trinity/home/m.romanov/benchmarking/datasets/MIST_HER2/trainB/IHC/81M2100356_32_12.jpg
15M2102762,15M2102762_17_9,0,0,2,/trinity/home/m.romanov/benchmarking/datasets/MIST_HER2/trainA/HE/15M2102762_17_9.jpg,/trinity/home/m.romanov/benchmarking/datasets/MIST_HER2/trainB/IHC/15M2102762_17_9.jpg
77M2100464,77M2100464_23_24,0,0,2,/trinity/home/m.romanov/benchmarking/datasets/MIST_HER2/trainA/HE/77M2100464_23_24.jpg,/trinity/home/m.romanov/benchmarking/datasets/MIST_HER2/trainB/IHC/77M2100464_23_24.jpg
79M2100417,79M2100417_16_24,0,0,2,/trinity/home/m.romanov/benchmarking/datasets/MIST_HER2/trainA/HE/79M2100417_16_24.jpg,/trinity/home/m.romanov/benchmarking/datasets/MIST_HER2/trainB/IHC/79M2100417_16_24.jpg
25M2102060,25M2102060_12_22,0,0,2,/trinity/home/m.romanov/benchmarking/datasets/MIST_HER2/trainA/HE/25M2102060_12_22.jpg,/trinity/home/m.romanov/benchmarking/datasets/MIST_HER2/trainB/IHC/25M2102060_12_22.jpg
15M2102762,15M2102762_15_10,0,0,2,/trinity/home/m.romanov/benchmarking/datasets/MIST_HER2/trainA/HE/15M2102762_15_10.jpg,/trinity/home/m.romanov/benchmarking/datasets/MIST_HER2/trainB/IHC/15M2102762_15_10.jpg
25M2102060,25M2102060_8_21,0,0,2,/trinity/home/m.romanov/benchmarking/datasets/MIST_HER2/trainA/HE/25M2102060_8_21.jpg,/trinity/home/m.romanov/benchmarking/datasets/MIST_HER2/trainB/IHC/25M2102060_8_21.jpg
75M2100521,75M2100521_19_14,0,0,2,/trinity/home/m.romanov/benchmarking/datasets/MIST_HER2/trainA/HE/75M2100521_19_14.jpg,/trinity/home/m.romanov/benchmarking/datasets/MIST_HER2/trainB/IHC/75M2100521_19_14.jpg
76M2100485,76M2100485_35_21,0,0,2,/trinity/home/m.romanov/benchmarking/datasets/MIST_HER2/trainA/HE/76M2100485_35_21.jpg,/trinity/home/m.romanov/benchmarking/datasets/MIST_HER2/trainB/IHC/76M2100485_35_21.jpg
98M2004096,98M2004096_11_6,0,0,2,/trinity/home/m.romanov/benchmarking/datasets/MIST_HER2/trainA/HE/98M2004096_11_6.jpg,/trinity/home/m.romanov/benchmarking/datasets/MIST_HER2/trainB/IHC/98M2004096_11_6.jpg
35M2101733,35M2101733_6_14,0,0,2,/trinity/home/m.romanov/benchmarking/datasets/MIST_HER2/trainA/HE/35M2101733_6_14.jpg,/trinity/home/m.romanov/benchmarking/datasets/MIST_HER2/trainB/IHC/35M2101733_6_14.jpg
51M2101285,51M2101285_11_21,0,0,2,/trinity/home/m.romanov/benchmarking/datasets/MIST_HER2/trainA/HE/51M2101285_11_21.jpg,/trinity/home/m.romanov/benchmarking/datasets/MIST_HER2/trainB/IHC/51M2101285_11_21.jpg
88M2100218,88M2100218_18_24,0,0,2,/trinity/home/m.romanov/benchmarking/datasets/MIST_HER2/trainA/HE/88M2100218_18_24.jpg,/trinity/home/m.romanov/benchmarking/datasets/MIST_HER2/trainB/IHC/88M2100218_18_24.jpg
39M2101576,39M2101576_22_27,0,0,2,/trinity/home/m.romanov/benchmarking/datasets/MIST_HER2/trainA/HE/39M2101576_22_27.jpg,/trinity/home/m.romanov/benchmarking/datasets/MIST_HER2/trainB/IHC/39M2101576_22_27.jpg
40M2101566,40M2101566_37_25,0,0,2,/trinity/home/m.romanov/benchmarking/datasets/MIST_HER2/trainA/HE/40M2101566_37_25.jpg,/trinity/home/m.romanov/benchmarking/datasets/MIST_HER2/trainB/IHC/40M2101566_37_25.jpg
62M2100915,62M2100915_8_33,0,0,2,/trinity/home/m.romanov/benchmarking/datasets/MIST_HER2/trainA/HE/62M2100915_8_33.jpg,/trinity/home/m.romanov/benchmarking/datasets/MIST_HER2/trainB/IHC/62M2100915_8_33.jpg
31M2101871,31M2101871_8_16,0,0,2,/trinity/home/m.romanov/benchmarking/datasets/MIST_HER2/trainA/HE/31M2101871_8_16.jpg,/trinity/home/m.romanov/benchmarking/datasets/MIST_HER2/trainB/IHC/31M2101871_8_16.jpg
40M2101566,40M2101566_43_19,0,0,2,/trinity/home/m.romanov/benchmarking/datasets/MIST_HER2/trainA/HE/40M2101566_43_19.jpg,/trinity/home/m.romanov/benchmarking/datasets/MIST_HER2/trainB/IHC/40M2101566_43_19.jpg
22M2102266,22M2102266_10_19,0,0,2,/trinity/home/m.romanov/benchmarking/datasets/MIST_HER2/trainA/HE/22M2102266_10_19.jpg,/trinity/home/m.romanov/benchmarking/datasets/MIST_HER2/trainB/IHC/22M2102266_10_19.jpg
94M2100142,94M2100142_25_19,0,0,2,/trinity/home/m.romanov/benchmarking/datasets/MIST_HER2/trainA/HE/94M2100142_25_19.jpg,/trinity/home/m.romanov/benchmarking/datasets/MIST_HER2/trainB/IHC/94M2100142_25_19.jpg
16M2102718,16M2102718_16_13,0,0,2,/trinity/home/m.romanov/benchmarking/datasets/MIST_HER2/trainA/HE/16M2102718_16_13.jpg,/trinity/home/m.romanov/benchmarking/datasets/MIST_HER2/trainB/IHC/16M2102718_16_13.jpg
69M2100632,69M2100632_15_4,0,0,2,/trinity/home/m.romanov/benchmarking/datasets/MIST_HER2/trainA/HE/69M2100632_15_4.jpg,/trinity/home/m.romanov/benchmarking/datasets/MIST_HER2/trainB/IHC/69M2100632_15_4.jpg
80M2100377,80M2100377_16_22,0,0,2,/trinity/home/m.romanov/benchmarking/datasets/MIST_HER2/trainA/HE/80M2100377_16_22.jpg,/trinity/home/m.romanov/benchmarking/datasets/MIST_HER2/trainB/IHC/80M2100377_16_22.jpg
67M2100642,67M2100642_5_24,0,0,2,/trinity/home/m.romanov/benchmarking/datasets/MIST_HER2/trainA/HE/67M2100642_5_24.jpg,/trinity/home/m.romanov/benchmarking/datasets/MIST_HER2/trainB/IHC/67M2100642_5_24.jpg
6M2103024,6M2103024_6_24,0,0,2,/trinity/home/m.romanov/benchmarking/datasets/MIST_HER2/trainA/HE/6M2103024_6_24.jpg,/trinity/home/m.romanov/benchmarking/datasets/MIST_HER2/trainB/IHC/6M2103024_6_24.jpg
83M2100256,83M2100256_13_18,0,0,2,/trinity/home/m.romanov/benchmarking/datasets/MIST_HER2/trainA/HE/83M2100256_13_18.jpg,/trinity/home/m.romanov/benchmarking/datasets/MIST_HER2/trainB/IHC/83M2100256_13_18.jpg
10M2102916,10M2102916_8_18,0,0,2,/trinity/home/m.romanov/benchmarking/datasets/MIST_HER2/trainA/HE/10M2102916_8_18.jpg,/trinity/home/m.romanov/benchmarking/datasets/MIST_HER2/trainB/IHC/10M2102916_8_18.jpg
69M2100632,69M2100632_8_13,0,0,2,/trinity/home/m.romanov/benchmarking/datasets/MIST_HER2/trainA/HE/69M2100632_8_13.jpg,/trinity/home/m.romanov/benchmarking/datasets/MIST_HER2/trainB/IHC/69M2100632_8_13.jpg
15M2102762,15M2102762_13_14,0,0,2,/trinity/home/m.romanov/benchmarking/datasets/MIST_HER2/trainA/HE/15M2102762_13_14.jpg,/trinity/home/m.romanov/benchmarking/datasets/MIST_HER2/trainB/IHC/15M2102762_13_14.jpg
88M2100218,88M2100218_22_16,0,0,2,/trinity/home/m.romanov/benchmarking/datasets/MIST_HER2/trainA/HE/88M2100218_22_16.jpg,/trinity/home/m.romanov/benchmarking/datasets/MIST_HER2/trainB/IHC/88M2100218_22_16.jpg
22M2102266,22M2102266_16_22,0,0,2,/trinity/home/m.romanov/benchmarking/datasets/MIST_HER2/trainA/HE/22M2102266_16_22.jpg,/trinity/home/m.romanov/benchmarking/datasets/MIST_HER2/trainB/IHC/22M2102266_16_22.jpg
47M2101316,47M2101316_13_30,0,0,2,/trinity/home/m.romanov/benchmarking/datasets/MIST_HER2/trainA/HE/47M2101316_13_30.jpg,/trinity/home/m.romanov/benchmarking/datasets/MIST_HER2/trainB/IHC/47M2101316_13_30.jpg
28M2101987,28M2101987_16_20,0,0,2,/trinity/home/m.romanov/benchmarking/datasets/MIST_HER2/trainA/HE/28M2101987_16_20.jpg,/trinity/home/m.romanov/benchmarking/datasets/MIST_HER2/trainB/IHC/28M2101987_16_20.jpg
91M2100173,91M2100173_21_21,0,0,2,/trinity/home/m.romanov/benchmarking/datasets/MIST_HER2/trainA/HE/91M2100173_21_21.jpg,/trinity/home/m.romanov/benchmarking/datasets/MIST_HER2/trainB/IHC/91M2100173_21_21.jpg
48M2101314,48M2101314_39_32,0,0,2,/trinity/home/m.romanov/benchmarking/datasets/MIST_HER2/trainA/HE/48M2101314_39_32.jpg,/trinity/home/m.romanov/benchmarking/datasets/MIST_HER2/trainB/IHC/48M2101314_39_32.jpg
50M2101298,50M2101298_8_12,0,0,2,/trinity/home/m.romanov/benchmarking/datasets/MIST_HER2/trainA/HE/50M2101298_8_12.jpg,/trinity/home/m.romanov/benchmarking/datasets/MIST_HER2/trainB/IHC/50M2101298_8_12.jpg
39M2101576,39M2101576_31_9,0,0,2,/trinity/home/m.romanov/benchmarking/datasets/MIST_HER2/trainA/HE/39M2101576_31_9.jpg,/trinity/home/m.romanov/benchmarking/datasets/MIST_HER2/trainB/IHC/39M2101576_31_9.jpg
81M2100356,81M2100356_23_29,0,0,2,/trinity/home/m.romanov/benchmarking/datasets/MIST_HER2/trainA/HE/81M2100356_23_29.jpg,/trinity/home/m.romanov/benchmarking/datasets/MIST_HER2/trainB/IHC/81M2100356_23_29.jpg
39M2101576,39M2101576_18_34,0,0,2,/trinity/home/m.romanov/benchmarking/datasets/MIST_HER2/trainA/HE/39M2101576_18_34.jpg,/trinity/home/m.romanov/benchmarking/datasets/MIST_HER2/trainB/IHC/39M2101576_18_34.jpg
76M2100485,76M2100485_25_25,0,0,2,/trinity/home/m.romanov/benchmarking/datasets/MIST_HER2/trainA/HE/76M2100485_25_25.jpg,/trinity/home/m.romanov/benchmarking/datasets/MIST_HER2/trainB/IHC/76M2100485_25_25.jpg
16M2102718,16M2102718_21_12,0,0,2,/trinity/home/m.romanov/benchmarking/datasets/MIST_HER2/trainA/HE/16M2102718_21_12.jpg,/trinity/home/m.romanov/benchmarking/datasets/MIST_HER2/trainB/IHC/16M2102718_21_12.jpg
74M2100526,74M2100526_24_25,0,0,2,/trinity/home/m.romanov/benchmarking/datasets/MIST_HER2/trainA/HE/74M2100526_24_25.jpg,/trinity/home/m.romanov/benchmarking/datasets/MIST_HER2/trainB/IHC/74M2100526_24_25.jpg
47M2101316,47M2101316_21_10,0,0,2,/trinity/home/m.romanov/benchmarking/datasets/MIST_HER2/trainA/HE/47M2101316_21_10.jpg,/trinity/home/m.romanov/benchmarking/datasets/MIST_HER2/trainB/IHC/47M2101316_21_10.jpg
100M2004069,100M2004069_11_14,0,0,2,/trinity/home/m.romanov/benchmarking/datasets/MIST_HER2/trainA/HE/100M2004069_11_14.jpg,/trinity/home/m.romanov/benchmarking/datasets/MIST_HER2/trainB/IHC/100M2004069_11_14.jpg
50M2101298,50M2101298_12_12,0,0,2,/trinity/home/m.romanov/benchmarking/datasets/MIST_HER2/trainA/HE/50M2101298_12_12.jpg,/trinity/home/m.romanov/benchmarking/datasets/MIST_HER2/trainB/IHC/50M2101298_12_12.jpg
99M2004082,99M2004082_11_15,0,0,2,/trinity/home/m.romanov/benchmarking/datasets/MIST_HER2/trainA/HE/99M2004082_11_15.jpg,/trinity/home/m.romanov/benchmarking/datasets/MIST_HER2/trainB/IHC/99M2004082_11_15.jpg
68M2100640,68M2100640_23_13,0,0,2,/trinity/home/m.romanov/benchmarking/datasets/MIST_HER2/trainA/HE/68M2100640_23_13.jpg,/trinity/home/m.romanov/benchmarking/datasets/MIST_HER2/trainB/IHC/68M2100640_23_13.jpg
47M2101316,47M2101316_8_24,0,0,2,/trinity/home/m.romanov/benchmarking/datasets/MIST_HER2/trainA/HE/47M2101316_8_24.jpg,/trinity/home/m.romanov/benchmarking/datasets/MIST_HER2/trainB/IHC/47M2101316_8_24.jpg
48M2101314,48M2101314_32_26,0,0,2,/trinity/home/m.romanov/benchmarking/datasets/MIST_HER2/trainA/HE/48M2101314_32_26.jpg,/trinity/home/m.romanov/benchmarking/datasets/MIST_HER2/trainB/IHC/48M2101314_32_26.jpg
83M2100256,83M2100256_28_13,0,0,2,/trinity/home/m.romanov/benchmarking/datasets/MIST_HER2/trainA/HE/83M2100256_28_13.jpg,/trinity/home/m.romanov/benchmarking/datasets/MIST_HER2/trainB/IHC/83M2100256_28_13.jpg
53M2101258,53M2101258_21_38,0,0,2,/trinity/home/m.romanov/benchmarking/datasets/MIST_HER2/trainA/HE/53M2101258_21_38.jpg,/trinity/home/m.romanov/benchmarking/datasets/MIST_HER2/trainB/IHC/53M2101258_21_38.jpg
39M2101576,39M2101576_29_10,0,0,2,/trinity/home/m.romanov/benchmarking/datasets/MIST_HER2/trainA/HE/39M2101576_29_10.jpg,/trinity/home/m.romanov/benchmarking/datasets/MIST_HER2/trainB/IHC/39M2101576_29_10.jpg
100M2004069,100M2004069_31_30,0,0,2,/trinity/home/m.romanov/benchmarking/datasets/MIST_HER2/trainA/HE/100M2004069_31_30.jpg,/trinity/home/m.romanov/benchmarking/datasets/MIST_HER2/trainB/IHC/100M2004069_31_30.jpg
70M2100623,70M2100623_38_13,0,0,2,/trinity/home/m.romanov/benchmarking/datasets/MIST_HER2/trainA/HE/70M2100623_38_13.jpg,/trinity/home/m.romanov/benchmarking/datasets/MIST_HER2/trainB/IHC/70M2100623_38_13.jpg
70M2100623,70M2100623_30_10,0,0,2,/trinity/home/m.romanov/benchmarking/datasets/MIST_HER2/trainA/HE/70M2100623_30_10.jpg,/trinity/home/m.romanov/benchmarking/datasets/MIST_HER2/trainB/IHC/70M2100623_30_10.jpg
79M2100417,79M2100417_25_10,0,0,2,/trinity/home/m.romanov/benchmarking/datasets/MIST_HER2/trainA/HE/79M2100417_25_10.jpg,/trinity/home/m.romanov/benchmarking/datasets/MIST_HER2/trainB/IHC/79M2100417_25_10.jpg
62M2100915,62M2100915_12_34,0,0,2,/trinity/home/m.romanov/benchmarking/datasets/MIST_HER2/trainA/HE/62M2100915_12_34.jpg,/trinity/home/m.romanov/benchmarking/datasets/MIST_HER2/trainB/IHC/62M2100915_12_34.jpg
70M2100623,70M2100623_13_8,0,0,2,/trinity/home/m.romanov/benchmarking/datasets/MIST_HER2/trainA/HE/70M2100623_13_8.jpg,/trinity/home/m.romanov/benchmarking/datasets/MIST_HER2/trainB/IHC/70M2100623_13_8.jpg
91M2100173,91M2100173_18_13,0,0,2,/trinity/home/m.romanov/benchmarking/datasets/MIST_HER2/trainA/HE/91M2100173_18_13.jpg,/trinity/home/m.romanov/benchmarking/datasets/MIST_HER2/trainB/IHC/91M2100173_18_13.jpg
27M2102007,27M2102007_8_15,0,0,2,/trinity/home/m.romanov/benchmarking/datasets/MIST_HER2/trainA/HE/27M2102007_8_15.jpg,/trinity/home/m.romanov/benchmarking/datasets/MIST_HER2/trainB/IHC/27M2102007_8_15.jpg
10M2102916,10M2102916_14_29,0,0,2,/trinity/home/m.romanov/benchmarking/datasets/MIST_HER2/trainA/HE/10M2102916_14_29.jpg,/trinity/home/m.romanov/benchmarking/datasets/MIST_HER2/trainB/IHC/10M2102916_14_29.jpg
92M2100150,92M2100150_6_21,0,0,2,/trinity/home/m.romanov/benchmarking/datasets/MIST_HER2/trainA/HE/92M2100150_6_21.jpg,/trinity/home/m.romanov/benchmarking/datasets/MIST_HER2/trainB/IHC/92M2100150_6_21.jpg
27M2102007,27M2102007_20_11,0,0,2,/trinity/home/m.romanov/benchmarking/datasets/MIST_HER2/trainA/HE/27M2102007_20_11.jpg,/trinity/home/m.romanov/benchmarking/datasets/MIST_HER2/trainB/IHC/27M2102007_20_11.jpg
74M2100526,74M2100526_22_10,0,0,2,/trinity/home/m.romanov/benchmarking/datasets/MIST_HER2/trainA/HE/74M2100526_22_10.jpg,/trinity/home/m.romanov/benchmarking/datasets/MIST_HER2/trainB/IHC/74M2100526_22_10.jpg
74M2100526,74M2100526_13_20,0,0,2,/trinity/home/m.romanov/benchmarking/datasets/MIST_HER2/trainA/HE/74M2100526_13_20.jpg,/trinity/home/m.romanov/benchmarking/datasets/MIST_HER2/trainB/IHC/74M2100526_13_20.jpg
10M2102916,10M2102916_27_33,0,0,2,/trinity/home/m.romanov/benchmarking/datasets/MIST_HER2/trainA/HE/10M2102916_27_33.jpg,/trinity/home/m.romanov/benchmarking/datasets/MIST_HER2/trainB/IHC/10M2102916_27_33.jpg
4M2103059,4M2103059_24_20,0,0,2,/trinity/home/m.romanov/benchmarking/datasets/MIST_HER2/trainA/HE/4M2103059_24_20.jpg,/trinity/home/m.romanov/benchmarking/datasets/MIST_HER2/trainB/IHC/4M2103059_24_20.jpg
93M2100147,93M2100147_11_8,0,0,2,/trinity/home/m.romanov/benchmarking/datasets/MIST_HER2/trainA/HE/93M2100147_11_8.jpg,/trinity/home/m.romanov/benchmarking/datasets/MIST_HER2/trainB/IHC/93M2100147_11_8.jpg
19M2102438,19M2102438_37_25,0,0,2,/trinity/home/m.romanov/benchmarking/datasets/MIST_HER2/trainA/HE/19M2102438_37_25.jpg,/trinity/home/m.romanov/benchmarking/datasets/MIST_HER2/trainB/IHC/19M2102438_37_25.jpg
45M2101377,45M2101377_22_26,0,0,2,/trinity/home/m.romanov/benchmarking/datasets/MIST_HER2/trainA/HE/45M2101377_22_26.jpg,/trinity/home/m.romanov/benchmarking/datasets/MIST_HER2/trainB/IHC/45M2101377_22_26.jpg
39M2101576,39M2101576_27_5,0,0,2,/trinity/home/m.romanov/benchmarking/datasets/MIST_HER2/trainA/HE/39M2101576_27_5.jpg,/trinity/home/m.romanov/benchmarking/datasets/MIST_HER2/trainB/IHC/39M2101576_27_5.jpg
99M2004082,99M2004082_8_16,0,0,2,/trinity/home/m.romanov/benchmarking/datasets/MIST_HER2/trainA/HE/99M2004082_8_16.jpg,/trinity/home/m.romanov/benchmarking/datasets/MIST_HER2/trainB/IHC/99M2004082_8_16.jpg
76M2100485,76M2100485_16_13,0,0,2,/trinity/home/m.romanov/benchmarking/datasets/MIST_HER2/trainA/HE/76M2100485_16_13.jpg,/trinity/home/m.romanov/benchmarking/datasets/MIST_HER2/trainB/IHC/76M2100485_16_13.jpg
40M2101566,40M2101566_34_20,0,0,2,/trinity/home/m.romanov/benchmarking/datasets/MIST_HER2/trainA/HE/40M2101566_34_20.jpg,/trinity/home/m.romanov/benchmarking/datasets/MIST_HER2/trainB/IHC/40M2101566_34_20.jpg
30M2101953,30M2101953_16_12,0,0,2,/trinity/home/m.romanov/benchmarking/datasets/MIST_HER2/trainA/HE/30M2101953_16_12.jpg,/trinity/home/m.romanov/benchmarking/datasets/MIST_HER2/trainB/IHC/30M2101953_16_12.jpg
92M2100150,92M2100150_22_24,0,0,2,/trinity/home/m.romanov/benchmarking/datasets/MIST_HER2/trainA/HE/92M2100150_22_24.jpg,/trinity/home/m.romanov/benchmarking/datasets/MIST_HER2/trainB/IHC/92M2100150_22_24.jpg
6M2103024,6M2103024_13_14,0,0,2,/trinity/home/m.romanov/benchmarking/datasets/MIST_HER2/trainA/HE/6M2103024_13_14.jpg,/trinity/home/m.romanov/benchmarking/datasets/MIST_HER2/trainB/IHC/6M2103024_13_14.jpg
19M2102438,19M2102438_32_8,0,0,2,/trinity/home/m.romanov/benchmarking/datasets/MIST_HER2/trainA/HE/19M2102438_32_8.jpg,/trinity/home/m.romanov/benchmarking/datasets/MIST_HER2/trainB/IHC/19M2102438_32_8.jpg
75M2100521,75M2100521_9_17,0,0,2,/trinity/home/m.romanov/benchmarking/datasets/MIST_HER2/trainA/HE/75M2100521_9_17.jpg,/trinity/home/m.romanov/benchmarking/datasets/MIST_HER2/trainB/IHC/75M2100521_9_17.jpg
79M2100417,79M2100417_12_13,0,0,2,/trinity/home/m.romanov/benchmarking/datasets/MIST_HER2/trainA/HE/79M2100417_12_13.jpg,/trinity/home/m.romanov/benchmarking/datasets/MIST_HER2/trainB/IHC/79M2100417_12_13.jpg
51M2101285,51M2101285_16_26,0,0,2,/trinity/home/m.romanov/benchmarking/datasets/MIST_HER2/trainA/HE/51M2101285_16_26.jpg,/trinity/home/m.romanov/benchmarking/datasets/MIST_HER2/trainB/IHC/51M2101285_16_26.jpg
91M2100173,91M2100173_5_9,0,0,2,/trinity/home/m.romanov/benchmarking/datasets/MIST_HER2/trainA/HE/91M2100173_5_9.jpg,/trinity/home/m.romanov/benchmarking/datasets/MIST_HER2/trainB/IHC/91M2100173_5_9.jpg
77M2100464,77M2100464_24_6,0,0,2,/trinity/home/m.romanov/benchmarking/datasets/MIST_HER2/trainA/HE/77M2100464_24_6.jpg,/trinity/home/m.romanov/benchmarking/datasets/MIST_HER2/trainB/IHC/77M2100464_24_6.jpg
81M2100356,81M2100356_26_18,0,0,2,/trinity/home/m.romanov/benchmarking/datasets/MIST_HER2/trainA/HE/81M2100356_26_18.jpg,/trinity/home/m.romanov/benchmarking/datasets/MIST_HER2/trainB/IHC/81M2100356_26_18.jpg
39M2101576,39M2101576_35_7,0,0,2,/trinity/home/m.romanov/benchmarking/datasets/MIST_HER2/trainA/HE/39M2101576_35_7.jpg,/trinity/home/m.romanov/benchmarking/datasets/MIST_HER2/trainB/IHC/39M2101576_35_7.jpg
30M2101953,30M2101953_9_9,0,0,2,/trinity/home/m.romanov/benchmarking/datasets/MIST_HER2/trainA/HE/30M2101953_9_9.jpg,/trinity/home/m.romanov/benchmarking/datasets/MIST_HER2/trainB/IHC/30M2101953_9_9.jpg
44M2101492,44M2101492_11_32,0,0,2,/trinity/home/m.romanov/benchmarking/datasets/MIST_HER2/trainA/HE/44M2101492_11_32.jpg,/trinity/home/m.romanov/benchmarking/datasets/MIST_HER2/trainB/IHC/44M2101492_11_32.jpg
60M2100980,60M2100980_9_18,0,0,2,/trinity/home/m.romanov/benchmarking/datasets/MIST_HER2/trainA/HE/60M2100980_9_18.jpg,/trinity/home/m.romanov/benchmarking/datasets/MIST_HER2/trainB/IHC/60M2100980_9_18.jpg
68M2100640,68M2100640_9_21,0,0,2,/trinity/home/m.romanov/benchmarking/datasets/MIST_HER2/trainA/HE/68M2100640_9_21.jpg,/trinity/home/m.romanov/benchmarking/datasets/MIST_HER2/trainB/IHC/68M2100640_9_21.jpg
23M2102136,23M2102136_28_5,0,0,2,/trinity/home/m.romanov/benchmarking/datasets/MIST_HER2/trainA/HE/23M2102136_28_5.jpg,/trinity/home/m.romanov/benchmarking/datasets/MIST_HER2/trainB/IHC/23M2102136_28_5.jpg
80M2100377,80M2100377_22_6,0,0,2,/trinity/home/m.romanov/benchmarking/datasets/MIST_HER2/trainA/HE/80M2100377_22_6.jpg,/trinity/home/m.romanov/benchmarking/datasets/MIST_HER2/trainB/IHC/80M2100377_22_6.jpg
98M2004096,98M2004096_29_7,0,0,2,/trinity/home/m.romanov/benchmarking/datasets/MIST_HER2/trainA/HE/98M2004096_29_7.jpg,/trinity/home/m.romanov/benchmarking/datasets/MIST_HER2/trainB/IHC/98M2004096_29_7.jpg
94M2100142,94M2100142_22_14,0,0,2,/trinity/home/m.romanov/benchmarking/datasets/MIST_HER2/trainA/HE/94M2100142_22_14.jpg,/trinity/home/m.romanov/benchmarking/datasets/MIST_HER2/trainB/IHC/94M2100142_22_14.jpg
58M2100997,58M2100997_13_16,0,0,2,/trinity/home/m.romanov/benchmarking/datasets/MIST_HER2/trainA/HE/58M2100997_13_16.jpg,/trinity/home/m.romanov/benchmarking/datasets/MIST_HER2/trainB/IHC/58M2100997_13_16.jpg
56M2101083,56M2101083_17_6,0,0,2,/trinity/home/m.romanov/benchmarking/datasets/MIST_HER2/trainA/HE/56M2101083_17_6.jpg,/trinity/home/m.romanov/benchmarking/datasets/MIST_HER2/trainB/IHC/56M2101083_17_6.jpg
30M2101953,30M2101953_20_11,0,0,2,/trinity/home/m.romanov/benchmarking/datasets/MIST_HER2/trainA/HE/30M2101953_20_11.jpg,/trinity/home/m.romanov/benchmarking/datasets/MIST_HER2/trainB/IHC/30M2101953_20_11.jpg
28M2101987,28M2101987_36_20,0,0,2,/trinity/home/m.romanov/benchmarking/datasets/MIST_HER2/trainA/HE/28M2101987_36_20.jpg,/trinity/home/m.romanov/benchmarking/datasets/MIST_HER2/trainB/IHC/28M2101987_36_20.jpg
79M2100417,79M2100417_17_17,0,0,2,/trinity/home/m.romanov/benchmarking/datasets/MIST_HER2/trainA/HE/79M2100417_17_17.jpg,/trinity/home/m.romanov/benchmarking/datasets/MIST_HER2/trainB/IHC/79M2100417_17_17.jpg
81M2100356,81M2100356_17_37,0,0,2,/trinity/home/m.romanov/benchmarking/datasets/MIST_HER2/trainA/HE/81M2100356_17_37.jpg,/trinity/home/m.romanov/benchmarking/datasets/MIST_HER2/trainB/IHC/81M2100356_17_37.jpg
87M2100227,87M2100227_22_12,0,0,2,/trinity/home/m.romanov/benchmarking/datasets/MIST_HER2/trainA/HE/87M2100227_22_12.jpg,/trinity/home/m.romanov/benchmarking/datasets/MIST_HER2/trainB/IHC/87M2100227_22_12.jpg
10M2102916,10M2102916_16_12,0,0,2,/trinity/home/m.romanov/benchmarking/datasets/MIST_HER2/trainA/HE/10M2102916_16_12.jpg,/trinity/home/m.romanov/benchmarking/datasets/MIST_HER2/trainB/IHC/10M2102916_16_12.jpg
65M2100668,65M2100668_16_17,0,0,2,/trinity/home/m.romanov/benchmarking/datasets/MIST_HER2/trainA/HE/65M2100668_16_17.jpg,/trinity/home/m.romanov/benchmarking/datasets/MIST_HER2/trainB/IHC/65M2100668_16_17.jpg
75M2100521,75M2100521_16_12,0,0,2,/trinity/home/m.romanov/benchmarking/datasets/MIST_HER2/trainA/HE/75M2100521_16_12.jpg,/trinity/home/m.romanov/benchmarking/datasets/MIST_HER2/trainB/IHC/75M2100521_16_12.jpg
52M2101275,52M2101275_23_5,0,0,2,/trinity/home/m.romanov/benchmarking/datasets/MIST_HER2/trainA/HE/52M2101275_23_5.jpg,/trinity/home/m.romanov/benchmarking/datasets/MIST_HER2/trainB/IHC/52M2101275_23_5.jpg
44M2101492,44M2101492_13_17,0,0,2,/trinity/home/m.romanov/benchmarking/datasets/MIST_HER2/trainA/HE/44M2101492_13_17.jpg,/trinity/home/m.romanov/benchmarking/datasets/MIST_HER2/trainB/IHC/44M2101492_13_17.jpg
40M2101566,40M2101566_45_17,0,0,2,/trinity/home/m.romanov/benchmarking/datasets/MIST_HER2/trainA/HE/40M2101566_45_17.jpg,/trinity/home/m.romanov/benchmarking/datasets/MIST_HER2/trainB/IHC/40M2101566_45_17.jpg
35M2101733,35M2101733_4_15,0,0,2,/trinity/home/m.romanov/benchmarking/datasets/MIST_HER2/trainA/HE/35M2101733_4_15.jpg,/trinity/home/m.romanov/benchmarking/datasets/MIST_HER2/trainB/IHC/35M2101733_4_15.jpg
33M2101839,33M2101839_9_3,0,0,2,/trinity/home/m.romanov/benchmarking/datasets/MIST_HER2/trainA/HE/33M2101839_9_3.jpg,/trinity/home/m.romanov/benchmarking/datasets/MIST_HER2/trainB/IHC/33M2101839_9_3.jpg
79M2100417,79M2100417_17_15,0,0,2,/trinity/home/m.romanov/benchmarking/datasets/MIST_HER2/trainA/HE/79M2100417_17_15.jpg,/trinity/home/m.romanov/benchmarking/datasets/MIST_HER2/trainB/IHC/79M2100417_17_15.jpg
67M2100642,67M2100642_5_17,0,0,2,/trinity/home/m.romanov/benchmarking/datasets/MIST_HER2/trainA/HE/67M2100642_5_17.jpg,/trinity/home/m.romanov/benchmarking/datasets/MIST_HER2/trainB/IHC/67M2100642_5_17.jpg
31M2101871,31M2101871_2_21,0,0,2,/trinity/home/m.romanov/benchmarking/datasets/MIST_HER2/trainA/HE/31M2101871_2_21.jpg,/trinity/home/m.romanov/benchmarking/datasets/MIST_HER2/trainB/IHC/31M2101871_2_21.jpg
56M2101083,56M2101083_16_11,0,0,2,/trinity/home/m.romanov/benchmarking/datasets/MIST_HER2/trainA/HE/56M2101083_16_11.jpg,/trinity/home/m.romanov/benchmarking/datasets/MIST_HER2/trainB/IHC/56M2101083_16_11.jpg
2M2103108,2M2103108_9_15,0,0,2,/trinity/home/m.romanov/benchmarking/datasets/MIST_HER2/trainA/HE/2M2103108_9_15.jpg,/trinity/home/m.romanov/benchmarking/datasets/MIST_HER2/trainB/IHC/2M2103108_9_15.jpg
97M2100034,97M2100034_8_21,0,0,2,/trinity/home/m.romanov/benchmarking/datasets/MIST_HER2/trainA/HE/97M2100034_8_21.jpg,/trinity/home/m.romanov/benchmarking/datasets/MIST_HER2/trainB/IHC/97M2100034_8_21.jpg
31M2101871,31M2101871_19_20,0,0,2,/trinity/home/m.romanov/benchmarking/datasets/MIST_HER2/trainA/HE/31M2101871_19_20.jpg,/trinity/home/m.romanov/benchmarking/datasets/MIST_HER2/trainB/IHC/31M2101871_19_20.jpg
81M2100356,81M2100356_12_8,0,0,2,/trinity/home/m.romanov/benchmarking/datasets/MIST_HER2/trainA/HE/81M2100356_12_8.jpg,/trinity/home/m.romanov/benchmarking/datasets/MIST_HER2/trainB/IHC/81M2100356_12_8.jpg
92M2100150,92M2100150_17_4,0,0,2,/trinity/home/m.romanov/benchmarking/datasets/MIST_HER2/trainA/HE/92M2100150_17_4.jpg,/trinity/home/m.romanov/benchmarking/datasets/MIST_HER2/trainB/IHC/92M2100150_17_4.jpg
10M2102916,10M2102916_17_8,0,0,2,/trinity/home/m.romanov/benchmarking/datasets/MIST_HER2/trainA/HE/10M2102916_17_8.jpg,/trinity/home/m.romanov/benchmarking/datasets/MIST_HER2/trainB/IHC/10M2102916_17_8.jpg
99M2004082,99M2004082_25_13,0,0,2,/trinity/home/m.romanov/benchmarking/datasets/MIST_HER2/trainA/HE/99M2004082_25_13.jpg,/trinity/home/m.romanov/benchmarking/datasets/MIST_HER2/trainB/IHC/99M2004082_25_13.jpg
45M2101377,45M2101377_23_5,0,0,2,/trinity/home/m.romanov/benchmarking/datasets/MIST_HER2/trainA/HE/45M2101377_23_5.jpg,/trinity/home/m.romanov/benchmarking/datasets/MIST_HER2/trainB/IHC/45M2101377_23_5.jpg
51M2101285,51M2101285_29_15,0,0,2,/trinity/home/m.romanov/benchmarking/datasets/MIST_HER2/trainA/HE/51M2101285_29_15.jpg,/trinity/home/m.romanov/benchmarking/datasets/MIST_HER2/trainB/IHC/51M2101285_29_15.jpg
88M2100218,88M2100218_20_6,0,0,2,/trinity/home/m.romanov/benchmarking/datasets/MIST_HER2/trainA/HE/88M2100218_20_6.jpg,/trinity/home/m.romanov/benchmarking/datasets/MIST_HER2/trainB/IHC/88M2100218_20_6.jpg
16M2102718,16M2102718_9_29,0,0,2,/trinity/home/m.romanov/benchmarking/datasets/MIST_HER2/trainA/HE/16M2102718_9_29.jpg,/trinity/home/m.romanov/benchmarking/datasets/MIST_HER2/trainB/IHC/16M2102718_9_29.jpg
98M2004096,98M2004096_17_7,0,0,2,/trinity/home/m.romanov/benchmarking/datasets/MIST_HER2/trainA/HE/98M2004096_17_7.jpg,/trinity/home/m.romanov/benchmarking/datasets/MIST_HER2/trainB/IHC/98M2004096_17_7.jpg
47M2101316,47M2101316_11_23,0,0,2,/trinity/home/m.romanov/benchmarking/datasets/MIST_HER2/trainA/HE/47M2101316_11_23.jpg,/trinity/home/m.romanov/benchmarking/datasets/MIST_HER2/trainB/IHC/47M2101316_11_23.jpg
68M2100640,68M2100640_30_26,0,0,2,/trinity/home/m.romanov/benchmarking/datasets/MIST_HER2/trainA/HE/68M2100640_30_26.jpg,/trinity/home/m.romanov/benchmarking/datasets/MIST_HER2/trainB/IHC/68M2100640_30_26.jpg
31M2101871,31M2101871_8_20,0,0,2,/trinity/home/m.romanov/benchmarking/datasets/MIST_HER2/trainA/HE/31M2101871_8_20.jpg,/trinity/home/m.romanov/benchmarking/datasets/MIST_HER2/trainB/IHC/31M2101871_8_20.jpg
94M2100142,94M2100142_26_18,0,0,2,/trinity/home/m.romanov/benchmarking/datasets/MIST_HER2/trainA/HE/94M2100142_26_18.jpg,/trinity/home/m.romanov/benchmarking/datasets/MIST_HER2/trainB/IHC/94M2100142_26_18.jpg
53M2101258,53M2101258_28_17,0,0,2,/trinity/home/m.romanov/benchmarking/datasets/MIST_HER2/trainA/HE/53M2101258_28_17.jpg,/trinity/home/m.romanov/benchmarking/datasets/MIST_HER2/trainB/IHC/53M2101258_28_17.jpg
60M2100980,60M2100980_29_14,0,0,2,/trinity/home/m.romanov/benchmarking/datasets/MIST_HER2/trainA/HE/60M2100980_29_14.jpg,/trinity/home/m.romanov/benchmarking/datasets/MIST_HER2/trainB/IHC/60M2100980_29_14.jpg
27M2102007,27M2102007_21_29,0,0,2,/trinity/home/m.romanov/benchmarking/datasets/MIST_HER2/trainA/HE/27M2102007_21_29.jpg,/trinity/home/m.romanov/benchmarking/datasets/MIST_HER2/trainB/IHC/27M2102007_21_29.jpg
88M2100218,88M2100218_9_29,0,0,2,/trinity/home/m.romanov/benchmarking/datasets/MIST_HER2/trainA/HE/88M2100218_9_29.jpg,/trinity/home/m.romanov/benchmarking/datasets/MIST_HER2/trainB/IHC/88M2100218_9_29.jpg
60M2100980,60M2100980_9_19,0,0,2,/trinity/home/m.romanov/benchmarking/datasets/MIST_HER2/trainA/HE/60M2100980_9_19.jpg,/trinity/home/m.romanov/benchmarking/datasets/MIST_HER2/trainB/IHC/60M2100980_9_19.jpg
39M2101576,39M2101576_30_12,0,0,2,/trinity/home/m.romanov/benchmarking/datasets/MIST_HER2/trainA/HE/39M2101576_30_12.jpg,/trinity/home/m.romanov/benchmarking/datasets/MIST_HER2/trainB/IHC/39M2101576_30_12.jpg
62M2100915,62M2100915_7_18,0,0,2,/trinity/home/m.romanov/benchmarking/datasets/MIST_HER2/trainA/HE/62M2100915_7_18.jpg,/trinity/home/m.romanov/benchmarking/datasets/MIST_HER2/trainB/IHC/62M2100915_7_18.jpg
28M2101987,28M2101987_27_14,0,0,2,/trinity/home/m.romanov/benchmarking/datasets/MIST_HER2/trainA/HE/28M2101987_27_14.jpg,/trinity/home/m.romanov/benchmarking/datasets/MIST_HER2/trainB/IHC/28M2101987_27_14.jpg
48M2101314,48M2101314_8_7,0,0,2,/trinity/home/m.romanov/benchmarking/datasets/MIST_HER2/trainA/HE/48M2101314_8_7.jpg,/trinity/home/m.romanov/benchmarking/datasets/MIST_HER2/trainB/IHC/48M2101314_8_7.jpg
14M2102785,14M2102785_18_9,0,0,2,/trinity/home/m.romanov/benchmarking/datasets/MIST_HER2/trainA/HE/14M2102785_18_9.jpg,/trinity/home/m.romanov/benchmarking/datasets/MIST_HER2/trainB/IHC/14M2102785_18_9.jpg
52M2101275,52M2101275_20_6,0,0,2,/trinity/home/m.romanov/benchmarking/datasets/MIST_HER2/trainA/HE/52M2101275_20_6.jpg,/trinity/home/m.romanov/benchmarking/datasets/MIST_HER2/trainB/IHC/52M2101275_20_6.jpg
88M2100218,88M2100218_31_18,0,0,2,/trinity/home/m.romanov/benchmarking/datasets/MIST_HER2/trainA/HE/88M2100218_31_18.jpg,/trinity/home/m.romanov/benchmarking/datasets/MIST_HER2/trainB/IHC/88M2100218_31_18.jpg
77M2100464,77M2100464_19_23,0,0,2,/trinity/home/m.romanov/benchmarking/datasets/MIST_HER2/trainA/HE/77M2100464_19_23.jpg,/trinity/home/m.romanov/benchmarking/datasets/MIST_HER2/trainB/IHC/77M2100464_19_23.jpg
67M2100642,67M2100642_24_19,0,0,2,/trinity/home/m.romanov/benchmarking/datasets/MIST_HER2/trainA/HE/67M2100642_24_19.jpg,/trinity/home/m.romanov/benchmarking/datasets/MIST_HER2/trainB/IHC/67M2100642_24_19.jpg
58M2100997,58M2100997_10_14,0,0,2,/trinity/home/m.romanov/benchmarking/datasets/MIST_HER2/trainA/HE/58M2100997_10_14.jpg,/trinity/home/m.romanov/benchmarking/datasets/MIST_HER2/trainB/IHC/58M2100997_10_14.jpg
30M2101953,30M2101953_20_17,0,0,2,/trinity/home/m.romanov/benchmarking/datasets/MIST_HER2/trainA/HE/30M2101953_20_17.jpg,/trinity/home/m.romanov/benchmarking/datasets/MIST_HER2/trainB/IHC/30M2101953_20_17.jpg
31M2101871,31M2101871_4_18,0,0,2,/trinity/home/m.romanov/benchmarking/datasets/MIST_HER2/trainA/HE/31M2101871_4_18.jpg,/trinity/home/m.romanov/benchmarking/datasets/MIST_HER2/trainB/IHC/31M2101871_4_18.jpg
91M2100173,91M2100173_5_15,0,0,2,/trinity/home/m.romanov/benchmarking/datasets/MIST_HER2/trainA/HE/91M2100173_5_15.jpg,/trinity/home/m.romanov/benchmarking/datasets/MIST_HER2/trainB/IHC/91M2100173_5_15.jpg
6M2103024,6M2103024_21_17,0,0,2,/trinity/home/m.romanov/benchmarking/datasets/MIST_HER2/trainA/HE/6M2103024_21_17.jpg,/trinity/home/m.romanov/benchmarking/datasets/MIST_HER2/trainB/IHC/6M2103024_21_17.jpg
2M2103108,2M2103108_28_21,0,0,2,/trinity/home/m.romanov/benchmarking/datasets/MIST_HER2/trainA/HE/2M2103108_28_21.jpg,/trinity/home/m.romanov/benchmarking/datasets/MIST_HER2/trainB/IHC/2M2103108_28_21.jpg
51M2101285,51M2101285_22_19,0,0,2,/trinity/home/m.romanov/benchmarking/datasets/MIST_HER2/trainA/HE/51M2101285_22_19.jpg,/trinity/home/m.romanov/benchmarking/datasets/MIST_HER2/trainB/IHC/51M2101285_22_19.jpg
67M2100642,67M2100642_9_10,0,0,2,/trinity/home/m.romanov/benchmarking/datasets/MIST_HER2/trainA/HE/67M2100642_9_10.jpg,/trinity/home/m.romanov/benchmarking/datasets/MIST_HER2/trainB/IHC/67M2100642_9_10.jpg
62M2100915,62M2100915_22_26,0,0,2,/trinity/home/m.romanov/benchmarking/datasets/MIST_HER2/trainA/HE/62M2100915_22_26.jpg,/trinity/home/m.romanov/benchmarking/datasets/MIST_HER2/trainB/IHC/62M2100915_22_26.jpg
2M2103108,2M2103108_27_5,0,0,2,/trinity/home/m.romanov/benchmarking/datasets/MIST_HER2/trainA/HE/2M2103108_27_5.jpg,/trinity/home/m.romanov/benchmarking/datasets/MIST_HER2/trainB/IHC/2M2103108_27_5.jpg
69M2100632,69M2100632_8_26,0,0,2,/trinity/home/m.romanov/benchmarking/datasets/MIST_HER2/trainA/HE/69M2100632_8_26.jpg,/trinity/home/m.romanov/benchmarking/datasets/MIST_HER2/trainB/IHC/69M2100632_8_26.jpg
79M2100417,79M2100417_23_12,0,0,2,/trinity/home/m.romanov/benchmarking/datasets/MIST_HER2/trainA/HE/79M2100417_23_12.jpg,/trinity/home/m.romanov/benchmarking/datasets/MIST_HER2/trainB/IHC/79M2100417_23_12.jpg
33M2101839,33M2101839_5_3,0,0,2,/trinity/home/m.romanov/benchmarking/datasets/MIST_HER2/trainA/HE/33M2101839_5_3.jpg,/trinity/home/m.romanov/benchmarking/datasets/MIST_HER2/trainB/IHC/33M2101839_5_3.jpg
51M2101285,51M2101285_20_23,0,0,2,/trinity/home/m.romanov/benchmarking/datasets/MIST_HER2/trainA/HE/51M2101285_20_23.jpg,/trinity/home/m.romanov/benchmarking/datasets/MIST_HER2/trainB/IHC/51M2101285_20_23.jpg
4M2103059,4M2103059_16_16,0,0,2,/trinity/home/m.romanov/benchmarking/datasets/MIST_HER2/trainA/HE/4M2103059_16_16.jpg,/trinity/home/m.romanov/benchmarking/datasets/MIST_HER2/trainB/IHC/4M2103059_16_16.jpg
76M2100485,76M2100485_19_29,0,0,2,/trinity/home/m.romanov/benchmarking/datasets/MIST_HER2/trainA/HE/76M2100485_19_29.jpg,/trinity/home/m.romanov/benchmarking/datasets/MIST_HER2/trainB/IHC/76M2100485_19_29.jpg
59M2100987,59M2100987_12_17,0,0,2,/trinity/home/m.romanov/benchmarking/datasets/MIST_HER2/trainA/HE/59M2100987_12_17.jpg,/trinity/home/m.romanov/benchmarking/datasets/MIST_HER2/trainB/IHC/59M2100987_12_17.jpg
23M2102136,23M2102136_31_5,0,0,2,/trinity/home/m.romanov/benchmarking/datasets/MIST_HER2/trainA/HE/23M2102136_31_5.jpg,/trinity/home/m.romanov/benchmarking/datasets/MIST_HER2/trainB/IHC/23M2102136_31_5.jpg
47M2101316,47M2101316_8_30,0,0,2,/trinity/home/m.romanov/benchmarking/datasets/MIST_HER2/trainA/HE/47M2101316_8_30.jpg,/trinity/home/m.romanov/benchmarking/datasets/MIST_HER2/trainB/IHC/47M2101316_8_30.jpg
50M2101298,50M2101298_12_11,0,0,2,/trinity/home/m.romanov/benchmarking/datasets/MIST_HER2/trainA/HE/50M2101298_12_11.jpg,/trinity/home/m.romanov/benchmarking/datasets/MIST_HER2/trainB/IHC/50M2101298_12_11.jpg
16M2102718,16M2102718_28_16,0,0,2,/trinity/home/m.romanov/benchmarking/datasets/MIST_HER2/trainA/HE/16M2102718_28_16.jpg,/trinity/home/m.romanov/benchmarking/datasets/MIST_HER2/trainB/IHC/16M2102718_28_16.jpg
65M2100668,65M2100668_23_9,0,0,2,/trinity/home/m.romanov/benchmarking/datasets/MIST_HER2/trainA/HE/65M2100668_23_9.jpg,/trinity/home/m.romanov/benchmarking/datasets/MIST_HER2/trainB/IHC/65M2100668_23_9.jpg
98M2004096,98M2004096_17_6,0,0,2,/trinity/home/m.romanov/benchmarking/datasets/MIST_HER2/trainA/HE/98M2004096_17_6.jpg,/trinity/home/m.romanov/benchmarking/datasets/MIST_HER2/trainB/IHC/98M2004096_17_6.jpg
27M2102007,27M2102007_14_8,0,0,2,/trinity/home/m.romanov/benchmarking/datasets/MIST_HER2/trainA/HE/27M2102007_14_8.jpg,/trinity/home/m.romanov/benchmarking/datasets/MIST_HER2/trainB/IHC/27M2102007_14_8.jpg
91M2100173,91M2100173_22_16,0,0,2,/trinity/home/m.romanov/benchmarking/datasets/MIST_HER2/trainA/HE/91M2100173_22_16.jpg,/trinity/home/m.romanov/benchmarking/datasets/MIST_HER2/trainB/IHC/91M2100173_22_16.jpg
23M2102136,23M2102136_26_17,0,0,2,/trinity/home/m.romanov/benchmarking/datasets/MIST_HER2/trainA/HE/23M2102136_26_17.jpg,/trinity/home/m.romanov/benchmarking/datasets/MIST_HER2/trainB/IHC/23M2102136_26_17.jpg
70M2100623,70M2100623_38_10,0,0,2,/trinity/home/m.romanov/benchmarking/datasets/MIST_HER2/trainA/HE/70M2100623_38_10.jpg,/trinity/home/m.romanov/benchmarking/datasets/MIST_HER2/trainB/IHC/70M2100623_38_10.jpg
58M2100997,58M2100997_32_10,0,0,2,/trinity/home/m.romanov/benchmarking/datasets/MIST_HER2/trainA/HE/58M2100997_32_10.jpg,/trinity/home/m.romanov/benchmarking/datasets/MIST_HER2/trainB/IHC/58M2100997_32_10.jpg
30M2101953,30M2101953_15_17,0,0,2,/trinity/home/m.romanov/benchmarking/datasets/MIST_HER2/trainA/HE/30M2101953_15_17.jpg,/trinity/home/m.romanov/benchmarking/datasets/MIST_HER2/trainB/IHC/30M2101953_15_17.jpg
14M2102785,14M2102785_21_15,0,0,2,/trinity/home/m.romanov/benchmarking/datasets/MIST_HER2/trainA/HE/14M2102785_21_15.jpg,/trinity/home/m.romanov/benchmarking/datasets/MIST_HER2/trainB/IHC/14M2102785_21_15.jpg
16M2102718,16M2102718_24_12,0,0,2,/trinity/home/m.romanov/benchmarking/datasets/MIST_HER2/trainA/HE/16M2102718_24_12.jpg,/trinity/home/m.romanov/benchmarking/datasets/MIST_HER2/trainB/IHC/16M2102718_24_12.jpg
10M2102916,10M2102916_37_18,0,0,2,/trinity/home/m.romanov/benchmarking/datasets/MIST_HER2/trainA/HE/10M2102916_37_18.jpg,/trinity/home/m.romanov/benchmarking/datasets/MIST_HER2/trainB/IHC/10M2102916_37_18.jpg
19M2102438,19M2102438_28_24,0,0,2,/trinity/home/m.romanov/benchmarking/datasets/MIST_HER2/trainA/HE/19M2102438_28_24.jpg,/trinity/home/m.romanov/benchmarking/datasets/MIST_HER2/trainB/IHC/19M2102438_28_24.jpg
81M2100356,81M2100356_32_14,0,0,2,/trinity/home/m.romanov/benchmarking/datasets/MIST_HER2/trainA/HE/81M2100356_32_14.jpg,/trinity/home/m.romanov/benchmarking/datasets/MIST_HER2/trainB/IHC/81M2100356_32_14.jpg
99M2004082,99M2004082_30_9,0,0,2,/trinity/home/m.romanov/benchmarking/datasets/MIST_HER2/trainA/HE/99M2004082_30_9.jpg,/trinity/home/m.romanov/benchmarking/datasets/MIST_HER2/trainB/IHC/99M2004082_30_9.jpg
83M2100256,83M2100256_23_18,0,0,2,/trinity/home/m.romanov/benchmarking/datasets/MIST_HER2/trainA/HE/83M2100256_23_18.jpg,/trinity/home/m.romanov/benchmarking/datasets/MIST_HER2/trainB/IHC/83M2100256_23_18.jpg
70M2100623,70M2100623_8_9,0,0,2,/trinity/home/m.romanov/benchmarking/datasets/MIST_HER2/trainA/HE/70M2100623_8_9.jpg,/trinity/home/m.romanov/benchmarking/datasets/MIST_HER2/trainB/IHC/70M2100623_8_9.jpg
83M2100256,83M2100256_15_22,0,0,2,/trinity/home/m.romanov/benchmarking/datasets/MIST_HER2/trainA/HE/83M2100256_15_22.jpg,/trinity/home/m.romanov/benchmarking/datasets/MIST_HER2/trainB/IHC/83M2100256_15_22.jpg
54M2101205,54M2101205_19_9,0,0,2,/trinity/home/m.romanov/benchmarking/datasets/MIST_HER2/trainA/HE/54M2101205_19_9.jpg,/trinity/home/m.romanov/benchmarking/datasets/MIST_HER2/trainB/IHC/54M2101205_19_9.jpg
75M2100521,75M2100521_15_13,0,0,2,/trinity/home/m.romanov/benchmarking/datasets/MIST_HER2/trainA/HE/75M2100521_15_13.jpg,/trinity/home/m.romanov/benchmarking/datasets/MIST_HER2/trainB/IHC/75M2100521_15_13.jpg
99M2004082,99M2004082_17_6,0,0,2,/trinity/home/m.romanov/benchmarking/datasets/MIST_HER2/trainA/HE/99M2004082_17_6.jpg,/trinity/home/m.romanov/benchmarking/datasets/MIST_HER2/trainB/IHC/99M2004082_17_6.jpg
48M2101314,48M2101314_44_22,0,0,2,/trinity/home/m.romanov/benchmarking/datasets/MIST_HER2/trainA/HE/48M2101314_44_22.jpg,/trinity/home/m.romanov/benchmarking/datasets/MIST_HER2/trainB/IHC/48M2101314_44_22.jpg
77M2100464,77M2100464_28_18,0,0,2,/trinity/home/m.romanov/benchmarking/datasets/MIST_HER2/trainA/HE/77M2100464_28_18.jpg,/trinity/home/m.romanov/benchmarking/datasets/MIST_HER2/trainB/IHC/77M2100464_28_18.jpg
15M2102762,15M2102762_10_16,0,0,2,/trinity/home/m.romanov/benchmarking/datasets/MIST_HER2/trainA/HE/15M2102762_10_16.jpg,/trinity/home/m.romanov/benchmarking/datasets/MIST_HER2/trainB/IHC/15M2102762_10_16.jpg
47M2101316,47M2101316_27_22,0,0,2,/trinity/home/m.romanov/benchmarking/datasets/MIST_HER2/trainA/HE/47M2101316_27_22.jpg,/trinity/home/m.romanov/benchmarking/datasets/MIST_HER2/trainB/IHC/47M2101316_27_22.jpg
39M2101576,39M2101576_17_9,0,0,2,/trinity/home/m.romanov/benchmarking/datasets/MIST_HER2/trainA/HE/39M2101576_17_9.jpg,/trinity/home/m.romanov/benchmarking/datasets/MIST_HER2/trainB/IHC/39M2101576_17_9.jpg
94M2100142,94M2100142_19_17,0,0,2,/trinity/home/m.romanov/benchmarking/datasets/MIST_HER2/trainA/HE/94M2100142_19_17.jpg,/trinity/home/m.romanov/benchmarking/datasets/MIST_HER2/trainB/IHC/94M2100142_19_17.jpg
27M2102007,27M2102007_21_9,0,0,2,/trinity/home/m.romanov/benchmarking/datasets/MIST_HER2/trainA/HE/27M2102007_21_9.jpg,/trinity/home/m.romanov/benchmarking/datasets/MIST_HER2/trainB/IHC/27M2102007_21_9.jpg
16M2102718,16M2102718_26_12,0,0,2,/trinity/home/m.romanov/benchmarking/datasets/MIST_HER2/trainA/HE/16M2102718_26_12.jpg,/trinity/home/m.romanov/benchmarking/datasets/MIST_HER2/trainB/IHC/16M2102718_26_12.jpg
67M2100642,67M2100642_3_10,0,0,2,/trinity/home/m.romanov/benchmarking/datasets/MIST_HER2/trainA/HE/67M2100642_3_10.jpg,/trinity/home/m.romanov/benchmarking/datasets/MIST_HER2/trainB/IHC/67M2100642_3_10.jpg
40M2101566,40M2101566_44_40,0,0,2,/trinity/home/m.romanov/benchmarking/datasets/MIST_HER2/trainA/HE/40M2101566_44_40.jpg,/trinity/home/m.romanov/benchmarking/datasets/MIST_HER2/trainB/IHC/40M2101566_44_40.jpg
60M2100980,60M2100980_9_15,0,0,2,/trinity/home/m.romanov/benchmarking/datasets/MIST_HER2/trainA/HE/60M2100980_9_15.jpg,/trinity/home/m.romanov/benchmarking/datasets/MIST_HER2/trainB/IHC/60M2100980_9_15.jpg
44M2101492,44M2101492_15_6,0,0,2,/trinity/home/m.romanov/benchmarking/datasets/MIST_HER2/trainA/HE/44M2101492_15_6.jpg,/trinity/home/m.romanov/benchmarking/datasets/MIST_HER2/trainB/IHC/44M2101492_15_6.jpg
25M2102060,25M2102060_31_26,0,0,2,/trinity/home/m.romanov/benchmarking/datasets/MIST_HER2/trainA/HE/25M2102060_31_26.jpg,/trinity/home/m.romanov/benchmarking/datasets/MIST_HER2/trainB/IHC/25M2102060_31_26.jpg
98M2004096,98M2004096_26_3,0,0,2,/trinity/home/m.romanov/benchmarking/datasets/MIST_HER2/trainA/HE/98M2004096_26_3.jpg,/trinity/home/m.romanov/benchmarking/datasets/MIST_HER2/trainB/IHC/98M2004096_26_3.jpg
89M2100212,89M2100212_18_13,0,0,2,/trinity/home/m.romanov/benchmarking/datasets/MIST_HER2/trainA/HE/89M2100212_18_13.jpg,/trinity/home/m.romanov/benchmarking/datasets/MIST_HER2/trainB/IHC/89M2100212_18_13.jpg
99M2004082,99M2004082_29_18,0,0,2,/trinity/home/m.romanov/benchmarking/datasets/MIST_HER2/trainA/HE/99M2004082_29_18.jpg,/trinity/home/m.romanov/benchmarking/datasets/MIST_HER2/trainB/IHC/99M2004082_29_18.jpg
45M2101377,45M2101377_8_7,0,0,2,/trinity/home/m.romanov/benchmarking/datasets/MIST_HER2/trainA/HE/45M2101377_8_7.jpg,/trinity/home/m.romanov/benchmarking/datasets/MIST_HER2/trainB/IHC/45M2101377_8_7.jpg
76M2100485,76M2100485_23_14,0,0,2,/trinity/home/m.romanov/benchmarking/datasets/MIST_HER2/trainA/HE/76M2100485_23_14.jpg,/trinity/home/m.romanov/benchmarking/datasets/MIST_HER2/trainB/IHC/76M2100485_23_14.jpg
97M2100034,97M2100034_26_8,0,0,2,/trinity/home/m.romanov/benchmarking/datasets/MIST_HER2/trainA/HE/97M2100034_26_8.jpg,/trinity/home/m.romanov/benchmarking/datasets/MIST_HER2/trainB/IHC/97M2100034_26_8.jpg
74M2100526,74M2100526_29_22,0,0,2,/trinity/home/m.romanov/benchmarking/datasets/MIST_HER2/trainA/HE/74M2100526_29_22.jpg,/trinity/home/m.romanov/benchmarking/datasets/MIST_HER2/trainB/IHC/74M2100526_29_22.jpg
44M2101492,44M2101492_4_33,0,0,2,/trinity/home/m.romanov/benchmarking/datasets/MIST_HER2/trainA/HE/44M2101492_4_33.jpg,/trinity/home/m.romanov/benchmarking/datasets/MIST_HER2/trainB/IHC/44M2101492_4_33.jpg
59M2100987,59M2100987_27_5,0,0,2,/trinity/home/m.romanov/benchmarking/datasets/MIST_HER2/trainA/HE/59M2100987_27_5.jpg,/trinity/home/m.romanov/benchmarking/datasets/MIST_HER2/trainB/IHC/59M2100987_27_5.jpg
39M2101576,39M2101576_19_15,0,0,2,/trinity/home/m.romanov/benchmarking/datasets/MIST_HER2/trainA/HE/39M2101576_19_15.jpg,/trinity/home/m.romanov/benchmarking/datasets/MIST_HER2/trainB/IHC/39M2101576_19_15.jpg
25M2102060,25M2102060_6_10,0,0,2,/trinity/home/m.romanov/benchmarking/datasets/MIST_HER2/trainA/HE/25M2102060_6_10.jpg,/trinity/home/m.romanov/benchmarking/datasets/MIST_HER2/trainB/IHC/25M2102060_6_10.jpg
27M2102007,27M2102007_10_20,0,0,2,/trinity/home/m.romanov/benchmarking/datasets/MIST_HER2/trainA/HE/27M2102007_10_20.jpg,/trinity/home/m.romanov/benchmarking/datasets/MIST_HER2/trainB/IHC/27M2102007_10_20.jpg
56M2101083,56M2101083_28_36,0,0,2,/trinity/home/m.romanov/benchmarking/datasets/MIST_HER2/trainA/HE/56M2101083_28_36.jpg,/trinity/home/m.romanov/benchmarking/datasets/MIST_HER2/trainB/IHC/56M2101083_28_36.jpg
2M2103108,2M2103108_17_12,0,0,2,/trinity/home/m.romanov/benchmarking/datasets/MIST_HER2/trainA/HE/2M2103108_17_12.jpg,/trinity/home/m.romanov/benchmarking/datasets/MIST_HER2/trainB/IHC/2M2103108_17_12.jpg
99M2004082,99M2004082_18_9,0,0,2,/trinity/home/m.romanov/benchmarking/datasets/MIST_HER2/trainA/HE/99M2004082_18_9.jpg,/trinity/home/m.romanov/benchmarking/datasets/MIST_HER2/trainB/IHC/99M2004082_18_9.jpg
79M2100417,79M2100417_18_21,0,0,2,/trinity/home/m.romanov/benchmarking/datasets/MIST_HER2/trainA/HE/79M2100417_18_21.jpg,/trinity/home/m.romanov/benchmarking/datasets/MIST_HER2/trainB/IHC/79M2100417_18_21.jpg
4M2103059,4M2103059_29_13,0,0,2,/trinity/home/m.romanov/benchmarking/datasets/MIST_HER2/trainA/HE/4M2103059_29_13.jpg,/trinity/home/m.romanov/benchmarking/datasets/MIST_HER2/trainB/IHC/4M2103059_29_13.jpg
92M2100150,92M2100150_13_15,0,0,2,/trinity/home/m.romanov/benchmarking/datasets/MIST_HER2/trainA/HE/92M2100150_13_15.jpg,/trinity/home/m.romanov/benchmarking/datasets/MIST_HER2/trainB/IHC/92M2100150_13_15.jpg
53M2101258,53M2101258_34_12,0,0,2,/trinity/home/m.romanov/benchmarking/datasets/MIST_HER2/trainA/HE/53M2101258_34_12.jpg,/trinity/home/m.romanov/benchmarking/datasets/MIST_HER2/trainB/IHC/53M2101258_34_12.jpg
99M2004082,99M2004082_33_3,0,0,2,/trinity/home/m.romanov/benchmarking/datasets/MIST_HER2/trainA/HE/99M2004082_33_3.jpg,/trinity/home/m.romanov/benchmarking/datasets/MIST_HER2/trainB/IHC/99M2004082_33_3.jpg
6M2103024,6M2103024_22_16,0,0,2,/trinity/home/m.romanov/benchmarking/datasets/MIST_HER2/trainA/HE/6M2103024_22_16.jpg,/trinity/home/m.romanov/benchmarking/datasets/MIST_HER2/trainB/IHC/6M2103024_22_16.jpg
39M2101576,39M2101576_22_29,0,0,2,/trinity/home/m.romanov/benchmarking/datasets/MIST_HER2/trainA/HE/39M2101576_22_29.jpg,/trinity/home/m.romanov/benchmarking/datasets/MIST_HER2/trainB/IHC/39M2101576_22_29.jpg
16M2102718,16M2102718_15_7,0,0,2,/trinity/home/m.romanov/benchmarking/datasets/MIST_HER2/trainA/HE/16M2102718_15_7.jpg,/trinity/home/m.romanov/benchmarking/datasets/MIST_HER2/trainB/IHC/16M2102718_15_7.jpg
100M2004069,100M2004069_26_16,0,0,2,/trinity/home/m.romanov/benchmarking/datasets/MIST_HER2/trainA/HE/100M2004069_26_16.jpg,/trinity/home/m.romanov/benchmarking/datasets/MIST_HER2/trainB/IHC/100M2004069_26_16.jpg
27M2102007,27M2102007_8_17,0,0,2,/trinity/home/m.romanov/benchmarking/datasets/MIST_HER2/trainA/HE/27M2102007_8_17.jpg,/trinity/home/m.romanov/benchmarking/datasets/MIST_HER2/trainB/IHC/27M2102007_8_17.jpg
74M2100526,74M2100526_18_10,0,0,2,/trinity/home/m.romanov/benchmarking/datasets/MIST_HER2/trainA/HE/74M2100526_18_10.jpg,/trinity/home/m.romanov/benchmarking/datasets/MIST_HER2/trainB/IHC/74M2100526_18_10.jpg
68M2100640,68M2100640_3_20,0,0,2,/trinity/home/m.romanov/benchmarking/datasets/MIST_HER2/trainA/HE/68M2100640_3_20.jpg,/trinity/home/m.romanov/benchmarking/datasets/MIST_HER2/trainB/IHC/68M2100640_3_20.jpg
100M2004069,100M2004069_30_23,0,0,2,/trinity/home/m.romanov/benchmarking/datasets/MIST_HER2/trainA/HE/100M2004069_30_23.jpg,/trinity/home/m.romanov/benchmarking/datasets/MIST_HER2/trainB/IHC/100M2004069_30_23.jpg
91M2100173,91M2100173_8_12,0,0,2,/trinity/home/m.romanov/benchmarking/datasets/MIST_HER2/trainA/HE/91M2100173_8_12.jpg,/trinity/home/m.romanov/benchmarking/datasets/MIST_HER2/trainB/IHC/91M2100173_8_12.jpg
80M2100377,80M2100377_34_17,0,0,2,/trinity/home/m.romanov/benchmarking/datasets/MIST_HER2/trainA/HE/80M2100377_34_17.jpg,/trinity/home/m.romanov/benchmarking/datasets/MIST_HER2/trainB/IHC/80M2100377_34_17.jpg
76M2100485,76M2100485_23_19,0,0,2,/trinity/home/m.romanov/benchmarking/datasets/MIST_HER2/trainA/HE/76M2100485_23_19.jpg,/trinity/home/m.romanov/benchmarking/datasets/MIST_HER2/trainB/IHC/76M2100485_23_19.jpg
27M2102007,27M2102007_19_20,0,0,2,/trinity/home/m.romanov/benchmarking/datasets/MIST_HER2/trainA/HE/27M2102007_19_20.jpg,/trinity/home/m.romanov/benchmarking/datasets/MIST_HER2/trainB/IHC/27M2102007_19_20.jpg
74M2100526,74M2100526_19_26,0,0,2,/trinity/home/m.romanov/benchmarking/datasets/MIST_HER2/trainA/HE/74M2100526_19_26.jpg,/trinity/home/m.romanov/benchmarking/datasets/MIST_HER2/trainB/IHC/74M2100526_19_26.jpg
58M2100997,58M2100997_28_23,0,0,2,/trinity/home/m.romanov/benchmarking/datasets/MIST_HER2/trainA/HE/58M2100997_28_23.jpg,/trinity/home/m.romanov/benchmarking/datasets/MIST_HER2/trainB/IHC/58M2100997_28_23.jpg
6M2103024,6M2103024_24_20,0,0,2,/trinity/home/m.romanov/benchmarking/datasets/MIST_HER2/trainA/HE/6M2103024_24_20.jpg,/trinity/home/m.romanov/benchmarking/datasets/MIST_HER2/trainB/IHC/6M2103024_24_20.jpg
74M2100526,74M2100526_8_21,0,0,2,/trinity/home/m.romanov/benchmarking/datasets/MIST_HER2/trainA/HE/74M2100526_8_21.jpg,/trinity/home/m.romanov/benchmarking/datasets/MIST_HER2/trainB/IHC/74M2100526_8_21.jpg
58M2100997,58M2100997_15_19,0,0,2,/trinity/home/m.romanov/benchmarking/datasets/MIST_HER2/trainA/HE/58M2100997_15_19.jpg,/trinity/home/m.romanov/benchmarking/datasets/MIST_HER2/trainB/IHC/58M2100997_15_19.jpg
31M2101871,31M2101871_8_25,0,0,2,/trinity/home/m.romanov/benchmarking/datasets/MIST_HER2/trainA/HE/31M2101871_8_25.jpg,/trinity/home/m.romanov/benchmarking/datasets/MIST_HER2/trainB/IHC/31M2101871_8_25.jpg
52M2101275,52M2101275_17_5,0,0,2,/trinity/home/m.romanov/benchmarking/datasets/MIST_HER2/trainA/HE/52M2101275_17_5.jpg,/trinity/home/m.romanov/benchmarking/datasets/MIST_HER2/trainB/IHC/52M2101275_17_5.jpg
56M2101083,56M2101083_29_20,0,0,2,/trinity/home/m.romanov/benchmarking/datasets/MIST_HER2/trainA/HE/56M2101083_29_20.jpg,/trinity/home/m.romanov/benchmarking/datasets/MIST_HER2/trainB/IHC/56M2101083_29_20.jpg
70M2100623,70M2100623_37_9,0,0,2,/trinity/home/m.romanov/benchmarking/datasets/MIST_HER2/trainA/HE/70M2100623_37_9.jpg,/trinity/home/m.romanov/benchmarking/datasets/MIST_HER2/trainB/IHC/70M2100623_37_9.jpg
97M2100034,97M2100034_20_5,0,0,2,/trinity/home/m.romanov/benchmarking/datasets/MIST_HER2/trainA/HE/97M2100034_20_5.jpg,/trinity/home/m.romanov/benchmarking/datasets/MIST_HER2/trainB/IHC/97M2100034_20_5.jpg
94M2100142,94M2100142_30_9,0,0,2,/trinity/home/m.romanov/benchmarking/datasets/MIST_HER2/trainA/HE/94M2100142_30_9.jpg,/trinity/home/m.romanov/benchmarking/datasets/MIST_HER2/trainB/IHC/94M2100142_30_9.jpg
99M2004082,99M2004082_31_11,0,0,2,/trinity/home/m.romanov/benchmarking/datasets/MIST_HER2/trainA/HE/99M2004082_31_11.jpg,/trinity/home/m.romanov/benchmarking/datasets/MIST_HER2/trainB/IHC/99M2004082_31_11.jpg
25M2102060,25M2102060_8_9,0,0,2,/trinity/home/m.romanov/benchmarking/datasets/MIST_HER2/trainA/HE/25M2102060_8_9.jpg,/trinity/home/m.romanov/benchmarking/datasets/MIST_HER2/trainB/IHC/25M2102060_8_9.jpg
62M2100915,62M2100915_25_29,0,0,2,/trinity/home/m.romanov/benchmarking/datasets/MIST_HER2/trainA/HE/62M2100915_25_29.jpg,/trinity/home/m.romanov/benchmarking/datasets/MIST_HER2/trainB/IHC/62M2100915_25_29.jpg
50M2101298,50M2101298_21_14,0,0,2,/trinity/home/m.romanov/benchmarking/datasets/MIST_HER2/trainA/HE/50M2101298_21_14.jpg,/trinity/home/m.romanov/benchmarking/datasets/MIST_HER2/trainB/IHC/50M2101298_21_14.jpg
2M2103108,2M2103108_8_13,0,0,2,/trinity/home/m.romanov/benchmarking/datasets/MIST_HER2/trainA/HE/2M2103108_8_13.jpg,/trinity/home/m.romanov/benchmarking/datasets/MIST_HER2/trainB/IHC/2M2103108_8_13.jpg
2M2103108,2M2103108_29_4,0,0,2,/trinity/home/m.romanov/benchmarking/datasets/MIST_HER2/trainA/HE/2M2103108_29_4.jpg,/trinity/home/m.romanov/benchmarking/datasets/MIST_HER2/trainB/IHC/2M2103108_29_4.jpg
4M2103059,4M2103059_12_8,0,0,2,/trinity/home/m.romanov/benchmarking/datasets/MIST_HER2/trainA/HE/4M2103059_12_8.jpg,/trinity/home/m.romanov/benchmarking/datasets/MIST_HER2/trainB/IHC/4M2103059_12_8.jpg
25M2102060,25M2102060_29_27,0,0,2,/trinity/home/m.romanov/benchmarking/datasets/MIST_HER2/trainA/HE/25M2102060_29_27.jpg,/trinity/home/m.romanov/benchmarking/datasets/MIST_HER2/trainB/IHC/25M2102060_29_27.jpg
77M2100464,77M2100464_3_15,0,0,2,/trinity/home/m.romanov/benchmarking/datasets/MIST_HER2/trainA/HE/77M2100464_3_15.jpg,/trinity/home/m.romanov/benchmarking/datasets/MIST_HER2/trainB/IHC/77M2100464_3_15.jpg
14M2102785,14M2102785_22_5,0,0,2,/trinity/home/m.romanov/benchmarking/datasets/MIST_HER2/trainA/HE/14M2102785_22_5.jpg,/trinity/home/m.romanov/benchmarking/datasets/MIST_HER2/trainB/IHC/14M2102785_22_5.jpg
68M2100640,68M2100640_18_9,0,0,2,/trinity/home/m.romanov/benchmarking/datasets/MIST_HER2/trainA/HE/68M2100640_18_9.jpg,/trinity/home/m.romanov/benchmarking/datasets/MIST_HER2/trainB/IHC/68M2100640_18_9.jpg
16M2102718,16M2102718_11_24,0,0,2,/trinity/home/m.romanov/benchmarking/datasets/MIST_HER2/trainA/HE/16M2102718_11_24.jpg,/trinity/home/m.romanov/benchmarking/datasets/MIST_HER2/trainB/IHC/16M2102718_11_24.jpg
75M2100521,75M2100521_11_18,0,0,2,/trinity/home/m.romanov/benchmarking/datasets/MIST_HER2/trainA/HE/75M2100521_11_18.jpg,/trinity/home/m.romanov/benchmarking/datasets/MIST_HER2/trainB/IHC/75M2100521_11_18.jpg
30M2101953,30M2101953_9_13,0,0,2,/trinity/home/m.romanov/benchmarking/datasets/MIST_HER2/trainA/HE/30M2101953_9_13.jpg,/trinity/home/m.romanov/benchmarking/datasets/MIST_HER2/trainB/IHC/30M2101953_9_13.jpg
79M2100417,79M2100417_28_19,0,0,2,/trinity/home/m.romanov/benchmarking/datasets/MIST_HER2/trainA/HE/79M2100417_28_19.jpg,/trinity/home/m.romanov/benchmarking/datasets/MIST_HER2/trainB/IHC/79M2100417_28_19.jpg
68M2100640,68M2100640_27_15,0,0,2,/trinity/home/m.romanov/benchmarking/datasets/MIST_HER2/trainA/HE/68M2100640_27_15.jpg,/trinity/home/m.romanov/benchmarking/datasets/MIST_HER2/trainB/IHC/68M2100640_27_15.jpg
58M2100997,58M2100997_4_10,0,0,2,/trinity/home/m.romanov/benchmarking/datasets/MIST_HER2/trainA/HE/58M2100997_4_10.jpg,/trinity/home/m.romanov/benchmarking/datasets/MIST_HER2/trainB/IHC/58M2100997_4_10.jpg
75M2100521,75M2100521_7_15,0,0,2,/trinity/home/m.romanov/benchmarking/datasets/MIST_HER2/trainA/HE/75M2100521_7_15.jpg,/trinity/home/m.romanov/benchmarking/datasets/MIST_HER2/trainB/IHC/75M2100521_7_15.jpg
99M2004082,99M2004082_13_14,0,0,2,/trinity/home/m.romanov/benchmarking/datasets/MIST_HER2/trainA/HE/99M2004082_13_14.jpg,/trinity/home/m.romanov/benchmarking/datasets/MIST_HER2/trainB/IHC/99M2004082_13_14.jpg
81M2100356,81M2100356_13_13,0,0,2,/trinity/home/m.romanov/benchmarking/datasets/MIST_HER2/trainA/HE/81M2100356_13_13.jpg,/trinity/home/m.romanov/benchmarking/datasets/MIST_HER2/trainB/IHC/81M2100356_13_13.jpg
51M2101285,51M2101285_20_24,0,0,2,/trinity/home/m.romanov/benchmarking/datasets/MIST_HER2/trainA/HE/51M2101285_20_24.jpg,/trinity/home/m.romanov/benchmarking/datasets/MIST_HER2/trainB/IHC/51M2101285_20_24.jpg
15M2102762,15M2102762_20_10,0,0,2,/trinity/home/m.romanov/benchmarking/datasets/MIST_HER2/trainA/HE/15M2102762_20_10.jpg,/trinity/home/m.romanov/benchmarking/datasets/MIST_HER2/trainB/IHC/15M2102762_20_10.jpg
74M2100526,74M2100526_13_14,0,0,2,/trinity/home/m.romanov/benchmarking/datasets/MIST_HER2/trainA/HE/74M2100526_13_14.jpg,/trinity/home/m.romanov/benchmarking/datasets/MIST_HER2/trainB/IHC/74M2100526_13_14.jpg
98M2004096,98M2004096_26_6,0,0,2,/trinity/home/m.romanov/benchmarking/datasets/MIST_HER2/trainA/HE/98M2004096_26_6.jpg,/trinity/home/m.romanov/benchmarking/datasets/MIST_HER2/trainB/IHC/98M2004096_26_6.jpg
22M2102266,22M2102266_19_21,0,0,2,/trinity/home/m.romanov/benchmarking/datasets/MIST_HER2/trainA/HE/22M2102266_19_21.jpg,/trinity/home/m.romanov/benchmarking/datasets/MIST_HER2/trainB/IHC/22M2102266_19_21.jpg
97M2100034,97M2100034_28_13,0,0,2,/trinity/home/m.romanov/benchmarking/datasets/MIST_HER2/trainA/HE/97M2100034_28_13.jpg,/trinity/home/m.romanov/benchmarking/datasets/MIST_HER2/trainB/IHC/97M2100034_28_13.jpg
44M2101492,44M2101492_7_18,0,0,2,/trinity/home/m.romanov/benchmarking/datasets/MIST_HER2/trainA/HE/44M2101492_7_18.jpg,/trinity/home/m.romanov/benchmarking/datasets/MIST_HER2/trainB/IHC/44M2101492_7_18.jpg
92M2100150,92M2100150_15_13,0,0,2,/trinity/home/m.romanov/benchmarking/datasets/MIST_HER2/trainA/HE/92M2100150_15_13.jpg,/trinity/home/m.romanov/benchmarking/datasets/MIST_HER2/trainB/IHC/92M2100150_15_13.jpg
10M2102916,10M2102916_37_16,0,0,2,/trinity/home/m.romanov/benchmarking/datasets/MIST_HER2/trainA/HE/10M2102916_37_16.jpg,/trinity/home/m.romanov/benchmarking/datasets/MIST_HER2/trainB/IHC/10M2102916_37_16.jpg
79M2100417,79M2100417_24_17,0,0,2,/trinity/home/m.romanov/benchmarking/datasets/MIST_HER2/trainA/HE/79M2100417_24_17.jpg,/trinity/home/m.romanov/benchmarking/datasets/MIST_HER2/trainB/IHC/79M2100417_24_17.jpg
47M2101316,47M2101316_3_34,0,0,2,/trinity/home/m.romanov/benchmarking/datasets/MIST_HER2/trainA/HE/47M2101316_3_34.jpg,/trinity/home/m.romanov/benchmarking/datasets/MIST_HER2/trainB/IHC/47M2101316_3_34.jpg
65M2100668,65M2100668_29_16,0,0,2,/trinity/home/m.romanov/benchmarking/datasets/MIST_HER2/trainA/HE/65M2100668_29_16.jpg,/trinity/home/m.romanov/benchmarking/datasets/MIST_HER2/trainB/IHC/65M2100668_29_16.jpg
27M2102007,27M2102007_22_19,0,0,2,/trinity/home/m.romanov/benchmarking/datasets/MIST_HER2/trainA/HE/27M2102007_22_19.jpg,/trinity/home/m.romanov/benchmarking/datasets/MIST_HER2/trainB/IHC/27M2102007_22_19.jpg
44M2101492,44M2101492_6_31,0,0,2,/trinity/home/m.romanov/benchmarking/datasets/MIST_HER2/trainA/HE/44M2101492_6_31.jpg,/trinity/home/m.romanov/benchmarking/datasets/MIST_HER2/trainB/IHC/44M2101492_6_31.jpg
97M2100034,97M2100034_16_17,0,0,2,/trinity/home/m.romanov/benchmarking/datasets/MIST_HER2/trainA/HE/97M2100034_16_17.jpg,/trinity/home/m.romanov/benchmarking/datasets/MIST_HER2/trainB/IHC/97M2100034_16_17.jpg
23M2102136,23M2102136_18_7,0,0,2,/trinity/home/m.romanov/benchmarking/datasets/MIST_HER2/trainA/HE/23M2102136_18_7.jpg,/trinity/home/m.romanov/benchmarking/datasets/MIST_HER2/trainB/IHC/23M2102136_18_7.jpg
69M2100632,69M2100632_10_24,0,0,2,/trinity/home/m.romanov/benchmarking/datasets/MIST_HER2/trainA/HE/69M2100632_10_24.jpg,/trinity/home/m.romanov/benchmarking/datasets/MIST_HER2/trainB/IHC/69M2100632_10_24.jpg
79M2100417,79M2100417_15_19,0,0,2,/trinity/home/m.romanov/benchmarking/datasets/MIST_HER2/trainA/HE/79M2100417_15_19.jpg,/trinity/home/m.romanov/benchmarking/datasets/MIST_HER2/trainB/IHC/79M2100417_15_19.jpg
39M2101576,39M2101576_30_19,0,0,2,/trinity/home/m.romanov/benchmarking/datasets/MIST_HER2/trainA/HE/39M2101576_30_19.jpg,/trinity/home/m.romanov/benchmarking/datasets/MIST_HER2/trainB/IHC/39M2101576_30_19.jpg
70M2100623,70M2100623_19_10,0,0,2,/trinity/home/m.romanov/benchmarking/datasets/MIST_HER2/trainA/HE/70M2100623_19_10.jpg,/trinity/home/m.romanov/benchmarking/datasets/MIST_HER2/trainB/IHC/70M2100623_19_10.jpg
47M2101316,47M2101316_7_23,0,0,2,/trinity/home/m.romanov/benchmarking/datasets/MIST_HER2/trainA/HE/47M2101316_7_23.jpg,/trinity/home/m.romanov/benchmarking/datasets/MIST_HER2/trainB/IHC/47M2101316_7_23.jpg
47M2101316,47M2101316_11_25,0,0,2,/trinity/home/m.romanov/benchmarking/datasets/MIST_HER2/trainA/HE/47M2101316_11_25.jpg,/trinity/home/m.romanov/benchmarking/datasets/MIST_HER2/trainB/IHC/47M2101316_11_25.jpg
46M2101353,46M2101353_19_26,0,0,2,/trinity/home/m.romanov/benchmarking/datasets/MIST_HER2/trainA/HE/46M2101353_19_26.jpg,/trinity/home/m.romanov/benchmarking/datasets/MIST_HER2/trainB/IHC/46M2101353_19_26.jpg
75M2100521,75M2100521_25_16,0,0,2,/trinity/home/m.romanov/benchmarking/datasets/MIST_HER2/trainA/HE/75M2100521_25_16.jpg,/trinity/home/m.romanov/benchmarking/datasets/MIST_HER2/trainB/IHC/75M2100521_25_16.jpg
47M2101316,47M2101316_4_27,0,0,2,/trinity/home/m.romanov/benchmarking/datasets/MIST_HER2/trainA/HE/47M2101316_4_27.jpg,/trinity/home/m.romanov/benchmarking/datasets/MIST_HER2/trainB/IHC/47M2101316_4_27.jpg
51M2101285,51M2101285_23_16,0,0,2,/trinity/home/m.romanov/benchmarking/datasets/MIST_HER2/trainA/HE/51M2101285_23_16.jpg,/trinity/home/m.romanov/benchmarking/datasets/MIST_HER2/trainB/IHC/51M2101285_23_16.jpg
16M2102718,16M2102718_8_14,0,0,2,/trinity/home/m.romanov/benchmarking/datasets/MIST_HER2/trainA/HE/16M2102718_8_14.jpg,/trinity/home/m.romanov/benchmarking/datasets/MIST_HER2/trainB/IHC/16M2102718_8_14.jpg
23M2102136,23M2102136_16_16,0,0,2,/trinity/home/m.romanov/benchmarking/datasets/MIST_HER2/trainA/HE/23M2102136_16_16.jpg,/trinity/home/m.romanov/benchmarking/datasets/MIST_HER2/trainB/IHC/23M2102136_16_16.jpg
81M2100356,81M2100356_29_13,0,0,2,/trinity/home/m.romanov/benchmarking/datasets/MIST_HER2/trainA/HE/81M2100356_29_13.jpg,/trinity/home/m.romanov/benchmarking/datasets/MIST_HER2/trainB/IHC/81M2100356_29_13.jpg
33M2101839,33M2101839_9_13,0,0,2,/trinity/home/m.romanov/benchmarking/datasets/MIST_HER2/trainA/HE/33M2101839_9_13.jpg,/trinity/home/m.romanov/benchmarking/datasets/MIST_HER2/trainB/IHC/33M2101839_9_13.jpg
92M2100150,92M2100150_17_5,0,0,2,/trinity/home/m.romanov/benchmarking/datasets/MIST_HER2/trainA/HE/92M2100150_17_5.jpg,/trinity/home/m.romanov/benchmarking/datasets/MIST_HER2/trainB/IHC/92M2100150_17_5.jpg
94M2100142,94M2100142_29_14,0,0,2,/trinity/home/m.romanov/benchmarking/datasets/MIST_HER2/trainA/HE/94M2100142_29_14.jpg,/trinity/home/m.romanov/benchmarking/datasets/MIST_HER2/trainB/IHC/94M2100142_29_14.jpg
65M2100668,65M2100668_18_10,0,0,2,/trinity/home/m.romanov/benchmarking/datasets/MIST_HER2/trainA/HE/65M2100668_18_10.jpg,/trinity/home/m.romanov/benchmarking/datasets/MIST_HER2/trainB/IHC/65M2100668_18_10.jpg
75M2100521,75M2100521_26_13,0,0,2,/trinity/home/m.romanov/benchmarking/datasets/MIST_HER2/trainA/HE/75M2100521_26_13.jpg,/trinity/home/m.romanov/benchmarking/datasets/MIST_HER2/trainB/IHC/75M2100521_26_13.jpg
93M2100147,93M2100147_8_23,0,0,2,/trinity/home/m.romanov/benchmarking/datasets/MIST_HER2/trainA/HE/93M2100147_8_23.jpg,/trinity/home/m.romanov/benchmarking/datasets/MIST_HER2/trainB/IHC/93M2100147_8_23.jpg
22M2102266,22M2102266_14_21,0,0,2,/trinity/home/m.romanov/benchmarking/datasets/MIST_HER2/trainA/HE/22M2102266_14_21.jpg,/trinity/home/m.romanov/benchmarking/datasets/MIST_HER2/trainB/IHC/22M2102266_14_21.jpg
19M2102438,19M2102438_35_24,0,0,2,/trinity/home/m.romanov/benchmarking/datasets/MIST_HER2/trainA/HE/19M2102438_35_24.jpg,/trinity/home/m.romanov/benchmarking/datasets/MIST_HER2/trainB/IHC/19M2102438_35_24.jpg
51M2101285,51M2101285_17_26,0,0,2,/trinity/home/m.romanov/benchmarking/datasets/MIST_HER2/trainA/HE/51M2101285_17_26.jpg,/trinity/home/m.romanov/benchmarking/datasets/MIST_HER2/trainB/IHC/51M2101285_17_26.jpg
53M2101258,53M2101258_16_24,0,0,2,/trinity/home/m.romanov/benchmarking/datasets/MIST_HER2/trainA/HE/53M2101258_16_24.jpg,/trinity/home/m.romanov/benchmarking/datasets/MIST_HER2/trainB/IHC/53M2101258_16_24.jpg
2M2103108,2M2103108_17_14,0,0,2,/trinity/home/m.romanov/benchmarking/datasets/MIST_HER2/trainA/HE/2M2103108_17_14.jpg,/trinity/home/m.romanov/benchmarking/datasets/MIST_HER2/trainB/IHC/2M2103108_17_14.jpg
93M2100147,93M2100147_11_6,0,0,2,/trinity/home/m.romanov/benchmarking/datasets/MIST_HER2/trainA/HE/93M2100147_11_6.jpg,/trinity/home/m.romanov/benchmarking/datasets/MIST_HER2/trainB/IHC/93M2100147_11_6.jpg
19M2102438,19M2102438_24_21,0,0,2,/trinity/home/m.romanov/benchmarking/datasets/MIST_HER2/trainA/HE/19M2102438_24_21.jpg,/trinity/home/m.romanov/benchmarking/datasets/MIST_HER2/trainB/IHC/19M2102438_24_21.jpg
99M2004082,99M2004082_14_7,0,0,2,/trinity/home/m.romanov/benchmarking/datasets/MIST_HER2/trainA/HE/99M2004082_14_7.jpg,/trinity/home/m.romanov/benchmarking/datasets/MIST_HER2/trainB/IHC/99M2004082_14_7.jpg
10M2102916,10M2102916_16_24,0,0,2,/trinity/home/m.romanov/benchmarking/datasets/MIST_HER2/trainA/HE/10M2102916_16_24.jpg,/trinity/home/m.romanov/benchmarking/datasets/MIST_HER2/trainB/IHC/10M2102916_16_24.jpg
23M2102136,23M2102136_35_8,0,0,2,/trinity/home/m.romanov/benchmarking/datasets/MIST_HER2/trainA/HE/23M2102136_35_8.jpg,/trinity/home/m.romanov/benchmarking/datasets/MIST_HER2/trainB/IHC/23M2102136_35_8.jpg
65M2100668,65M2100668_16_19,0,0,2,/trinity/home/m.romanov/benchmarking/datasets/MIST_HER2/trainA/HE/65M2100668_16_19.jpg,/trinity/home/m.romanov/benchmarking/datasets/MIST_HER2/trainB/IHC/65M2100668_16_19.jpg
59M2100987,59M2100987_26_5,0,0,2,/trinity/home/m.romanov/benchmarking/datasets/MIST_HER2/trainA/HE/59M2100987_26_5.jpg,/trinity/home/m.romanov/benchmarking/datasets/MIST_HER2/trainB/IHC/59M2100987_26_5.jpg
98M2004096,98M2004096_11_10,0,0,2,/trinity/home/m.romanov/benchmarking/datasets/MIST_HER2/trainA/HE/98M2004096_11_10.jpg,/trinity/home/m.romanov/benchmarking/datasets/MIST_HER2/trainB/IHC/98M2004096_11_10.jpg
27M2102007,27M2102007_7_28,0,0,2,/trinity/home/m.romanov/benchmarking/datasets/MIST_HER2/trainA/HE/27M2102007_7_28.jpg,/trinity/home/m.romanov/benchmarking/datasets/MIST_HER2/trainB/IHC/27M2102007_7_28.jpg
91M2100173,91M2100173_11_11,0,0,2,/trinity/home/m.romanov/benchmarking/datasets/MIST_HER2/trainA/HE/91M2100173_11_11.jpg,/trinity/home/m.romanov/benchmarking/datasets/MIST_HER2/trainB/IHC/91M2100173_11_11.jpg
92M2100150,92M2100150_29_22,0,0,2,/trinity/home/m.romanov/benchmarking/datasets/MIST_HER2/trainA/HE/92M2100150_29_22.jpg,/trinity/home/m.romanov/benchmarking/datasets/MIST_HER2/trainB/IHC/92M2100150_29_22.jpg
10M2102916,10M2102916_33_31,0,0,2,/trinity/home/m.romanov/benchmarking/datasets/MIST_HER2/trainA/HE/10M2102916_33_31.jpg,/trinity/home/m.romanov/benchmarking/datasets/MIST_HER2/trainB/IHC/10M2102916_33_31.jpg
88M2100218,88M2100218_18_16,0,0,2,/trinity/home/m.romanov/benchmarking/datasets/MIST_HER2/trainA/HE/88M2100218_18_16.jpg,/trinity/home/m.romanov/benchmarking/datasets/MIST_HER2/trainB/IHC/88M2100218_18_16.jpg
15M2102762,15M2102762_14_23,0,0,2,/trinity/home/m.romanov/benchmarking/datasets/MIST_HER2/trainA/HE/15M2102762_14_23.jpg,/trinity/home/m.romanov/benchmarking/datasets/MIST_HER2/trainB/IHC/15M2102762_14_23.jpg
93M2100147,93M2100147_5_13,0,0,2,/trinity/home/m.romanov/benchmarking/datasets/MIST_HER2/trainA/HE/93M2100147_5_13.jpg,/trinity/home/m.romanov/benchmarking/datasets/MIST_HER2/trainB/IHC/93M2100147_5_13.jpg
98M2004096,98M2004096_30_6,0,0,2,/trinity/home/m.romanov/benchmarking/datasets/MIST_HER2/trainA/HE/98M2004096_30_6.jpg,/trinity/home/m.romanov/benchmarking/datasets/MIST_HER2/trainB/IHC/98M2004096_30_6.jpg
99M2004082,99M2004082_9_16,0,0,2,/trinity/home/m.romanov/benchmarking/datasets/MIST_HER2/trainA/HE/99M2004082_9_16.jpg,/trinity/home/m.romanov/benchmarking/datasets/MIST_HER2/trainB/IHC/99M2004082_9_16.jpg
70M2100623,70M2100623_30_15,0,0,2,/trinity/home/m.romanov/benchmarking/datasets/MIST_HER2/trainA/HE/70M2100623_30_15.jpg,/trinity/home/m.romanov/benchmarking/datasets/MIST_HER2/trainB/IHC/70M2100623_30_15.jpg
53M2101258,53M2101258_23_34,0,0,2,/trinity/home/m.romanov/benchmarking/datasets/MIST_HER2/trainA/HE/53M2101258_23_34.jpg,/trinity/home/m.romanov/benchmarking/datasets/MIST_HER2/trainB/IHC/53M2101258_23_34.jpg
23M2102136,23M2102136_9_11,0,0,2,/trinity/home/m.romanov/benchmarking/datasets/MIST_HER2/trainA/HE/23M2102136_9_11.jpg,/trinity/home/m.romanov/benchmarking/datasets/MIST_HER2/trainB/IHC/23M2102136_9_11.jpg
100M2004069,100M2004069_29_14,0,0,2,/trinity/home/m.romanov/benchmarking/datasets/MIST_HER2/trainA/HE/100M2004069_29_14.jpg,/trinity/home/m.romanov/benchmarking/datasets/MIST_HER2/trainB/IHC/100M2004069_29_14.jpg
62M2100915,62M2100915_2_23,0,0,2,/trinity/home/m.romanov/benchmarking/datasets/MIST_HER2/trainA/HE/62M2100915_2_23.jpg,/trinity/home/m.romanov/benchmarking/datasets/MIST_HER2/trainB/IHC/62M2100915_2_23.jpg
23M2102136,23M2102136_28_13,0,0,2,/trinity/home/m.romanov/benchmarking/datasets/MIST_HER2/trainA/HE/23M2102136_28_13.jpg,/trinity/home/m.romanov/benchmarking/datasets/MIST_HER2/trainB/IHC/23M2102136_28_13.jpg
60M2100980,60M2100980_14_26,0,0,2,/trinity/home/m.romanov/benchmarking/datasets/MIST_HER2/trainA/HE/60M2100980_14_26.jpg,/trinity/home/m.romanov/benchmarking/datasets/MIST_HER2/trainB/IHC/60M2100980_14_26.jpg
40M2101566,40M2101566_46_18,0,0,2,/trinity/home/m.romanov/benchmarking/datasets/MIST_HER2/trainA/HE/40M2101566_46_18.jpg,/trinity/home/m.romanov/benchmarking/datasets/MIST_HER2/trainB/IHC/40M2101566_46_18.jpg
39M2101576,39M2101576_8_26,0,0,2,/trinity/home/m.romanov/benchmarking/datasets/MIST_HER2/trainA/HE/39M2101576_8_26.jpg,/trinity/home/m.romanov/benchmarking/datasets/MIST_HER2/trainB/IHC/39M2101576_8_26.jpg
16M2102718,16M2102718_22_20,0,0,2,/trinity/home/m.romanov/benchmarking/datasets/MIST_HER2/trainA/HE/16M2102718_22_20.jpg,/trinity/home/m.romanov/benchmarking/datasets/MIST_HER2/trainB/IHC/16M2102718_22_20.jpg
35M2101733,35M2101733_8_4,0,0,2,/trinity/home/m.romanov/benchmarking/datasets/MIST_HER2/trainA/HE/35M2101733_8_4.jpg,/trinity/home/m.romanov/benchmarking/datasets/MIST_HER2/trainB/IHC/35M2101733_8_4.jpg
62M2100915,62M2100915_15_30,0,0,2,/trinity/home/m.romanov/benchmarking/datasets/MIST_HER2/trainA/HE/62M2100915_15_30.jpg,/trinity/home/m.romanov/benchmarking/datasets/MIST_HER2/trainB/IHC/62M2100915_15_30.jpg
83M2100256,83M2100256_5_18,0,0,2,/trinity/home/m.romanov/benchmarking/datasets/MIST_HER2/trainA/HE/83M2100256_5_18.jpg,/trinity/home/m.romanov/benchmarking/datasets/MIST_HER2/trainB/IHC/83M2100256_5_18.jpg
77M2100464,77M2100464_38_21,0,0,2,/trinity/home/m.romanov/benchmarking/datasets/MIST_HER2/trainA/HE/77M2100464_38_21.jpg,/trinity/home/m.romanov/benchmarking/datasets/MIST_HER2/trainB/IHC/77M2100464_38_21.jpg
65M2100668,65M2100668_19_13,0,0,2,/trinity/home/m.romanov/benchmarking/datasets/MIST_HER2/trainA/HE/65M2100668_19_13.jpg,/trinity/home/m.romanov/benchmarking/datasets/MIST_HER2/trainB/IHC/65M2100668_19_13.jpg
62M2100915,62M2100915_12_33,0,0,2,/trinity/home/m.romanov/benchmarking/datasets/MIST_HER2/trainA/HE/62M2100915_12_33.jpg,/trinity/home/m.romanov/benchmarking/datasets/MIST_HER2/trainB/IHC/62M2100915_12_33.jpg
16M2102718,16M2102718_5_11,0,0,2,/trinity/home/m.romanov/benchmarking/datasets/MIST_HER2/trainA/HE/16M2102718_5_11.jpg,/trinity/home/m.romanov/benchmarking/datasets/MIST_HER2/trainB/IHC/16M2102718_5_11.jpg
58M2100997,58M2100997_21_13,0,0,2,/trinity/home/m.romanov/benchmarking/datasets/MIST_HER2/trainA/HE/58M2100997_21_13.jpg,/trinity/home/m.romanov/benchmarking/datasets/MIST_HER2/trainB/IHC/58M2100997_21_13.jpg
28M2101987,28M2101987_25_12,0,0,2,/trinity/home/m.romanov/benchmarking/datasets/MIST_HER2/trainA/HE/28M2101987_25_12.jpg,/trinity/home/m.romanov/benchmarking/datasets/MIST_HER2/trainB/IHC/28M2101987_25_12.jpg
54M2101205,54M2101205_21_14,0,0,2,/trinity/home/m.romanov/benchmarking/datasets/MIST_HER2/trainA/HE/54M2101205_21_14.jpg,/trinity/home/m.romanov/benchmarking/datasets/MIST_HER2/trainB/IHC/54M2101205_21_14.jpg
91M2100173,91M2100173_9_8,0,0,2,/trinity/home/m.romanov/benchmarking/datasets/MIST_HER2/trainA/HE/91M2100173_9_8.jpg,/trinity/home/m.romanov/benchmarking/datasets/MIST_HER2/trainB/IHC/91M2100173_9_8.jpg
75M2100521,75M2100521_17_15,0,0,2,/trinity/home/m.romanov/benchmarking/datasets/MIST_HER2/trainA/HE/75M2100521_17_15.jpg,/trinity/home/m.romanov/benchmarking/datasets/MIST_HER2/trainB/IHC/75M2100521_17_15.jpg
44M2101492,44M2101492_25_24,0,0,2,/trinity/home/m.romanov/benchmarking/datasets/MIST_HER2/trainA/HE/44M2101492_25_24.jpg,/trinity/home/m.romanov/benchmarking/datasets/MIST_HER2/trainB/IHC/44M2101492_25_24.jpg
53M2101258,53M2101258_18_32,0,0,2,/trinity/home/m.romanov/benchmarking/datasets/MIST_HER2/trainA/HE/53M2101258_18_32.jpg,/trinity/home/m.romanov/benchmarking/datasets/MIST_HER2/trainB/IHC/53M2101258_18_32.jpg
22M2102266,22M2102266_13_18,0,0,2,/trinity/home/m.romanov/benchmarking/datasets/MIST_HER2/trainA/HE/22M2102266_13_18.jpg,/trinity/home/m.romanov/benchmarking/datasets/MIST_HER2/trainB/IHC/22M2102266_13_18.jpg
67M2100642,67M2100642_7_24,0,0,2,/trinity/home/m.romanov/benchmarking/datasets/MIST_HER2/trainA/HE/67M2100642_7_24.jpg,/trinity/home/m.romanov/benchmarking/datasets/MIST_HER2/trainB/IHC/67M2100642_7_24.jpg
98M2004096,98M2004096_8_8,0,0,2,/trinity/home/m.romanov/benchmarking/datasets/MIST_HER2/trainA/HE/98M2004096_8_8.jpg,/trinity/home/m.romanov/benchmarking/datasets/MIST_HER2/trainB/IHC/98M2004096_8_8.jpg
69M2100632,69M2100632_7_25,0,0,2,/trinity/home/m.romanov/benchmarking/datasets/MIST_HER2/trainA/HE/69M2100632_7_25.jpg,/trinity/home/m.romanov/benchmarking/datasets/MIST_HER2/trainB/IHC/69M2100632_7_25.jpg
27M2102007,27M2102007_14_22,0,0,2,/trinity/home/m.romanov/benchmarking/datasets/MIST_HER2/trainA/HE/27M2102007_14_22.jpg,/trinity/home/m.romanov/benchmarking/datasets/MIST_HER2/trainB/IHC/27M2102007_14_22.jpg
35M2101733,35M2101733_7_12,0,0,2,/trinity/home/m.romanov/benchmarking/datasets/MIST_HER2/trainA/HE/35M2101733_7_12.jpg,/trinity/home/m.romanov/benchmarking/datasets/MIST_HER2/trainB/IHC/35M2101733_7_12.jpg
56M2101083,56M2101083_32_37,0,0,2,/trinity/home/m.romanov/benchmarking/datasets/MIST_HER2/trainA/HE/56M2101083_32_37.jpg,/trinity/home/m.romanov/benchmarking/datasets/MIST_HER2/trainB/IHC/56M2101083_32_37.jpg
51M2101285,51M2101285_23_13,0,0,2,/trinity/home/m.romanov/benchmarking/datasets/MIST_HER2/trainA/HE/51M2101285_23_13.jpg,/trinity/home/m.romanov/benchmarking/datasets/MIST_HER2/trainB/IHC/51M2101285_23_13.jpg
15M2102762,15M2102762_16_19,0,0,2,/trinity/home/m.romanov/benchmarking/datasets/MIST_HER2/trainA/HE/15M2102762_16_19.jpg,/trinity/home/m.romanov/benchmarking/datasets/MIST_HER2/trainB/IHC/15M2102762_16_19.jpg
15M2102762,15M2102762_19_17,0,0,2,/trinity/home/m.romanov/benchmarking/datasets/MIST_HER2/trainA/HE/15M2102762_19_17.jpg,/trinity/home/m.romanov/benchmarking/datasets/MIST_HER2/trainB/IHC/15M2102762_19_17.jpg
25M2102060,25M2102060_27_17,0,0,2,/trinity/home/m.romanov/benchmarking/datasets/MIST_HER2/trainA/HE/25M2102060_27_17.jpg,/trinity/home/m.romanov/benchmarking/datasets/MIST_HER2/trainB/IHC/25M2102060_27_17.jpg
54M2101205,54M2101205_10_8,0,0,2,/trinity/home/m.romanov/benchmarking/datasets/MIST_HER2/trainA/HE/54M2101205_10_8.jpg,/trinity/home/m.romanov/benchmarking/datasets/MIST_HER2/trainB/IHC/54M2101205_10_8.jpg
92M2100150,92M2100150_5_22,0,0,2,/trinity/home/m.romanov/benchmarking/datasets/MIST_HER2/trainA/HE/92M2100150_5_22.jpg,/trinity/home/m.romanov/benchmarking/datasets/MIST_HER2/trainB/IHC/92M2100150_5_22.jpg
75M2100521,75M2100521_8_17,0,0,2,/trinity/home/m.romanov/benchmarking/datasets/MIST_HER2/trainA/HE/75M2100521_8_17.jpg,/trinity/home/m.romanov/benchmarking/datasets/MIST_HER2/trainB/IHC/75M2100521_8_17.jpg
70M2100623,70M2100623_17_9,0,0,2,/trinity/home/m.romanov/benchmarking/datasets/MIST_HER2/trainA/HE/70M2100623_17_9.jpg,/trinity/home/m.romanov/benchmarking/datasets/MIST_HER2/trainB/IHC/70M2100623_17_9.jpg
77M2100464,77M2100464_21_20,0,0,2,/trinity/home/m.romanov/benchmarking/datasets/MIST_HER2/trainA/HE/77M2100464_21_20.jpg,/trinity/home/m.romanov/benchmarking/datasets/MIST_HER2/trainB/IHC/77M2100464_21_20.jpg
10M2102916,10M2102916_14_14,0,0,2,/trinity/home/m.romanov/benchmarking/datasets/MIST_HER2/trainA/HE/10M2102916_14_14.jpg,/trinity/home/m.romanov/benchmarking/datasets/MIST_HER2/trainB/IHC/10M2102916_14_14.jpg
44M2101492,44M2101492_8_15,0,0,2,/trinity/home/m.romanov/benchmarking/datasets/MIST_HER2/trainA/HE/44M2101492_8_15.jpg,/trinity/home/m.romanov/benchmarking/datasets/MIST_HER2/trainB/IHC/44M2101492_8_15.jpg
77M2100464,77M2100464_27_25,0,0,2,/trinity/home/m.romanov/benchmarking/datasets/MIST_HER2/trainA/HE/77M2100464_27_25.jpg,/trinity/home/m.romanov/benchmarking/datasets/MIST_HER2/trainB/IHC/77M2100464_27_25.jpg
51M2101285,51M2101285_22_16,0,0,2,/trinity/home/m.romanov/benchmarking/datasets/MIST_HER2/trainA/HE/51M2101285_22_16.jpg,/trinity/home/m.romanov/benchmarking/datasets/MIST_HER2/trainB/IHC/51M2101285_22_16.jpg
93M2100147,93M2100147_5_21,0,0,2,/trinity/home/m.romanov/benchmarking/datasets/MIST_HER2/trainA/HE/93M2100147_5_21.jpg,/trinity/home/m.romanov/benchmarking/datasets/MIST_HER2/trainB/IHC/93M2100147_5_21.jpg
100M2004069,100M2004069_11_18,0,0,2,/trinity/home/m.romanov/benchmarking/datasets/MIST_HER2/trainA/HE/100M2004069_11_18.jpg,/trinity/home/m.romanov/benchmarking/datasets/MIST_HER2/trainB/IHC/100M2004069_11_18.jpg
15M2102762,15M2102762_23_6,0,0,2,/trinity/home/m.romanov/benchmarking/datasets/MIST_HER2/trainA/HE/15M2102762_23_6.jpg,/trinity/home/m.romanov/benchmarking/datasets/MIST_HER2/trainB/IHC/15M2102762_23_6.jpg
19M2102438,19M2102438_32_24,0,0,2,/trinity/home/m.romanov/benchmarking/datasets/MIST_HER2/trainA/HE/19M2102438_32_24.jpg,/trinity/home/m.romanov/benchmarking/datasets/MIST_HER2/trainB/IHC/19M2102438_32_24.jpg
40M2101566,40M2101566_19_27,0,0,2,/trinity/home/m.romanov/benchmarking/datasets/MIST_HER2/trainA/HE/40M2101566_19_27.jpg,/trinity/home/m.romanov/benchmarking/datasets/MIST_HER2/trainB/IHC/40M2101566_19_27.jpg
57M2101034,57M2101034_10_5,0,0,2,/trinity/home/m.romanov/benchmarking/datasets/MIST_HER2/trainA/HE/57M2101034_10_5.jpg,/trinity/home/m.romanov/benchmarking/datasets/MIST_HER2/trainB/IHC/57M2101034_10_5.jpg
4M2103059,4M2103059_20_19,0,0,2,/trinity/home/m.romanov/benchmarking/datasets/MIST_HER2/trainA/HE/4M2103059_20_19.jpg,/trinity/home/m.romanov/benchmarking/datasets/MIST_HER2/trainB/IHC/4M2103059_20_19.jpg
76M2100485,76M2100485_21_21,0,0,2,/trinity/home/m.romanov/benchmarking/datasets/MIST_HER2/trainA/HE/76M2100485_21_21.jpg,/trinity/home/m.romanov/benchmarking/datasets/MIST_HER2/trainB/IHC/76M2100485_21_21.jpg
56M2101083,56M2101083_17_20,0,0,2,/trinity/home/m.romanov/benchmarking/datasets/MIST_HER2/trainA/HE/56M2101083_17_20.jpg,/trinity/home/m.romanov/benchmarking/datasets/MIST_HER2/trainB/IHC/56M2101083_17_20.jpg
54M2101205,54M2101205_7_12,0,0,2,/trinity/home/m.romanov/benchmarking/datasets/MIST_HER2/trainA/HE/54M2101205_7_12.jpg,/trinity/home/m.romanov/benchmarking/datasets/MIST_HER2/trainB/IHC/54M2101205_7_12.jpg
31M2101871,31M2101871_39_22,0,0,2,/trinity/home/m.romanov/benchmarking/datasets/MIST_HER2/trainA/HE/31M2101871_39_22.jpg,/trinity/home/m.romanov/benchmarking/datasets/MIST_HER2/trainB/IHC/31M2101871_39_22.jpg
22M2102266,22M2102266_12_20,0,0,2,/trinity/home/m.romanov/benchmarking/datasets/MIST_HER2/trainA/HE/22M2102266_12_20.jpg,/trinity/home/m.romanov/benchmarking/datasets/MIST_HER2/trainB/IHC/22M2102266_12_20.jpg
65M2100668,65M2100668_20_21,0,0,2,/trinity/home/m.romanov/benchmarking/datasets/MIST_HER2/trainA/HE/65M2100668_20_21.jpg,/trinity/home/m.romanov/benchmarking/datasets/MIST_HER2/trainB/IHC/65M2100668_20_21.jpg
2M2103108,2M2103108_16_9,0,0,2,/trinity/home/m.romanov/benchmarking/datasets/MIST_HER2/trainA/HE/2M2103108_16_9.jpg,/trinity/home/m.romanov/benchmarking/datasets/MIST_HER2/trainB/IHC/2M2103108_16_9.jpg
58M2100997,58M2100997_25_10,0,0,2,/trinity/home/m.romanov/benchmarking/datasets/MIST_HER2/trainA/HE/58M2100997_25_10.jpg,/trinity/home/m.romanov/benchmarking/datasets/MIST_HER2/trainB/IHC/58M2100997_25_10.jpg
81M2100356,81M2100356_13_24,0,0,2,/trinity/home/m.romanov/benchmarking/datasets/MIST_HER2/trainA/HE/81M2100356_13_24.jpg,/trinity/home/m.romanov/benchmarking/datasets/MIST_HER2/trainB/IHC/81M2100356_13_24.jpg
75M2100521,75M2100521_24_21,0,0,2,/trinity/home/m.romanov/benchmarking/datasets/MIST_HER2/trainA/HE/75M2100521_24_21.jpg,/trinity/home/m.romanov/benchmarking/datasets/MIST_HER2/trainB/IHC/75M2100521_24_21.jpg
4M2103059,4M2103059_25_12,0,0,2,/trinity/home/m.romanov/benchmarking/datasets/MIST_HER2/trainA/HE/4M2103059_25_12.jpg,/trinity/home/m.romanov/benchmarking/datasets/MIST_HER2/trainB/IHC/4M2103059_25_12.jpg
69M2100632,69M2100632_30_3,0,0,2,/trinity/home/m.romanov/benchmarking/datasets/MIST_HER2/trainA/HE/69M2100632_30_3.jpg,/trinity/home/m.romanov/benchmarking/datasets/MIST_HER2/trainB/IHC/69M2100632_30_3.jpg
70M2100623,70M2100623_13_11,0,0,2,/trinity/home/m.romanov/benchmarking/datasets/MIST_HER2/trainA/HE/70M2100623_13_11.jpg,/trinity/home/m.romanov/benchmarking/datasets/MIST_HER2/trainB/IHC/70M2100623_13_11.jpg
22M2102266,22M2102266_18_14,0,0,2,/trinity/home/m.romanov/benchmarking/datasets/MIST_HER2/trainA/HE/22M2102266_18_14.jpg,/trinity/home/m.romanov/benchmarking/datasets/MIST_HER2/trainB/IHC/22M2102266_18_14.jpg
62M2100915,62M2100915_10_28,0,0,2,/trinity/home/m.romanov/benchmarking/datasets/MIST_HER2/trainA/HE/62M2100915_10_28.jpg,/trinity/home/m.romanov/benchmarking/datasets/MIST_HER2/trainB/IHC/62M2100915_10_28.jpg
23M2102136,23M2102136_27_7,0,0,2,/trinity/home/m.romanov/benchmarking/datasets/MIST_HER2/trainA/HE/23M2102136_27_7.jpg,/trinity/home/m.romanov/benchmarking/datasets/MIST_HER2/trainB/IHC/23M2102136_27_7.jpg
2M2103108,2M2103108_21_9,0,0,2,/trinity/home/m.romanov/benchmarking/datasets/MIST_HER2/trainA/HE/2M2103108_21_9.jpg,/trinity/home/m.romanov/benchmarking/datasets/MIST_HER2/trainB/IHC/2M2103108_21_9.jpg
35M2101733,35M2101733_3_10,0,0,2,/trinity/home/m.romanov/benchmarking/datasets/MIST_HER2/trainA/HE/35M2101733_3_10.jpg,/trinity/home/m.romanov/benchmarking/datasets/MIST_HER2/trainB/IHC/35M2101733_3_10.jpg
91M2100173,91M2100173_24_19,0,0,2,/trinity/home/m.romanov/benchmarking/datasets/MIST_HER2/trainA/HE/91M2100173_24_19.jpg,/trinity/home/m.romanov/benchmarking/datasets/MIST_HER2/trainB/IHC/91M2100173_24_19.jpg
10M2102916,10M2102916_11_22,0,0,2,/trinity/home/m.romanov/benchmarking/datasets/MIST_HER2/trainA/HE/10M2102916_11_22.jpg,/trinity/home/m.romanov/benchmarking/datasets/MIST_HER2/trainB/IHC/10M2102916_11_22.jpg
27M2102007,27M2102007_15_21,0,0,2,/trinity/home/m.romanov/benchmarking/datasets/MIST_HER2/trainA/HE/27M2102007_15_21.jpg,/trinity/home/m.romanov/benchmarking/datasets/MIST_HER2/trainB/IHC/27M2102007_15_21.jpg
83M2100256,83M2100256_27_16,0,0,2,/trinity/home/m.romanov/benchmarking/datasets/MIST_HER2/trainA/HE/83M2100256_27_16.jpg,/trinity/home/m.romanov/benchmarking/datasets/MIST_HER2/trainB/IHC/83M2100256_27_16.jpg
14M2102785,14M2102785_19_7,0,0,2,/trinity/home/m.romanov/benchmarking/datasets/MIST_HER2/trainA/HE/14M2102785_19_7.jpg,/trinity/home/m.romanov/benchmarking/datasets/MIST_HER2/trainB/IHC/14M2102785_19_7.jpg
10M2102916,10M2102916_22_16,0,0,2,/trinity/home/m.romanov/benchmarking/datasets/MIST_HER2/trainA/HE/10M2102916_22_16.jpg,/trinity/home/m.romanov/benchmarking/datasets/MIST_HER2/trainB/IHC/10M2102916_22_16.jpg
31M2101871,31M2101871_15_19,0,0,2,/trinity/home/m.romanov/benchmarking/datasets/MIST_HER2/trainA/HE/31M2101871_15_19.jpg,/trinity/home/m.romanov/benchmarking/datasets/MIST_HER2/trainB/IHC/31M2101871_15_19.jpg
44M2101492,44M2101492_30_10,0,0,2,/trinity/home/m.romanov/benchmarking/datasets/MIST_HER2/trainA/HE/44M2101492_30_10.jpg,/trinity/home/m.romanov/benchmarking/datasets/MIST_HER2/trainB/IHC/44M2101492_30_10.jpg
59M2100987,59M2100987_9_15,0,0,2,/trinity/home/m.romanov/benchmarking/datasets/MIST_HER2/trainA/HE/59M2100987_9_15.jpg,/trinity/home/m.romanov/benchmarking/datasets/MIST_HER2/trainB/IHC/59M2100987_9_15.jpg
51M2101285,51M2101285_27_17,0,0,2,/trinity/home/m.romanov/benchmarking/datasets/MIST_HER2/trainA/HE/51M2101285_27_17.jpg,/trinity/home/m.romanov/benchmarking/datasets/MIST_HER2/trainB/IHC/51M2101285_27_17.jpg
10M2102916,10M2102916_33_14,0,0,2,/trinity/home/m.romanov/benchmarking/datasets/MIST_HER2/trainA/HE/10M2102916_33_14.jpg,/trinity/home/m.romanov/benchmarking/datasets/MIST_HER2/trainB/IHC/10M2102916_33_14.jpg
97M2100034,97M2100034_23_14,0,0,2,/trinity/home/m.romanov/benchmarking/datasets/MIST_HER2/trainA/HE/97M2100034_23_14.jpg,/trinity/home/m.romanov/benchmarking/datasets/MIST_HER2/trainB/IHC/97M2100034_23_14.jpg
44M2101492,44M2101492_10_29,0,0,2,/trinity/home/m.romanov/benchmarking/datasets/MIST_HER2/trainA/HE/44M2101492_10_29.jpg,/trinity/home/m.romanov/benchmarking/datasets/MIST_HER2/trainB/IHC/44M2101492_10_29.jpg
62M2100915,62M2100915_31_13,0,0,2,/trinity/home/m.romanov/benchmarking/datasets/MIST_HER2/trainA/HE/62M2100915_31_13.jpg,/trinity/home/m.romanov/benchmarking/datasets/MIST_HER2/trainB/IHC/62M2100915_31_13.jpg
81M2100356,81M2100356_24_24,0,0,2,/trinity/home/m.romanov/benchmarking/datasets/MIST_HER2/trainA/HE/81M2100356_24_24.jpg,/trinity/home/m.romanov/benchmarking/datasets/MIST_HER2/trainB/IHC/81M2100356_24_24.jpg
68M2100640,68M2100640_31_21,0,0,2,/trinity/home/m.romanov/benchmarking/datasets/MIST_HER2/trainA/HE/68M2100640_31_21.jpg,/trinity/home/m.romanov/benchmarking/datasets/MIST_HER2/trainB/IHC/68M2100640_31_21.jpg
6M2103024,6M2103024_19_6,0,0,2,/trinity/home/m.romanov/benchmarking/datasets/MIST_HER2/trainA/HE/6M2103024_19_6.jpg,/trinity/home/m.romanov/benchmarking/datasets/MIST_HER2/trainB/IHC/6M2103024_19_6.jpg
80M2100377,80M2100377_1_29,0,0,2,/trinity/home/m.romanov/benchmarking/datasets/MIST_HER2/trainA/HE/80M2100377_1_29.jpg,/trinity/home/m.romanov/benchmarking/datasets/MIST_HER2/trainB/IHC/80M2100377_1_29.jpg
39M2101576,39M2101576_35_12,0,0,2,/trinity/home/m.romanov/benchmarking/datasets/MIST_HER2/trainA/HE/39M2101576_35_12.jpg,/trinity/home/m.romanov/benchmarking/datasets/MIST_HER2/trainB/IHC/39M2101576_35_12.jpg
99M2004082,99M2004082_13_15,0,0,2,/trinity/home/m.romanov/benchmarking/datasets/MIST_HER2/trainA/HE/99M2004082_13_15.jpg,/trinity/home/m.romanov/benchmarking/datasets/MIST_HER2/trainB/IHC/99M2004082_13_15.jpg
83M2100256,83M2100256_22_15,0,0,2,/trinity/home/m.romanov/benchmarking/datasets/MIST_HER2/trainA/HE/83M2100256_22_15.jpg,/trinity/home/m.romanov/benchmarking/datasets/MIST_HER2/trainB/IHC/83M2100256_22_15.jpg
81M2100356,81M2100356_13_17,0,0,2,/trinity/home/m.romanov/benchmarking/datasets/MIST_HER2/trainA/HE/81M2100356_13_17.jpg,/trinity/home/m.romanov/benchmarking/datasets/MIST_HER2/trainB/IHC/81M2100356_13_17.jpg
54M2101205,54M2101205_14_22,0,0,2,/trinity/home/m.romanov/benchmarking/datasets/MIST_HER2/trainA/HE/54M2101205_14_22.jpg,/trinity/home/m.romanov/benchmarking/datasets/MIST_HER2/trainB/IHC/54M2101205_14_22.jpg
59M2100987,59M2100987_21_17,0,0,2,/trinity/home/m.romanov/benchmarking/datasets/MIST_HER2/trainA/HE/59M2100987_21_17.jpg,/trinity/home/m.romanov/benchmarking/datasets/MIST_HER2/trainB/IHC/59M2100987_21_17.jpg
67M2100642,67M2100642_26_8,0,0,2,/trinity/home/m.romanov/benchmarking/datasets/MIST_HER2/trainA/HE/67M2100642_26_8.jpg,/trinity/home/m.romanov/benchmarking/datasets/MIST_HER2/trainB/IHC/67M2100642_26_8.jpg
14M2102785,14M2102785_25_19,0,0,2,/trinity/home/m.romanov/benchmarking/datasets/MIST_HER2/trainA/HE/14M2102785_25_19.jpg,/trinity/home/m.romanov/benchmarking/datasets/MIST_HER2/trainB/IHC/14M2102785_25_19.jpg
58M2100997,58M2100997_16_10,0,0,2,/trinity/home/m.romanov/benchmarking/datasets/MIST_HER2/trainA/HE/58M2100997_16_10.jpg,/trinity/home/m.romanov/benchmarking/datasets/MIST_HER2/trainB/IHC/58M2100997_16_10.jpg
45M2101377,45M2101377_20_17,0,0,2,/trinity/home/m.romanov/benchmarking/datasets/MIST_HER2/trainA/HE/45M2101377_20_17.jpg,/trinity/home/m.romanov/benchmarking/datasets/MIST_HER2/trainB/IHC/45M2101377_20_17.jpg
54M2101205,54M2101205_12_15,0,0,2,/trinity/home/m.romanov/benchmarking/datasets/MIST_HER2/trainA/HE/54M2101205_12_15.jpg,/trinity/home/m.romanov/benchmarking/datasets/MIST_HER2/trainB/IHC/54M2101205_12_15.jpg
54M2101205,54M2101205_13_21,0,0,2,/trinity/home/m.romanov/benchmarking/datasets/MIST_HER2/trainA/HE/54M2101205_13_21.jpg,/trinity/home/m.romanov/benchmarking/datasets/MIST_HER2/trainB/IHC/54M2101205_13_21.jpg
19M2102438,19M2102438_14_21,0,0,2,/trinity/home/m.romanov/benchmarking/datasets/MIST_HER2/trainA/HE/19M2102438_14_21.jpg,/trinity/home/m.romanov/benchmarking/datasets/MIST_HER2/trainB/IHC/19M2102438_14_21.jpg
19M2102438,19M2102438_28_11,0,0,2,/trinity/home/m.romanov/benchmarking/datasets/MIST_HER2/trainA/HE/19M2102438_28_11.jpg,/trinity/home/m.romanov/benchmarking/datasets/MIST_HER2/trainB/IHC/19M2102438_28_11.jpg
45M2101377,45M2101377_11_6,0,0,2,/trinity/home/m.romanov/benchmarking/datasets/MIST_HER2/trainA/HE/45M2101377_11_6.jpg,/trinity/home/m.romanov/benchmarking/datasets/MIST_HER2/trainB/IHC/45M2101377_11_6.jpg
94M2100142,94M2100142_19_20,0,0,2,/trinity/home/m.romanov/benchmarking/datasets/MIST_HER2/trainA/HE/94M2100142_19_20.jpg,/trinity/home/m.romanov/benchmarking/datasets/MIST_HER2/trainB/IHC/94M2100142_19_20.jpg
89M2100212,89M2100212_25_25,0,0,2,/trinity/home/m.romanov/benchmarking/datasets/MIST_HER2/trainA/HE/89M2100212_25_25.jpg,/trinity/home/m.romanov/benchmarking/datasets/MIST_HER2/trainB/IHC/89M2100212_25_25.jpg
92M2100150,92M2100150_16_21,0,0,2,/trinity/home/m.romanov/benchmarking/datasets/MIST_HER2/trainA/HE/92M2100150_16_21.jpg,/trinity/home/m.romanov/benchmarking/datasets/MIST_HER2/trainB/IHC/92M2100150_16_21.jpg
