pname,patch_id,rdist,fixed_path,warped_path,Similarity_Score,class3,lpips_downsample,lpips_full,lpips_patches,ncc_downsample,ncc_full,ncc_patches,lpips_mist_mpp1.0112_downsample,lpips_mist_mpp1.0112_full,lpips_mist_mpp1.0112_patches,ncc_mist_mpp1.0112_downsample,ncc_mist_mpp1.0112_full,ncc_mist_mpp1.0112_patches
12M2102884,12M2102884_10_7,0,/trinity/home/m.romanov/benchmarking/datasets/MIST_HER2/testB/12M2102884_10_7.jpg,/trinity/home/m.romanov/benchmarking/datasets/MIST_HER2/testA/12M2102884_10_7.jpg,0,0,0.5454282164573669,0.555411696434021,0.5449941456317902,0.1681679792851611,0.1073771770617266,0.1318634044844834,0.5386075973510742,0.5554937124252319,0.5361821800470352,0.1757509260212937,0.1080771076222492,0.1375290847164802
12M2102884,12M2102884_7_9,0,/trinity/home/m.romanov/benchmarking/datasets/MIST_HER2/testB/12M2102884_7_9.jpg,/trinity/home/m.romanov/benchmarking/datasets/MIST_HER2/testA/12M2102884_7_9.jpg,0,0,0.5275692939758301,0.5658382773399353,0.5267981663346291,0.1964940771830642,0.141835973821615,0.1805970882090676,0.5202043056488037,0.5613195300102234,0.522469274699688,0.198895170050316,0.1431169980688076,0.1828476710023747
48M2101314,48M2101314_40_34,0,/trinity/home/m.romanov/benchmarking/datasets/MIST_HER2/testB/48M2101314_40_34.jpg,/trinity/home/m.romanov/benchmarking/datasets/MIST_HER2/testA/48M2101314_40_34.jpg,0,0,0.5665493607521057,0.5730474591255188,0.5666051506996155,0.034250848266738,0.0237246270235796,0.0329272680500147,0.5629722476005554,0.6062942743301392,0.5574687570333481,0.0345213389018589,0.0242632747121092,0.0329181316361471
57M2101034,57M2101034_5_20,0,/trinity/home/m.romanov/benchmarking/datasets/MIST_HER2/testB/57M2101034_5_20.jpg,/trinity/home/m.romanov/benchmarking/datasets/MIST_HER2/testA/57M2101034_5_20.jpg,0,0,0.5757534503936768,0.6061601042747498,0.5729009956121445,0.1218162802602014,0.0626587794745249,0.0987198761910679,0.5677118301391602,0.5996316075325012,0.5651162266731262,0.1276489001232152,0.0739102174379515,0.1031578035442654
88M2100218,88M2100218_27_3,0,/trinity/home/m.romanov/benchmarking/datasets/MIST_HER2/testB/88M2100218_27_3.jpg,/trinity/home/m.romanov/benchmarking/datasets/MIST_HER2/testA/88M2100218_27_3.jpg,0,0,0.6170402765274048,0.6474020481109619,0.5986240059137344,0.035652780936836,0.0233291200259876,0.0284547491023403,0.6136325001716614,0.6618430614471436,0.5946955233812332,0.0375109367489786,0.0257435146359344,0.0310712939333913
89M2100212,89M2100212_10_17,0,/trinity/home/m.romanov/benchmarking/datasets/MIST_HER2/testB/89M2100212_10_17.jpg,/trinity/home/m.romanov/benchmarking/datasets/MIST_HER2/testA/89M2100212_10_17.jpg,0,0,0.5447933673858643,0.6130776405334473,0.5412803739309311,0.2750188172581377,0.2101681448632668,0.2660913687581063,0.5423344969749451,0.6202747821807861,0.5372137725353241,0.2742037206314874,0.2100266134992728,0.2660786466976139
89M2100212,89M2100212_11_18,0,/trinity/home/m.romanov/benchmarking/datasets/MIST_HER2/testB/89M2100212_11_18.jpg,/trinity/home/m.romanov/benchmarking/datasets/MIST_HER2/testA/89M2100212_11_18.jpg,0,0,0.5476812720298767,0.6064965724945068,0.5455745905637741,0.211812514424379,0.1525738800276566,0.1857798358582246,0.5320653915405273,0.6148838400840759,0.5321801081299782,0.2082431511617704,0.1495904113916505,0.1848925811052777
89M2100212,89M2100212_11_20,0,/trinity/home/m.romanov/benchmarking/datasets/MIST_HER2/testB/89M2100212_11_20.jpg,/trinity/home/m.romanov/benchmarking/datasets/MIST_HER2/testA/89M2100212_11_20.jpg,0,0,0.5682201385498047,0.6399416923522949,0.5613946169614792,0.2076267324752139,0.1732218427389552,0.1822390871170939,0.5541399717330933,0.636836051940918,0.5494853928685188,0.2064101523309796,0.1671556040340462,0.181941750397569
89M2100212,89M2100212_12_22,0,/trinity/home/m.romanov/benchmarking/datasets/MIST_HER2/testB/89M2100212_12_22.jpg,/trinity/home/m.romanov/benchmarking/datasets/MIST_HER2/testA/89M2100212_12_22.jpg,0,0,0.5719192028045654,0.6370034217834473,0.5642500817775726,0.1565824461744162,0.1216580910402212,0.1484531427326524,0.5676815509796143,0.6431949138641357,0.558302566409111,0.1547548266833369,0.1198476429320744,0.1480236754006685
89M2100212,89M2100212_14_22,0,/trinity/home/m.romanov/benchmarking/datasets/MIST_HER2/testB/89M2100212_14_22.jpg,/trinity/home/m.romanov/benchmarking/datasets/MIST_HER2/testA/89M2100212_14_22.jpg,0,0,0.5239118337631226,0.5834521055221558,0.5136915445327759,0.2814097708597979,0.2267721073838304,0.2506257838130388,0.524401843547821,0.5913562774658203,0.5135536044836044,0.2836533280499574,0.2276770408649834,0.2515112764767872
89M2100212,89M2100212_16_11,0,/trinity/home/m.romanov/benchmarking/datasets/MIST_HER2/testB/89M2100212_16_11.jpg,/trinity/home/m.romanov/benchmarking/datasets/MIST_HER2/testA/89M2100212_16_11.jpg,0,0,0.5089901089668274,0.5853391885757446,0.5046867281198502,0.336565228711047,0.2809080776291633,0.3103475614771687,0.5066898465156555,0.5868186950683594,0.5021533817052841,0.3363613204434221,0.2757525093579381,0.3094824017581254
89M2100212,89M2100212_3_13,0,/trinity/home/m.romanov/benchmarking/datasets/MIST_HER2/testB/89M2100212_3_13.jpg,/trinity/home/m.romanov/benchmarking/datasets/MIST_HER2/testA/89M2100212_3_13.jpg,0,0,0.5193431377410889,0.5721212029457092,0.509684331715107,0.3057293633627447,0.2415916392485039,0.287606947265774,0.5111425518989563,0.5880878567695618,0.5042864978313446,0.3076795453721823,0.2376445563026011,0.2876500905110342
89M2100212,89M2100212_9_16,0,/trinity/home/m.romanov/benchmarking/datasets/MIST_HER2/testB/89M2100212_9_16.jpg,/trinity/home/m.romanov/benchmarking/datasets/MIST_HER2/testA/89M2100212_9_16.jpg,0,0,0.4752440452575683,0.5704879760742188,0.4813427180051803,0.3996400580980609,0.3479965369668359,0.3630728019259747,0.4682086706161499,0.5760564804077148,0.4785128459334373,0.4023186116451707,0.3461403273490213,0.3646696198238537
100M2004069,100M2004069_10_9,0,/trinity/home/m.romanov/benchmarking/datasets/MIST_HER2/testB/100M2004069_10_9.jpg,/trinity/home/m.romanov/benchmarking/datasets/MIST_HER2/testA/100M2004069_10_9.jpg,0,1,0.5572882890701294,0.5924171805381775,0.5394778847694397,0.1164269790844119,0.0934305337004983,0.0992464814841306,0.5511010885238647,0.5899521112442017,0.5343776196241379,0.1163541270294266,0.0925891611830341,0.0996275938102016
100M2004069,100M2004069_16_30,0,/trinity/home/m.romanov/benchmarking/datasets/MIST_HER2/testB/100M2004069_16_30.jpg,/trinity/home/m.romanov/benchmarking/datasets/MIST_HER2/testA/100M2004069_16_30.jpg,0,1,0.5014834403991699,0.5630998015403748,0.4937850162386894,0.0654815549146839,0.049113238502253,0.0335742325570678,0.4975520968437195,0.5417953729629517,0.4863019660115242,0.0578486965487348,0.0396391456858117,0.0318372411386657
100M2004069,100M2004069_21_29,0,/trinity/home/m.romanov/benchmarking/datasets/MIST_HER2/testB/100M2004069_21_29.jpg,/trinity/home/m.romanov/benchmarking/datasets/MIST_HER2/testA/100M2004069_21_29.jpg,0,1,0.5189977884292603,0.578294038772583,0.5089560747146606,0.1033290990032158,0.0798372419116419,0.0853030119133621,0.5105636119842529,0.5715837478637695,0.4989121332764625,0.1029969955568144,0.0795954256371742,0.0852638668969229
100M2004069,100M2004069_26_23,0,/trinity/home/m.romanov/benchmarking/datasets/MIST_HER2/testB/100M2004069_26_23.jpg,/trinity/home/m.romanov/benchmarking/datasets/MIST_HER2/testA/100M2004069_26_23.jpg,0,1,0.4925896823406219,0.5655962228775024,0.4865399226546287,0.0842660601751715,0.0570072069534844,0.0554723118975368,0.4844988584518432,0.5433197021484375,0.4816465452313423,0.0840904865736449,0.0570357650561476,0.0544806591804325
100M2004069,100M2004069_32_27,0,/trinity/home/m.romanov/benchmarking/datasets/MIST_HER2/testB/100M2004069_32_27.jpg,/trinity/home/m.romanov/benchmarking/datasets/MIST_HER2/testA/100M2004069_32_27.jpg,0,1,0.5565457344055176,0.5738321542739868,0.5421828329563141,0.029421015184818,0.0179122857210976,0.0268427865041551,0.5486093759536743,0.5745129585266113,0.5367212295532227,0.028099107643538,0.0175424553113749,0.0257960102910479
10M2102916,10M2102916_14_4,0,/trinity/home/m.romanov/benchmarking/datasets/MIST_HER2/testB/10M2102916_14_4.jpg,/trinity/home/m.romanov/benchmarking/datasets/MIST_HER2/testA/10M2102916_14_4.jpg,0,1,0.6102553606033325,0.6181328296661377,0.6049244105815887,0.2855452462968685,0.2355742167942207,0.2511736892440585,0.6095110774040222,0.647336483001709,0.5962831974029541,0.287443333648047,0.237758431085044,0.2506726747575246
10M2102916,10M2102916_17_14,0,/trinity/home/m.romanov/benchmarking/datasets/MIST_HER2/testB/10M2102916_17_14.jpg,/trinity/home/m.romanov/benchmarking/datasets/MIST_HER2/testA/10M2102916_17_14.jpg,0,1,0.5437461137771606,0.5604677200317383,0.5223390460014343,0.0096121573554319,0.0059012966630307,0.0135811388442561,0.5302000045776367,0.5655481219291687,0.5128477960824966,0.0100799717824574,0.0061470044725877,0.0136196356793967
12M2102884,12M2102884_18_4,0,/trinity/home/m.romanov/benchmarking/datasets/MIST_HER2/testB/12M2102884_18_4.jpg,/trinity/home/m.romanov/benchmarking/datasets/MIST_HER2/testA/12M2102884_18_4.jpg,0,1,0.541847825050354,0.54632568359375,0.5364630371332169,0.0915570026426416,0.066423896716973,0.0579391469014648,0.540906548500061,0.5507978200912476,0.531732827425003,0.0951125971797835,0.064914988794316,0.0581760752543965
12M2102884,12M2102884_6_5,0,/trinity/home/m.romanov/benchmarking/datasets/MIST_HER2/testB/12M2102884_6_5.jpg,/trinity/home/m.romanov/benchmarking/datasets/MIST_HER2/testA/12M2102884_6_5.jpg,0,1,0.5496410727500916,0.551960825920105,0.5425311326980591,0.1877148904653185,0.1239114467849224,0.1142075519790236,0.552750825881958,0.5490662455558777,0.5402898788452148,0.1894172056139206,0.1234011411320124,0.1155086276059548
12M2102884,12M2102884_8_9,0,/trinity/home/m.romanov/benchmarking/datasets/MIST_HER2/testB/12M2102884_8_9.jpg,/trinity/home/m.romanov/benchmarking/datasets/MIST_HER2/testA/12M2102884_8_9.jpg,0,1,0.524924635887146,0.5346308946609497,0.5311826020479202,0.0873505676052765,0.0589660148892544,0.0733235900604162,0.5267379283905029,0.5429890155792236,0.5305331647396088,0.0882017028277505,0.0586556867355697,0.0740198942291988
14M2102785,14M2102785_14_9,0,/trinity/home/m.romanov/benchmarking/datasets/MIST_HER2/testB/14M2102785_14_9.jpg,/trinity/home/m.romanov/benchmarking/datasets/MIST_HER2/testA/14M2102785_14_9.jpg,0,1,0.6294133067131042,0.6239766478538513,0.6146634817123413,0.2357434235560362,0.1907874228119114,0.0689049129729104,0.6226365566253662,0.6601259708404541,0.60271255671978,0.2368158344157578,0.1880225693202679,0.0627429876300593
15M2102762,15M2102762_14_15,0,/trinity/home/m.romanov/benchmarking/datasets/MIST_HER2/testB/15M2102762_14_15.jpg,/trinity/home/m.romanov/benchmarking/datasets/MIST_HER2/testA/15M2102762_14_15.jpg,0,1,0.5847206115722656,0.5972193479537964,0.5860655754804611,0.2764271909797324,0.2262427878311041,0.2578051312633517,0.5787193179130554,0.6390607357025146,0.5852422714233398,0.2710772364701708,0.2223565165820279,0.2565394799624008
15M2102762,15M2102762_15_21,0,/trinity/home/m.romanov/benchmarking/datasets/MIST_HER2/testB/15M2102762_15_21.jpg,/trinity/home/m.romanov/benchmarking/datasets/MIST_HER2/testA/15M2102762_15_21.jpg,0,1,0.5359474420547485,0.5734415054321289,0.5338126495480537,0.2688975160980839,0.2167130093221753,0.252839809774834,0.5385658144950867,0.5999903678894043,0.5326458364725113,0.2700967065208683,0.2241719714851107,0.2537902166125448
15M2102762,15M2102762_15_26,0,/trinity/home/m.romanov/benchmarking/datasets/MIST_HER2/testB/15M2102762_15_26.jpg,/trinity/home/m.romanov/benchmarking/datasets/MIST_HER2/testA/15M2102762_15_26.jpg,0,1,0.5553938150405884,0.5928956866264343,0.5520216077566147,0.2777501807219723,0.2195669867439143,0.2645886531290531,0.5490407943725586,0.624304473400116,0.5496446639299393,0.2815571141037525,0.2214206780630856,0.2681842538815137
15M2102762,15M2102762_19_20,0,/trinity/home/m.romanov/benchmarking/datasets/MIST_HER2/testB/15M2102762_19_20.jpg,/trinity/home/m.romanov/benchmarking/datasets/MIST_HER2/testA/15M2102762_19_20.jpg,0,1,0.5562226176261902,0.5915820598602295,0.5537122189998627,0.268270681460119,0.2270697285601888,0.15549092140352,0.5518665909767151,0.6067302227020264,0.5469387918710709,0.2696104201714331,0.2279527871158477,0.1564764433633983
15M2102762,15M2102762_21_24,0,/trinity/home/m.romanov/benchmarking/datasets/MIST_HER2/testB/15M2102762_21_24.jpg,/trinity/home/m.romanov/benchmarking/datasets/MIST_HER2/testA/15M2102762_21_24.jpg,0,1,0.5399799346923828,0.5583032369613647,0.5463739484548569,0.2397294248749728,0.2004910980378132,0.2243302421892881,0.5410093069076538,0.5873914957046509,0.5450256615877151,0.2334286981485296,0.1962300920296593,0.2220241144700827
15M2102762,15M2102762_26_10,0,/trinity/home/m.romanov/benchmarking/datasets/MIST_HER2/testB/15M2102762_26_10.jpg,/trinity/home/m.romanov/benchmarking/datasets/MIST_HER2/testA/15M2102762_26_10.jpg,0,1,0.5899180173873901,0.6076117753982544,0.5860534459352493,0.1559620488626436,0.1337099754428629,0.1302349416253004,0.5840057730674744,0.6356636881828308,0.5817963629961014,0.1538656859042583,0.1278826472832177,0.1297857578935635
15M2102762,15M2102762_2_22,0,/trinity/home/m.romanov/benchmarking/datasets/MIST_HER2/testB/15M2102762_2_22.jpg,/trinity/home/m.romanov/benchmarking/datasets/MIST_HER2/testA/15M2102762_2_22.jpg,0,1,0.586627721786499,0.5764231085777283,0.5803048461675644,0.2179070678980556,0.154078168585938,0.2246911947992961,0.5802015662193298,0.6065686345100403,0.579253152012825,0.2256834771479688,0.1612947035262141,0.2269060943549964
15M2102762,15M2102762_6_23,0,/trinity/home/m.romanov/benchmarking/datasets/MIST_HER2/testB/15M2102762_6_23.jpg,/trinity/home/m.romanov/benchmarking/datasets/MIST_HER2/testA/15M2102762_6_23.jpg,0,1,0.582780122756958,0.5960503816604614,0.5760945081710815,0.2096151808125717,0.1585639737262475,0.202471443724012,0.5771040320396423,0.6309413313865662,0.5664616227149963,0.2055649999475477,0.1561385392079727,0.1986186636315518
15M2102762,15M2102762_8_22,0,/trinity/home/m.romanov/benchmarking/datasets/MIST_HER2/testB/15M2102762_8_22.jpg,/trinity/home/m.romanov/benchmarking/datasets/MIST_HER2/testA/15M2102762_8_22.jpg,0,1,0.6072589755058289,0.6028723120689392,0.6049870848655701,0.1505994730214043,0.1243401610519037,0.1270135203278782,0.6005059480667114,0.6413851976394653,0.5958526432514191,0.147489782532816,0.1188526989008893,0.126010098074979
23M2102136,23M2102136_13_16,0,/trinity/home/m.romanov/benchmarking/datasets/MIST_HER2/testB/23M2102136_13_16.jpg,/trinity/home/m.romanov/benchmarking/datasets/MIST_HER2/testA/23M2102136_13_16.jpg,0,1,0.5294497609138489,0.5449420809745789,0.5180679261684418,0.049100444759635,0.0402740363409865,0.0243039319250925,0.5215631127357483,0.5407162308692932,0.5089233741164207,0.0494163580326386,0.040483818813628,0.0244066457995071
27M2102007,27M2102007_5_29,0,/trinity/home/m.romanov/benchmarking/datasets/MIST_HER2/testB/27M2102007_5_29.jpg,/trinity/home/m.romanov/benchmarking/datasets/MIST_HER2/testA/27M2102007_5_29.jpg,0,1,0.6365567445755005,0.6511936187744141,0.6227102875709534,0.008116948648376,0.0089283791767994,0.0079855593716769,0.6249496936798096,0.6796258091926575,0.6115155518054962,0.0081299192273515,0.0093367654465584,0.0079019648519271
27M2102007,27M2102007_6_24,0,/trinity/home/m.romanov/benchmarking/datasets/MIST_HER2/testB/27M2102007_6_24.jpg,/trinity/home/m.romanov/benchmarking/datasets/MIST_HER2/testA/27M2102007_6_24.jpg,0,1,0.6349284648895264,0.6590217351913452,0.6228070110082626,0.0178624514160687,0.0134111714857067,0.0052715474102019,0.6194129586219788,0.6958440542221069,0.6133938133716583,0.0190274286422391,0.0123370379518036,0.0058430735794059
27M2102007,27M2102007_8_22,0,/trinity/home/m.romanov/benchmarking/datasets/MIST_HER2/testB/27M2102007_8_22.jpg,/trinity/home/m.romanov/benchmarking/datasets/MIST_HER2/testA/27M2102007_8_22.jpg,0,1,0.6602744460105896,0.7024407386779785,0.6473175883293152,0.0143085863515452,0.0078368233748778,0.0013140605572314,0.655489444732666,0.7268581390380859,0.640773743391037,0.0138294535180941,0.0068387161035512,0.0009635956143499
28M2101987,28M2101987_14_25,0,/trinity/home/m.romanov/benchmarking/datasets/MIST_HER2/testB/28M2101987_14_25.jpg,/trinity/home/m.romanov/benchmarking/datasets/MIST_HER2/testA/28M2101987_14_25.jpg,0,1,0.4913525283336639,0.5260427594184875,0.4924662709236145,0.2944157923824019,0.2391140506163126,0.1913724964922131,0.4944884777069092,0.5432214736938477,0.4920877739787102,0.2995486361451574,0.2519384641060487,0.1864566159483005
28M2101987,28M2101987_20_17,0,/trinity/home/m.romanov/benchmarking/datasets/MIST_HER2/testB/28M2101987_20_17.jpg,/trinity/home/m.romanov/benchmarking/datasets/MIST_HER2/testA/28M2101987_20_17.jpg,0,1,0.5868111252784729,0.5841201543807983,0.5736840665340424,0.0781320184736956,0.0625500679493598,0.0693718712089936,0.5817431211471558,0.6281143426895142,0.564809039235115,0.0790037769819335,0.0652659487280356,0.0712349791907696
28M2101987,28M2101987_25_15,0,/trinity/home/m.romanov/benchmarking/datasets/MIST_HER2/testB/28M2101987_25_15.jpg,/trinity/home/m.romanov/benchmarking/datasets/MIST_HER2/testA/28M2101987_25_15.jpg,0,1,0.6371245980262756,0.6260262727737427,0.6213807314634323,0.1871570484668673,0.1491270444412655,0.1129263031152544,0.6277668476104736,0.6711694002151489,0.6137671768665314,0.1879915613806204,0.1521412542021314,0.1151927028011928
28M2101987,28M2101987_8_16,0,/trinity/home/m.romanov/benchmarking/datasets/MIST_HER2/testB/28M2101987_8_16.jpg,/trinity/home/m.romanov/benchmarking/datasets/MIST_HER2/testA/28M2101987_8_16.jpg,0,1,0.6218435168266296,0.6031873226165771,0.6150460541248322,0.0168449459568584,0.0133111184747752,0.0434043583339144,0.6136859059333801,0.6365721225738525,0.6090485900640488,0.0170118749892711,0.0146130965685573,0.0436447109793729
2M2103108,2M2103108_13_15,0,/trinity/home/m.romanov/benchmarking/datasets/MIST_HER2/testB/2M2103108_13_15.jpg,/trinity/home/m.romanov/benchmarking/datasets/MIST_HER2/testA/2M2103108_13_15.jpg,0,1,0.56498783826828,0.5761916637420654,0.5572529435157776,0.0456689885446588,0.0340568785315785,0.0334638126856713,0.5570820569992065,0.5890101790428162,0.545951247215271,0.045415444319751,0.0333081428963116,0.0332106632399433
2M2103108,2M2103108_31_18,0,/trinity/home/m.romanov/benchmarking/datasets/MIST_HER2/testB/2M2103108_31_18.jpg,/trinity/home/m.romanov/benchmarking/datasets/MIST_HER2/testA/2M2103108_31_18.jpg,0,1,0.587324857711792,0.6047887802124023,0.5777289271354675,0.0562712163542417,0.045770509977827,0.0457131180108762,0.5738461017608643,0.6210185289382935,0.5640827268362045,0.057135963839393,0.0454815016808525,0.0464767503785697
2M2103108,2M2103108_6_14,0,/trinity/home/m.romanov/benchmarking/datasets/MIST_HER2/testB/2M2103108_6_14.jpg,/trinity/home/m.romanov/benchmarking/datasets/MIST_HER2/testA/2M2103108_6_14.jpg,0,1,0.5584058165550232,0.5707857608795166,0.5592600554227829,0.0679031667591734,0.0527243669980688,0.0199313058327089,0.5473554134368896,0.5803641080856323,0.5484494417905807,0.0678920728023445,0.0530707336444698,0.0199963638399961
31M2101871,31M2101871_17_22,0,/trinity/home/m.romanov/benchmarking/datasets/MIST_HER2/testB/31M2101871_17_22.jpg,/trinity/home/m.romanov/benchmarking/datasets/MIST_HER2/testA/31M2101871_17_22.jpg,0,1,0.5688436031341553,0.6081920862197876,0.5552722066640854,0.438327673254674,0.33288549340772,0.3174473541392481,0.5703386068344116,0.6183837056159973,0.5552459508180618,0.4415422534170281,0.3399055861526357,0.3196013126037136
31M2101871,31M2101871_33_9,0,/trinity/home/m.romanov/benchmarking/datasets/MIST_HER2/testB/31M2101871_33_9.jpg,/trinity/home/m.romanov/benchmarking/datasets/MIST_HER2/testA/31M2101871_33_9.jpg,0,1,0.5498532056808472,0.5662207007408142,0.5420715734362602,0.3203196823870941,0.2623933075841022,0.2467247492990386,0.5518943071365356,0.5929821729660034,0.5415290370583534,0.3156866850821879,0.2596316429439954,0.2451462824611849
31M2101871,31M2101871_35_16,0,/trinity/home/m.romanov/benchmarking/datasets/MIST_HER2/testB/31M2101871_35_16.jpg,/trinity/home/m.romanov/benchmarking/datasets/MIST_HER2/testA/31M2101871_35_16.jpg,0,1,0.5378948450088501,0.5733311176300049,0.536548912525177,0.3869305410119667,0.3184877095105262,0.3052905475537582,0.53190016746521,0.5942822694778442,0.5279704481363297,0.3873278670897181,0.3159481915933528,0.3044449268148103
31M2101871,31M2101871_38_15,0,/trinity/home/m.romanov/benchmarking/datasets/MIST_HER2/testB/31M2101871_38_15.jpg,/trinity/home/m.romanov/benchmarking/datasets/MIST_HER2/testA/31M2101871_38_15.jpg,0,1,0.5529295802116394,0.579747200012207,0.5346211791038513,0.4513004948634905,0.3597057315881076,0.1874585918351715,0.547507107257843,0.6027103662490845,0.5336016565561295,0.4512901236157364,0.3590011146079203,0.1866570331052228
31M2101871,31M2101871_5_19,0,/trinity/home/m.romanov/benchmarking/datasets/MIST_HER2/testB/31M2101871_5_19.jpg,/trinity/home/m.romanov/benchmarking/datasets/MIST_HER2/testA/31M2101871_5_19.jpg,0,1,0.5436661243438721,0.5881784558296204,0.5320697650313377,0.2006591464391572,0.1612875062584936,0.1424009499346499,0.5415716171264648,0.5997906923294067,0.528435006737709,0.1991370615227185,0.1577479704599098,0.1411474679458093
31M2101871,31M2101871_6_17,0,/trinity/home/m.romanov/benchmarking/datasets/MIST_HER2/testB/31M2101871_6_17.jpg,/trinity/home/m.romanov/benchmarking/datasets/MIST_HER2/testA/31M2101871_6_17.jpg,0,1,0.5533347725868225,0.5921652913093567,0.5420224517583847,0.3687934638727717,0.2600027716186253,0.2082770787288042,0.5487850904464722,0.6125953197479248,0.5343534275889397,0.3708228607572966,0.2676510383139022,0.2061886193178025
31M2101871,31M2101871_8_17,0,/trinity/home/m.romanov/benchmarking/datasets/MIST_HER2/testB/31M2101871_8_17.jpg,/trinity/home/m.romanov/benchmarking/datasets/MIST_HER2/testA/31M2101871_8_17.jpg,0,1,0.542068600654602,0.5669832229614258,0.5369528234004974,0.3428140246926295,0.2279882221109601,0.2182974057129539,0.5346468687057495,0.5786936283111572,0.5308282524347305,0.3459145211296887,0.235160604868512,0.2208816510857748
33M2101839,33M2101839_3_9,0,/trinity/home/m.romanov/benchmarking/datasets/MIST_HER2/testB/33M2101839_3_9.jpg,/trinity/home/m.romanov/benchmarking/datasets/MIST_HER2/testA/33M2101839_3_9.jpg,0,1,0.5463894009590149,0.555483341217041,0.5401578992605209,0.321837878085625,0.2733610197172353,0.1946985707072377,0.5396591424942017,0.565092921257019,0.5360300093889236,0.3190697682181099,0.2698637436520992,0.1950130836054326
39M2101576,39M2101576_20_12,0,/trinity/home/m.romanov/benchmarking/datasets/MIST_HER2/testB/39M2101576_20_12.jpg,/trinity/home/m.romanov/benchmarking/datasets/MIST_HER2/testA/39M2101576_20_12.jpg,0,1,0.548340916633606,0.560549259185791,0.539597749710083,0.2257237849427602,0.1667018483417972,0.0905426037032334,0.5461288094520569,0.5804851055145264,0.5357376486063004,0.2296851098446267,0.1792479674796748,0.0924226588130388
39M2101576,39M2101576_20_3,0,/trinity/home/m.romanov/benchmarking/datasets/MIST_HER2/testB/39M2101576_20_3.jpg,/trinity/home/m.romanov/benchmarking/datasets/MIST_HER2/testA/39M2101576_20_3.jpg,0,1,0.5781621336936951,0.5712103843688965,0.576666995882988,0.2189051514822062,0.1703768656271606,0.0725145787735084,0.562125027179718,0.6079297065734863,0.5677402317523956,0.2206863387778807,0.1786471520873566,0.0741432111359864
39M2101576,39M2101576_22_17,0,/trinity/home/m.romanov/benchmarking/datasets/MIST_HER2/testB/39M2101576_22_17.jpg,/trinity/home/m.romanov/benchmarking/datasets/MIST_HER2/testA/39M2101576_22_17.jpg,0,1,0.5692382454872131,0.577532172203064,0.5631072074174881,0.3790148351758391,0.3080320911713516,0.3201924171602006,0.5638884902000427,0.601740837097168,0.5614484250545502,0.3860907381658102,0.3269295532031566,0.3256203187287804
39M2101576,39M2101576_8_27,0,/trinity/home/m.romanov/benchmarking/datasets/MIST_HER2/testB/39M2101576_8_27.jpg,/trinity/home/m.romanov/benchmarking/datasets/MIST_HER2/testA/39M2101576_8_27.jpg,0,1,0.550290048122406,0.5599727034568787,0.5473528653383255,0.0836668523954482,0.04580753194812,0.0601948855752174,0.5461865663528442,0.5686126947402954,0.5392718762159348,0.0850370268446038,0.0549572112748253,0.0617519107119227
40M2101566,40M2101566_16_27,0,/trinity/home/m.romanov/benchmarking/datasets/MIST_HER2/testB/40M2101566_16_27.jpg,/trinity/home/m.romanov/benchmarking/datasets/MIST_HER2/testA/40M2101566_16_27.jpg,0,1,0.5314667224884033,0.5876168608665466,0.530669778585434,0.3538816063656096,0.296702578499392,0.3286815892152094,0.5274239778518677,0.5939804315567017,0.5245642066001892,0.3537618601774603,0.2928259185084519,0.3279862829737926
40M2101566,40M2101566_26_26,0,/trinity/home/m.romanov/benchmarking/datasets/MIST_HER2/testB/40M2101566_26_26.jpg,/trinity/home/m.romanov/benchmarking/datasets/MIST_HER2/testA/40M2101566_26_26.jpg,0,1,0.5649629831314087,0.5913537740707397,0.5536440163850784,0.4890895367700071,0.4085680864506592,0.3539204435726138,0.5543665289878845,0.6031322479248047,0.5452638193964958,0.4918473945995124,0.4127413096345039,0.3540825446028363
40M2101566,40M2101566_34_26,0,/trinity/home/m.romanov/benchmarking/datasets/MIST_HER2/testB/40M2101566_34_26.jpg,/trinity/home/m.romanov/benchmarking/datasets/MIST_HER2/testA/40M2101566_34_26.jpg,0,1,0.5950734615325928,0.610251247882843,0.5773896723985672,0.2348329144302918,0.171143814224066,0.1239234594273932,0.5839865207672119,0.6307986974716187,0.5626403987407684,0.23707116678683,0.1758358665331521,0.1256636761815013
40M2101566,40M2101566_35_16,0,/trinity/home/m.romanov/benchmarking/datasets/MIST_HER2/testB/40M2101566_35_16.jpg,/trinity/home/m.romanov/benchmarking/datasets/MIST_HER2/testA/40M2101566_35_16.jpg,0,1,0.5611307621002197,0.5981332063674927,0.5621463358402252,0.4786355276509386,0.4115911475097156,0.3711662564314393,0.5566371083259583,0.6109995245933533,0.5571539551019669,0.4797426881511236,0.4127745690580073,0.3727992847035458
40M2101566,40M2101566_35_37,0,/trinity/home/m.romanov/benchmarking/datasets/MIST_HER2/testB/40M2101566_35_37.jpg,/trinity/home/m.romanov/benchmarking/datasets/MIST_HER2/testA/40M2101566_35_37.jpg,0,1,0.5844656229019165,0.6242548823356628,0.585139125585556,0.3449066027416334,0.2867986910807524,0.3233462289950027,0.5800341963768005,0.6434782147407532,0.5779355317354202,0.3472655847667112,0.2867510669241589,0.323504884079118
40M2101566,40M2101566_40_33,0,/trinity/home/m.romanov/benchmarking/datasets/MIST_HER2/testB/40M2101566_40_33.jpg,/trinity/home/m.romanov/benchmarking/datasets/MIST_HER2/testA/40M2101566_40_33.jpg,0,1,0.5460073947906494,0.5845233201980591,0.5418505668640137,0.4014318997646323,0.3294404012588513,0.3807818058217936,0.5367327928543091,0.6041046380996704,0.5363689064979553,0.4031026243309949,0.3311555861526357,0.3794790817287518
40M2101566,40M2101566_41_31,0,/trinity/home/m.romanov/benchmarking/datasets/MIST_HER2/testB/40M2101566_41_31.jpg,/trinity/home/m.romanov/benchmarking/datasets/MIST_HER2/testA/40M2101566_41_31.jpg,0,1,0.5549777746200562,0.6001121997833252,0.5515949577093124,0.3258452626524454,0.2736963855708938,0.2844744406912813,0.5433977842330933,0.6061360836029053,0.5407432615756989,0.3291662375115872,0.2717770843764156,0.2853925692586738
45M2101377,45M2101377_18_20,0,/trinity/home/m.romanov/benchmarking/datasets/MIST_HER2/testB/45M2101377_18_20.jpg,/trinity/home/m.romanov/benchmarking/datasets/MIST_HER2/testA/45M2101377_18_20.jpg,0,1,0.5277872681617737,0.5486554503440857,0.5188344717025757,0.4578145027237042,0.3959709903917221,0.3069566275713836,0.5250847339630127,0.5505275726318359,0.516571469604969,0.4581997886172814,0.3975601113415826,0.3037567443684672
48M2101314,48M2101314_13_27,0,/trinity/home/m.romanov/benchmarking/datasets/MIST_HER2/testB/48M2101314_13_27.jpg,/trinity/home/m.romanov/benchmarking/datasets/MIST_HER2/testA/48M2101314_13_27.jpg,0,1,0.5903949737548828,0.5944733619689941,0.5743360668420792,0.1639058434947719,0.1157282725961423,0.1019632751739588,0.5809013843536377,0.6288032531738281,0.5673717558383942,0.1640206871821868,0.1170856802684595,0.1029783102652387
48M2101314,48M2101314_2_17,0,/trinity/home/m.romanov/benchmarking/datasets/MIST_HER2/testB/48M2101314_2_17.jpg,/trinity/home/m.romanov/benchmarking/datasets/MIST_HER2/testA/48M2101314_2_17.jpg,0,1,0.6043232679367065,0.620416522026062,0.5913111418485641,0.2428886768147537,0.1907523603461841,0.1914746417855201,0.6010441184043884,0.6551175117492676,0.5870022028684616,0.2447681525446035,0.1956115293374341,0.192958728816186
48M2101314,48M2101314_4_7,0,/trinity/home/m.romanov/benchmarking/datasets/MIST_HER2/testB/48M2101314_4_7.jpg,/trinity/home/m.romanov/benchmarking/datasets/MIST_HER2/testA/48M2101314_4_7.jpg,0,1,0.6149696111679077,0.6152600049972534,0.5991002768278122,0.2282347444906024,0.1878052952816918,0.1210384155562152,0.6072871088981628,0.6572059392929077,0.5945184230804443,0.2299476693064472,0.1893778461245023,0.1221621050535973
48M2101314,48M2101314_8_30,0,/trinity/home/m.romanov/benchmarking/datasets/MIST_HER2/testB/48M2101314_8_30.jpg,/trinity/home/m.romanov/benchmarking/datasets/MIST_HER2/testA/48M2101314_8_30.jpg,0,1,0.5670274496078491,0.5932544469833374,0.5555395931005478,0.1575157541637579,0.1160257596619221,0.1145922322563205,0.5571547746658325,0.6379330158233643,0.5477195680141449,0.157642593331693,0.1181349539851703,0.114382290318091
48M2101314,48M2101314_9_28,0,/trinity/home/m.romanov/benchmarking/datasets/MIST_HER2/testB/48M2101314_9_28.jpg,/trinity/home/m.romanov/benchmarking/datasets/MIST_HER2/testA/48M2101314_9_28.jpg,0,1,0.6039992570877075,0.6158819198608398,0.5907174646854401,0.220684461224408,0.1737803238919485,0.1547583095358158,0.6015288233757019,0.6574928760528564,0.5851343721151352,0.2238657371644484,0.1770307172829792,0.1561147121558375
4M2103059,4M2103059_16_12,0,/trinity/home/m.romanov/benchmarking/datasets/MIST_HER2/testB/4M2103059_16_12.jpg,/trinity/home/m.romanov/benchmarking/datasets/MIST_HER2/testA/4M2103059_16_12.jpg,0,1,0.5643924474716187,0.5598772764205933,0.5510166585445404,0.0454205479869288,0.0339874092518417,-0.0188700767861102,0.554568350315094,0.5831440687179565,0.5413695126771927,0.0446992359013019,0.0323795314474405,-0.0191239068061943
50M2101298,50M2101298_25_5,0,/trinity/home/m.romanov/benchmarking/datasets/MIST_HER2/testB/50M2101298_25_5.jpg,/trinity/home/m.romanov/benchmarking/datasets/MIST_HER2/testA/50M2101298_25_5.jpg,0,1,0.5491447448730469,0.5742649435997009,0.5289028435945511,0.1137422787848616,0.0816166210690699,0.0502174527037377,0.5379111766815186,0.549763023853302,0.5191752314567566,0.1172314287907745,0.0845324607205016,0.052053862112087
51M2101285,51M2101285_22_14,0,/trinity/home/m.romanov/benchmarking/datasets/MIST_HER2/testB/51M2101285_22_14.jpg,/trinity/home/m.romanov/benchmarking/datasets/MIST_HER2/testA/51M2101285_22_14.jpg,0,1,0.5323542356491089,0.5613776445388794,0.5278695970773697,0.3095386213345387,0.2350655055670791,0.2034090465435931,0.5325891971588135,0.5789194107055664,0.5268216505646706,0.3094591382375268,0.2501428724697804,0.2049296661910143
56M2101083,56M2101083_15_6,0,/trinity/home/m.romanov/benchmarking/datasets/MIST_HER2/testB/56M2101083_15_6.jpg,/trinity/home/m.romanov/benchmarking/datasets/MIST_HER2/testA/56M2101083_15_6.jpg,0,1,0.6360764503479004,0.6615444421768188,0.6207039207220078,0.2343041894118858,0.1869765515103831,0.1864358806661039,0.628233790397644,0.6697880029678345,0.617970272898674,0.2382537721539388,0.1923805372767804,0.1871939403801404
57M2101034,57M2101034_12_17,0,/trinity/home/m.romanov/benchmarking/datasets/MIST_HER2/testB/57M2101034_12_17.jpg,/trinity/home/m.romanov/benchmarking/datasets/MIST_HER2/testA/57M2101034_12_17.jpg,0,1,0.5919736623764038,0.6140515804290771,0.5769827514886856,0.3075821808135254,0.2354327450349283,0.2874764744327935,0.5779306888580322,0.6283248066902161,0.5714205503463745,0.3135455886672541,0.2469288826502634,0.2888465118233577
57M2101034,57M2101034_12_7,0,/trinity/home/m.romanov/benchmarking/datasets/MIST_HER2/testB/57M2101034_12_7.jpg,/trinity/home/m.romanov/benchmarking/datasets/MIST_HER2/testA/57M2101034_12_7.jpg,0,1,0.5941160321235657,0.6161262392997742,0.5828556716442108,0.3418341801993568,0.2501953842119066,0.1439934096420403,0.5826459527015686,0.6232138872146606,0.5718225836753845,0.3479389410073891,0.2696175166297117,0.147505646438814
57M2101034,57M2101034_15_3,0,/trinity/home/m.romanov/benchmarking/datasets/MIST_HER2/testB/57M2101034_15_3.jpg,/trinity/home/m.romanov/benchmarking/datasets/MIST_HER2/testA/57M2101034_15_3.jpg,0,1,0.6089218854904175,0.6244062185287476,0.5967612713575363,0.312386720940479,0.220726953842119,0.240859812821423,0.5970152616500854,0.6266396045684814,0.5896990895271301,0.3214536054748744,0.2455169217747896,0.2452684002718609
57M2101034,57M2101034_16_24,0,/trinity/home/m.romanov/benchmarking/datasets/MIST_HER2/testB/57M2101034_16_24.jpg,/trinity/home/m.romanov/benchmarking/datasets/MIST_HER2/testA/57M2101034_16_24.jpg,0,1,0.6101034283638,0.6244343519210815,0.5961671620607376,0.2706748141758506,0.1985288367546432,0.2654254797204022,0.6039214134216309,0.6530827879905701,0.5884419679641724,0.271963829140965,0.2052953561976968,0.2684663520685511
57M2101034,57M2101034_16_4,0,/trinity/home/m.romanov/benchmarking/datasets/MIST_HER2/testB/57M2101034_16_4.jpg,/trinity/home/m.romanov/benchmarking/datasets/MIST_HER2/testA/57M2101034_16_4.jpg,0,1,0.5885953903198242,0.6002817153930664,0.5737498998641968,0.3958042759581602,0.2866560272274277,0.2209124094144589,0.5888471007347107,0.6284158825874329,0.5713063180446625,0.397224213024952,0.3156929046563193,0.2227388074180304
57M2101034,57M2101034_17_23,0,/trinity/home/m.romanov/benchmarking/datasets/MIST_HER2/testB/57M2101034_17_23.jpg,/trinity/home/m.romanov/benchmarking/datasets/MIST_HER2/testA/57M2101034_17_23.jpg,0,1,0.5683952569961548,0.5875036716461182,0.5607073754072189,0.241079981870582,0.1677407880933648,0.2424852688597934,0.5684136152267456,0.5962977409362793,0.5577196031808853,0.2475715335952132,0.1741450152588036,0.2464627866133077
57M2101034,57M2101034_19_20,0,/trinity/home/m.romanov/benchmarking/datasets/MIST_HER2/testB/57M2101034_19_20.jpg,/trinity/home/m.romanov/benchmarking/datasets/MIST_HER2/testA/57M2101034_19_20.jpg,0,1,0.6064155697822571,0.6145734786987305,0.5934430509805679,0.3069287624025817,0.1983008636721264,0.2582829480132276,0.5960112810134888,0.6230067014694214,0.5871250182390213,0.3107541434922923,0.2283815088334168,0.2633701181560902
57M2101034,57M2101034_21_14,0,/trinity/home/m.romanov/benchmarking/datasets/MIST_HER2/testB/57M2101034_21_14.jpg,/trinity/home/m.romanov/benchmarking/datasets/MIST_HER2/testA/57M2101034_21_14.jpg,0,1,0.5992192029953003,0.617507815361023,0.5880699008703232,0.3104386847064388,0.2371040906706721,0.174942671564157,0.5922319293022156,0.6322840452194214,0.5762862861156464,0.3153521229348103,0.2470845105261903,0.1771943710302701
57M2101034,57M2101034_21_19,0,/trinity/home/m.romanov/benchmarking/datasets/MIST_HER2/testB/57M2101034_21_19.jpg,/trinity/home/m.romanov/benchmarking/datasets/MIST_HER2/testA/57M2101034_21_19.jpg,0,1,0.5976510047912598,0.6323744654655457,0.5862345695495605,0.3176344530943035,0.2303248456238228,0.3032762416433012,0.5893000364303589,0.6348509788513184,0.5783667415380478,0.3287834252202042,0.2632527179743938,0.3091954568944552
57M2101034,57M2101034_30_15,0,/trinity/home/m.romanov/benchmarking/datasets/MIST_HER2/testB/57M2101034_30_15.jpg,/trinity/home/m.romanov/benchmarking/datasets/MIST_HER2/testA/57M2101034_30_15.jpg,0,1,0.5761733055114746,0.610824704170227,0.5776210278272629,0.5123396986568399,0.4116313806833083,0.4726411623440719,0.5791780948638916,0.6273078918457031,0.5688463598489761,0.5147211517187184,0.4265380695229239,0.4749923332355802
57M2101034,57M2101034_31_28,0,/trinity/home/m.romanov/benchmarking/datasets/MIST_HER2/testB/57M2101034_31_28.jpg,/trinity/home/m.romanov/benchmarking/datasets/MIST_HER2/testA/57M2101034_31_28.jpg,0,1,0.5726068019866943,0.5972587466239929,0.5559114664793015,0.2983798442071693,0.2193431561881601,0.1783638003398708,0.5609655976295471,0.6128054261207581,0.5452698916196823,0.3022681084369981,0.2395169634980807,0.1800835491054398
57M2101034,57M2101034_8_27,0,/trinity/home/m.romanov/benchmarking/datasets/MIST_HER2/testB/57M2101034_8_27.jpg,/trinity/home/m.romanov/benchmarking/datasets/MIST_HER2/testA/57M2101034_8_27.jpg,0,1,0.6449063420295715,0.6706191301345825,0.6277165710926056,0.4029794806651331,0.3156524628662709,0.1717722032366114,0.6353542804718018,0.6838333010673523,0.6208025217056274,0.4075719168545412,0.3343848198745917,0.1748496896934844
60M2100980,60M2100980_37_15,0,/trinity/home/m.romanov/benchmarking/datasets/MIST_HER2/testB/60M2100980_37_15.jpg,/trinity/home/m.romanov/benchmarking/datasets/MIST_HER2/testA/60M2100980_37_15.jpg,0,1,0.5937526822090149,0.5885517597198486,0.5965060740709305,0.3422761503263485,0.3000993312352478,0.251936567694624,0.5891351699829102,0.6031273007392883,0.5921637415885925,0.343812018869472,0.3001948775719428,0.2513288136304193
65M2100668,65M2100668_17_23,0,/trinity/home/m.romanov/benchmarking/datasets/MIST_HER2/testB/65M2100668_17_23.jpg,/trinity/home/m.romanov/benchmarking/datasets/MIST_HER2/testA/65M2100668_17_23.jpg,0,1,0.6430243849754333,0.6404120326042175,0.6229866743087769,0.1824844735268536,0.143127726915099,0.1157645617486719,0.6370885372161865,0.6668130159378052,0.6209796816110611,0.1830004580038376,0.1439397217652528,0.1161702096766935
68M2100640,68M2100640_15_8,0,/trinity/home/m.romanov/benchmarking/datasets/MIST_HER2/testB/68M2100640_15_8.jpg,/trinity/home/m.romanov/benchmarking/datasets/MIST_HER2/testA/68M2100640_15_8.jpg,0,1,0.6268905997276306,0.6255989074707031,0.6216205060482025,0.1650164461763236,0.1348709707221705,0.0970401269434391,0.6187437176704407,0.6623713970184326,0.6155797392129898,0.1673984654844874,0.1397888354433397,0.0990911587230344
68M2100640,68M2100640_26_25,0,/trinity/home/m.romanov/benchmarking/datasets/MIST_HER2/testB/68M2100640_26_25.jpg,/trinity/home/m.romanov/benchmarking/datasets/MIST_HER2/testA/68M2100640_26_25.jpg,0,1,0.5813706517219543,0.5779737234115601,0.5761276334524155,0.2025902399882888,0.135580192165558,0.1196124942331626,0.5675328373908997,0.6138383150100708,0.5667661726474762,0.2061229760569612,0.1474334364494671,0.1220148290423294
68M2100640,68M2100640_8_18,0,/trinity/home/m.romanov/benchmarking/datasets/MIST_HER2/testB/68M2100640_8_18.jpg,/trinity/home/m.romanov/benchmarking/datasets/MIST_HER2/testA/68M2100640_8_18.jpg,0,1,0.6442410349845886,0.6492034196853638,0.63548943400383,0.0620715713548998,0.0369766520933171,0.0389199764839324,0.6331037282943726,0.6795386672019958,0.6269186586141586,0.0672443988109543,0.044701492203705,0.0401566102410687
69M2100632,69M2100632_29_9,0,/trinity/home/m.romanov/benchmarking/datasets/MIST_HER2/testB/69M2100632_29_9.jpg,/trinity/home/m.romanov/benchmarking/datasets/MIST_HER2/testA/69M2100632_29_9.jpg,0,1,0.5789441466331482,0.5947426557540894,0.583487942814827,0.2868602489862403,0.207315136017929,0.1817464756167088,0.5701862573623657,0.5933948755264282,0.5741512030363083,0.2894241823642058,0.224915316620175,0.1826516132001119
6M2103024,6M2103024_14_15,0,/trinity/home/m.romanov/benchmarking/datasets/MIST_HER2/testB/6M2103024_14_15.jpg,/trinity/home/m.romanov/benchmarking/datasets/MIST_HER2/testA/6M2103024_14_15.jpg,0,1,0.556106448173523,0.5613957047462463,0.5599345266819,0.2955215223656554,0.2153227743604415,0.1335747861203698,0.5622544884681702,0.5691407322883606,0.5592653304338455,0.2847365571939743,0.2209029516248241,0.1360053106313659
6M2103024,6M2103024_18_16,0,/trinity/home/m.romanov/benchmarking/datasets/MIST_HER2/testB/6M2103024_18_16.jpg,/trinity/home/m.romanov/benchmarking/datasets/MIST_HER2/testA/6M2103024_18_16.jpg,0,1,0.5939850807189941,0.5820860266685486,0.5963524281978607,0.2908014721449743,0.2267051713039124,0.1226462101894503,0.5877052545547485,0.5876739025115967,0.5879433304071426,0.2892074590490686,0.226776547934101,0.1227819534573009
6M2103024,6M2103024_22_18,0,/trinity/home/m.romanov/benchmarking/datasets/MIST_HER2/testB/6M2103024_22_18.jpg,/trinity/home/m.romanov/benchmarking/datasets/MIST_HER2/testA/6M2103024_22_18.jpg,0,1,0.6122145652770996,0.5986234545707703,0.611397460103035,0.073790615653956,0.0572953323558162,0.044061148909725,0.586534321308136,0.6083358526229858,0.5984260886907578,0.0724455125041484,0.0565005558138426,0.0445369902942785
6M2103024,6M2103024_8_22,0,/trinity/home/m.romanov/benchmarking/datasets/MIST_HER2/testB/6M2103024_8_22.jpg,/trinity/home/m.romanov/benchmarking/datasets/MIST_HER2/testA/6M2103024_8_22.jpg,0,1,0.5680187344551086,0.5860430598258972,0.5708384066820145,0.1138830580422708,0.0814024613761533,0.1001178813924721,0.5651340484619141,0.5971025228500366,0.5698996931314468,0.1149287510180512,0.084572552332928,0.100000195580725
70M2100623,70M2100623_23_21,0,/trinity/home/m.romanov/benchmarking/datasets/MIST_HER2/testB/70M2100623_23_21.jpg,/trinity/home/m.romanov/benchmarking/datasets/MIST_HER2/testA/70M2100623_23_21.jpg,0,1,0.6037420034408569,0.6197277307510376,0.5970228761434555,0.0690974770330506,0.0556127847614619,0.0598923756290993,0.5899161100387573,0.6489040851593018,0.5882789045572281,0.0698703138053467,0.0559300494122976,0.0602180179436746
70M2100623,70M2100623_28_22,0,/trinity/home/m.romanov/benchmarking/datasets/MIST_HER2/testB/70M2100623_28_22.jpg,/trinity/home/m.romanov/benchmarking/datasets/MIST_HER2/testA/70M2100623_28_22.jpg,0,1,0.60965895652771,0.6229513883590698,0.5929377228021622,0.0739151525837043,0.0577507644302982,0.0688980820832558,0.5996216535568237,0.6550886631011963,0.5823494791984558,0.0747205187149761,0.0585212222540113,0.0697001898362397
70M2100623,70M2100623_35_10,0,/trinity/home/m.romanov/benchmarking/datasets/MIST_HER2/testB/70M2100623_35_10.jpg,/trinity/home/m.romanov/benchmarking/datasets/MIST_HER2/testA/70M2100623_35_10.jpg,0,1,0.6255987882614136,0.6370692253112793,0.6114850491285324,0.0023858521808409,0.0049761208664139,0.0042043204964948,0.6222982406616211,0.6714516878128052,0.6054397225379944,0.0019874946594034,0.005014040632525,0.0038671793740865
74M2100526,74M2100526_12_14,0,/trinity/home/m.romanov/benchmarking/datasets/MIST_HER2/testB/74M2100526_12_14.jpg,/trinity/home/m.romanov/benchmarking/datasets/MIST_HER2/testA/74M2100526_12_14.jpg,0,1,0.525188684463501,0.5637299418449402,0.5206360667943954,0.0447002193816924,0.0278485254541878,0.0403199243374544,0.5164798498153687,0.5585240125656128,0.5096822381019592,0.043870590342151,0.0280956074315141,0.0391579238357247
74M2100526,74M2100526_15_29,0,/trinity/home/m.romanov/benchmarking/datasets/MIST_HER2/testB/74M2100526_15_29.jpg,/trinity/home/m.romanov/benchmarking/datasets/MIST_HER2/testA/74M2100526_15_29.jpg,0,1,0.5755572319030762,0.5953012704849243,0.5582842379808426,0.2429608434137093,0.1862900692606632,0.1836099533973973,0.56137615442276,0.6015092134475708,0.5415823757648468,0.2441860066595331,0.1850447780320911,0.1855060284312533
74M2100526,74M2100526_17_28,0,/trinity/home/m.romanov/benchmarking/datasets/MIST_HER2/testB/74M2100526_17_28.jpg,/trinity/home/m.romanov/benchmarking/datasets/MIST_HER2/testA/74M2100526_17_28.jpg,0,1,0.5393921136856079,0.5622392892837524,0.5270165801048279,0.409088443616652,0.3231745762105715,0.3298724727990052,0.5225809216499329,0.5631141066551208,0.5167557597160339,0.4094595137482213,0.324604016164795,0.3300220492121337
74M2100526,74M2100526_19_21,0,/trinity/home/m.romanov/benchmarking/datasets/MIST_HER2/testB/74M2100526_19_21.jpg,/trinity/home/m.romanov/benchmarking/datasets/MIST_HER2/testA/74M2100526_19_21.jpg,0,1,0.5224547386169434,0.5480575561523438,0.5029632449150085,0.1853834756936099,0.1325996888634575,0.1316128183104239,0.5175610184669495,0.5506340265274048,0.4966475889086723,0.1856858810124626,0.1323165665307679,0.1284756329327542
79M2100417,79M2100417_9_19,0,/trinity/home/m.romanov/benchmarking/datasets/MIST_HER2/testB/79M2100417_9_19.jpg,/trinity/home/m.romanov/benchmarking/datasets/MIST_HER2/testA/79M2100417_9_19.jpg,0,1,0.615776777267456,0.6286558508872986,0.6025042682886124,0.2333503922477426,0.1461638116014591,0.1404462774021634,0.6070010662078857,0.6643587350845337,0.5948911607265472,0.2425553216660372,0.1649068378513697,0.1420473086676609
80M2100377,80M2100377_17_18,0,/trinity/home/m.romanov/benchmarking/datasets/MIST_HER2/testB/80M2100377_17_18.jpg,/trinity/home/m.romanov/benchmarking/datasets/MIST_HER2/testA/80M2100377_17_18.jpg,0,1,0.6277949810028076,0.6150253415107727,0.6071032285690308,0.1515555053682531,0.1059964937534272,0.0591511895256947,0.6142144203186035,0.6610448360443115,0.5965173989534378,0.1490160695927413,0.1064147250435114,0.0583217409843618
81M2100356,81M2100356_17_14,0,/trinity/home/m.romanov/benchmarking/datasets/MIST_HER2/testB/81M2100356_17_14.jpg,/trinity/home/m.romanov/benchmarking/datasets/MIST_HER2/testA/81M2100356_17_14.jpg,0,1,0.5711665749549866,0.6030285358428955,0.5704170316457748,0.098224768721175,0.0788160420093937,0.0866593977693217,0.5657299757003784,0.6040065884590149,0.5634266436100006,0.0982662984158455,0.0759390348210666,0.0859468273379086
81M2100356,81M2100356_20_29,0,/trinity/home/m.romanov/benchmarking/datasets/MIST_HER2/testB/81M2100356_20_29.jpg,/trinity/home/m.romanov/benchmarking/datasets/MIST_HER2/testA/81M2100356_20_29.jpg,0,1,0.5922039747238159,0.6035527586936951,0.5767232775688171,0.1726711273760886,0.1237341749517201,0.1250797987984712,0.5876616835594177,0.6328514814376831,0.5707302689552307,0.1769933001739508,0.1230795588656033,0.1270029552433814
81M2100356,81M2100356_24_34,0,/trinity/home/m.romanov/benchmarking/datasets/MIST_HER2/testB/81M2100356_24_34.jpg,/trinity/home/m.romanov/benchmarking/datasets/MIST_HER2/testA/81M2100356_24_34.jpg,0,1,0.614227831363678,0.642654538154602,0.6005967557430267,0.1853391296687304,0.1418878746155496,0.1726484044189173,0.6024090051651001,0.6518523693084717,0.5923578441143036,0.1860504244105316,0.1439446838566626,0.1716598984559777
83M2100256,83M2100256_3_19,0,/trinity/home/m.romanov/benchmarking/datasets/MIST_HER2/testB/83M2100256_3_19.jpg,/trinity/home/m.romanov/benchmarking/datasets/MIST_HER2/testA/83M2100256_3_19.jpg,0,1,0.5533130168914795,0.5747578144073486,0.5375531241297722,0.3809389698561471,0.3221333118756407,0.2887025401950055,0.5465185046195984,0.5823477506637573,0.5399210005998611,0.383737209986534,0.3244340831604797,0.2900280708632553
88M2100218,88M2100218_10_29,0,/trinity/home/m.romanov/benchmarking/datasets/MIST_HER2/testB/88M2100218_10_29.jpg,/trinity/home/m.romanov/benchmarking/datasets/MIST_HER2/testA/88M2100218_10_29.jpg,0,1,0.6230098009109497,0.65423184633255,0.6005254238843918,0.0055962735063734,0.0020495952095701,0.006251569535318,0.6180027723312378,0.6739450693130493,0.5959906131029129,0.0056533265449344,0.0023741495619799,0.0062490223292092
88M2100218,88M2100218_11_14,0,/trinity/home/m.romanov/benchmarking/datasets/MIST_HER2/testB/88M2100218_11_14.jpg,/trinity/home/m.romanov/benchmarking/datasets/MIST_HER2/testA/88M2100218_11_14.jpg,0,1,0.6044110059738159,0.6133793592453003,0.5887396782636642,0.2253988638834529,0.1507067925517964,0.2000272322876135,0.5976656675338745,0.6432461738586426,0.5829275697469711,0.2247988663391736,0.1600693649715089,0.200571401195449
88M2100218,88M2100218_17_5,0,/trinity/home/m.romanov/benchmarking/datasets/MIST_HER2/testB/88M2100218_17_5.jpg,/trinity/home/m.romanov/benchmarking/datasets/MIST_HER2/testA/88M2100218_17_5.jpg,0,1,0.5992082357406616,0.6414729356765747,0.5863867253065109,0.1408983628448976,0.1022580421643659,0.1382435774270189,0.5941910147666931,0.6549864411354065,0.5816235244274139,0.1413408098108665,0.1075646934530195,0.140059404758073
88M2100218,88M2100218_23_8,0,/trinity/home/m.romanov/benchmarking/datasets/MIST_HER2/testB/88M2100218_23_8.jpg,/trinity/home/m.romanov/benchmarking/datasets/MIST_HER2/testA/88M2100218_23_8.jpg,0,1,0.6146975159645081,0.6593210697174072,0.5952276289463043,0.1427923672623339,0.1008834385356316,0.118938789417153,0.6127983331680298,0.6781468391418457,0.5913992822170258,0.1435855889009052,0.1096797364876141,0.1194991077048523
88M2100218,88M2100218_26_16,0,/trinity/home/m.romanov/benchmarking/datasets/MIST_HER2/testB/88M2100218_26_16.jpg,/trinity/home/m.romanov/benchmarking/datasets/MIST_HER2/testA/88M2100218_26_16.jpg,0,1,0.6281188726425171,0.6514536142349243,0.6168985962867737,0.0889864456732584,0.058174036042963,0.0867581036358792,0.6252486109733582,0.6679226160049438,0.6121495962142944,0.0884484148441881,0.0608407056898648,0.0860270205575086
88M2100218,88M2100218_27_7,0,/trinity/home/m.romanov/benchmarking/datasets/MIST_HER2/testB/88M2100218_27_7.jpg,/trinity/home/m.romanov/benchmarking/datasets/MIST_HER2/testA/88M2100218_27_7.jpg,0,1,0.6133245229721069,0.640662431716919,0.6018628478050232,0.099106898477167,0.0557871992942803,0.0535999957307521,0.61171555519104,0.6559615135192871,0.5933504104614258,0.0981477145227032,0.0591535722587797,0.0538019353904849
88M2100218,88M2100218_31_20,0,/trinity/home/m.romanov/benchmarking/datasets/MIST_HER2/testB/88M2100218_31_20.jpg,/trinity/home/m.romanov/benchmarking/datasets/MIST_HER2/testA/88M2100218_31_20.jpg,0,1,0.652077317237854,0.6859695315361023,0.6343677192926407,0.1074256450081634,0.0860173404978184,0.0933388352985284,0.6474897265434265,0.6944106221199036,0.6278860718011856,0.1099300852731142,0.091111046539351,0.0953510014627203
89M2100212,89M2100212_10_18,0,/trinity/home/m.romanov/benchmarking/datasets/MIST_HER2/testB/89M2100212_10_18.jpg,/trinity/home/m.romanov/benchmarking/datasets/MIST_HER2/testA/89M2100212_10_18.jpg,0,1,0.5516842603683472,0.5929920673370361,0.5363185256719589,0.2202704457824546,0.1497604785065446,0.2119932000493534,0.5400388240814209,0.6057348251342773,0.5274613201618195,0.218486054724902,0.1491256437307775,0.2092222980206187
89M2100212,89M2100212_26_23,0,/trinity/home/m.romanov/benchmarking/datasets/MIST_HER2/testB/89M2100212_26_23.jpg,/trinity/home/m.romanov/benchmarking/datasets/MIST_HER2/testA/89M2100212_26_23.jpg,0,1,0.5217815637588501,0.6057866811752319,0.5167702361941338,0.4809509385144749,0.4177553465417352,0.4669652755922407,0.520772397518158,0.6017098426818848,0.5171474069356918,0.4821129652994739,0.4200634194025224,0.4684356626587891
89M2100212,89M2100212_3_20,0,/trinity/home/m.romanov/benchmarking/datasets/MIST_HER2/testB/89M2100212_3_20.jpg,/trinity/home/m.romanov/benchmarking/datasets/MIST_HER2/testA/89M2100212_3_20.jpg,0,1,0.4811280071735382,0.5287762880325317,0.4867758229374885,0.3889887866546122,0.3130021696111389,0.3754951880436026,0.4819274842739105,0.5358861684799194,0.4778888374567032,0.391092123383039,0.3189564706864077,0.3771362034599832
89M2100212,89M2100212_5_11,0,/trinity/home/m.romanov/benchmarking/datasets/MIST_HER2/testB/89M2100212_5_11.jpg,/trinity/home/m.romanov/benchmarking/datasets/MIST_HER2/testA/89M2100212_5_11.jpg,0,1,0.5105434656143188,0.5731182098388672,0.4997351318597793,0.3807676058487161,0.291818152015831,0.3259101544618333,0.5021040439605713,0.5798832178115845,0.4877450168132782,0.383585754006401,0.2920720382423765,0.3257392914151312
89M2100212,89M2100212_5_16,0,/trinity/home/m.romanov/benchmarking/datasets/MIST_HER2/testB/89M2100212_5_16.jpg,/trinity/home/m.romanov/benchmarking/datasets/MIST_HER2/testA/89M2100212_5_16.jpg,0,1,0.5740879774093628,0.6206339597702026,0.5474386066198349,0.1819498476261048,0.1438633532413036,0.1794648807054436,0.5708622336387634,0.6116104125976562,0.5390350222587585,0.181878396285615,0.1412055199914169,0.1795438636528906
89M2100212,89M2100212_5_21,0,/trinity/home/m.romanov/benchmarking/datasets/MIST_HER2/testB/89M2100212_5_21.jpg,/trinity/home/m.romanov/benchmarking/datasets/MIST_HER2/testA/89M2100212_5_21.jpg,0,1,0.5208966135978699,0.5602792501449585,0.516239233314991,0.2273058174593637,0.1633329608039482,0.2048590596866178,0.5161557197570801,0.5984636545181274,0.512315109372139,0.2254986722418679,0.161525478029707,0.2040243435044251
89M2100212,89M2100212_9_17,0,/trinity/home/m.romanov/benchmarking/datasets/MIST_HER2/testB/89M2100212_9_17.jpg,/trinity/home/m.romanov/benchmarking/datasets/MIST_HER2/testA/89M2100212_9_17.jpg,0,1,0.547078013420105,0.6013566255569458,0.5310694500803947,0.3826000682356576,0.3152512338173235,0.3346350553079938,0.540517270565033,0.5994418859481812,0.5226524323225021,0.3822905103321469,0.3143102841952173,0.3359617929887178
89M2100212,89M2100212_9_22,0,/trinity/home/m.romanov/benchmarking/datasets/MIST_HER2/testB/89M2100212_9_22.jpg,/trinity/home/m.romanov/benchmarking/datasets/MIST_HER2/testA/89M2100212_9_22.jpg,0,1,0.5257271528244019,0.626806914806366,0.5275790393352509,0.2825720360642855,0.2241395614286055,0.2726175846220054,0.5217486619949341,0.6115273237228394,0.5240098908543587,0.2841318657660132,0.2234070494480604,0.2737124455205234
92M2100150,92M2100150_13_16,0,/trinity/home/m.romanov/benchmarking/datasets/MIST_HER2/testB/92M2100150_13_16.jpg,/trinity/home/m.romanov/benchmarking/datasets/MIST_HER2/testA/92M2100150_13_16.jpg,0,1,0.5420403480529785,0.5817060470581055,0.5255672484636307,0.0325377185591451,0.0213550607371909,0.0282659943774825,0.5216615200042725,0.5749413967132568,0.5119089484214783,0.0317909924461553,0.0207849957829673,0.0279434294906899
92M2100150,92M2100150_13_8,0,/trinity/home/m.romanov/benchmarking/datasets/MIST_HER2/testB/92M2100150_13_8.jpg,/trinity/home/m.romanov/benchmarking/datasets/MIST_HER2/testA/92M2100150_13_8.jpg,0,1,0.5332521796226501,0.5730442404747009,0.5225550830364227,0.0587530589220387,0.035724726116396,0.0583413633190995,0.5255900621414185,0.5672478675842285,0.5139055848121643,0.0587526528638472,0.0354118573123047,0.0582738958853391
92M2100150,92M2100150_18_30,0,/trinity/home/m.romanov/benchmarking/datasets/MIST_HER2/testB/92M2100150_18_30.jpg,/trinity/home/m.romanov/benchmarking/datasets/MIST_HER2/testA/92M2100150_18_30.jpg,0,1,0.5321441292762756,0.5574654340744019,0.5259084701538086,0.2237601173309987,0.1736094819159335,0.0909270514955853,0.5179775953292847,0.5551595091819763,0.5101961046457291,0.2263644926147179,0.1761179606847388,0.0916104212008798
92M2100150,92M2100150_20_18,0,/trinity/home/m.romanov/benchmarking/datasets/MIST_HER2/testB/92M2100150_20_18.jpg,/trinity/home/m.romanov/benchmarking/datasets/MIST_HER2/testA/92M2100150_20_18.jpg,0,1,0.4554339647293091,0.5418606996536255,0.4677382335066795,0.0952277239903411,0.0724645650048875,0.0403464020094373,0.4402600526809692,0.5158210396766663,0.4552383720874786,0.094886992738696,0.0707976748205898,0.0403055216797322
92M2100150,92M2100150_20_29,0,/trinity/home/m.romanov/benchmarking/datasets/MIST_HER2/testB/92M2100150_20_29.jpg,/trinity/home/m.romanov/benchmarking/datasets/MIST_HER2/testA/92M2100150_20_29.jpg,0,1,0.5557615160942078,0.6037788391113281,0.5425463542342186,0.4585905581590963,0.4031670958205183,0.2103282753550106,0.540802001953125,0.5944212675094604,0.5277702510356903,0.4575622251023296,0.3944913334763846,0.2092242556905423
93M2100147,93M2100147_13_10,0,/trinity/home/m.romanov/benchmarking/datasets/MIST_HER2/testB/93M2100147_13_10.jpg,/trinity/home/m.romanov/benchmarking/datasets/MIST_HER2/testA/93M2100147_13_10.jpg,0,1,0.6775670051574707,0.6981369853019714,0.6639472097158432,0.1299835335580198,0.0980191569511003,0.1342505640920643,0.6776353120803833,0.7233583331108093,0.6649217754602432,0.1309653897157276,0.1071526834036668,0.1363271694484578
93M2100147,93M2100147_13_22,0,/trinity/home/m.romanov/benchmarking/datasets/MIST_HER2/testB/93M2100147_13_22.jpg,/trinity/home/m.romanov/benchmarking/datasets/MIST_HER2/testA/93M2100147_13_22.jpg,0,1,0.5940624475479126,0.6188709139823914,0.5899670124053955,0.106935312978031,0.0614580278592375,0.0761298819556701,0.5828270316123962,0.6449193358421326,0.5793150663375854,0.1055856947591581,0.0675640676036525,0.0764151066402971
97M2100034,97M2100034_14_19,0,/trinity/home/m.romanov/benchmarking/datasets/MIST_HER2/testB/97M2100034_14_19.jpg,/trinity/home/m.romanov/benchmarking/datasets/MIST_HER2/testA/97M2100034_14_19.jpg,0,1,0.5118632316589355,0.5789002180099487,0.5022881552577019,0.0474448076765353,0.0340707440752926,0.0313837150491656,0.5071110129356384,0.5660361051559448,0.4980655089020729,0.0486652621374593,0.0345573643098967,0.0321242318706726
98M2004096,98M2004096_12_13,0,/trinity/home/m.romanov/benchmarking/datasets/MIST_HER2/testB/98M2004096_12_13.jpg,/trinity/home/m.romanov/benchmarking/datasets/MIST_HER2/testA/98M2004096_12_13.jpg,0,1,0.6178616285324097,0.6431926488876343,0.6049036383628845,0.115817608673987,0.0882917590539541,0.0998299723623946,0.6099263429641724,0.662972092628479,0.5980284512042999,0.1182735305730078,0.0897454581217366,0.1008159069044689
98M2004096,98M2004096_8_16,0,/trinity/home/m.romanov/benchmarking/datasets/MIST_HER2/testB/98M2004096_8_16.jpg,/trinity/home/m.romanov/benchmarking/datasets/MIST_HER2/testA/98M2004096_8_16.jpg,0,1,0.6554460525512695,0.6721584796905518,0.6387085169553757,0.2039577098663706,0.1698028574493956,0.1376277742846439,0.6532430648803711,0.6946390867233276,0.6334448903799057,0.2047284455669233,0.173009575495315,0.137198606843105
100M2004069,100M2004069_25_16,0,/trinity/home/m.romanov/benchmarking/datasets/MIST_HER2/testB/100M2004069_25_16.jpg,/trinity/home/m.romanov/benchmarking/datasets/MIST_HER2/testA/100M2004069_25_16.jpg,0,2,0.5348469614982605,0.5702106952667236,0.5244380980730057,0.0638137211846206,0.0549623186526953,0.0499997494704046,0.5241347551345825,0.5630431771278381,0.5130892992019653,0.0637876142506189,0.0546269639749183,0.0494773864164008
10M2102916,10M2102916_23_30,0,/trinity/home/m.romanov/benchmarking/datasets/MIST_HER2/testB/10M2102916_23_30.jpg,/trinity/home/m.romanov/benchmarking/datasets/MIST_HER2/testA/10M2102916_23_30.jpg,0,2,0.5908545851707458,0.6128183603286743,0.5930750072002411,0.0515231518436502,0.0362501974405741,0.0452051848561956,0.5850624442100525,0.6375882625579834,0.5830234438180923,0.0518384243642782,0.0365713475728965,0.0448893769342002
10M2102916,10M2102916_30_7,0,/trinity/home/m.romanov/benchmarking/datasets/MIST_HER2/testB/10M2102916_30_7.jpg,/trinity/home/m.romanov/benchmarking/datasets/MIST_HER2/testA/10M2102916_30_7.jpg,0,2,0.6067869663238525,0.5983205437660217,0.5907222777605057,0.009392839365704,0.0061575214427914,0.0036891556280905,0.5820374488830566,0.6508299708366394,0.57554492354393,0.0095813481558133,0.0062092359720334,0.0034775389134861
10M2102916,10M2102916_36_28,0,/trinity/home/m.romanov/benchmarking/datasets/MIST_HER2/testB/10M2102916_36_28.jpg,/trinity/home/m.romanov/benchmarking/datasets/MIST_HER2/testA/10M2102916_36_28.jpg,0,2,0.5939150452613831,0.6032476425170898,0.5857392251491547,0.0322027503535761,0.0237368832403499,0.0011290969551769,0.5927807092666626,0.6361101269721985,0.5809149742126465,0.031349815809024,0.0231245920803232,0.0005814275016153
10M2102916,10M2102916_38_17,0,/trinity/home/m.romanov/benchmarking/datasets/MIST_HER2/testB/10M2102916_38_17.jpg,/trinity/home/m.romanov/benchmarking/datasets/MIST_HER2/testA/10M2102916_38_17.jpg,0,2,0.6677435636520386,0.7067258358001709,0.6763880550861359,0.0362922518076965,0.0321905323891948,0.0277628957920564,0.6827176809310913,0.7386987209320068,0.6749918460845947,0.0364045362109135,0.0309889481707317,0.0285593703544921
14M2102785,14M2102785_23_18,0,/trinity/home/m.romanov/benchmarking/datasets/MIST_HER2/testB/14M2102785_23_18.jpg,/trinity/home/m.romanov/benchmarking/datasets/MIST_HER2/testA/14M2102785_23_18.jpg,0,2,0.5870732665061951,0.5796864628791809,0.5776829123497009,0.123861457534628,0.0936855226140238,0.0875703628434099,0.580763041973114,0.6059046387672424,0.5747029930353165,0.1256904777402028,0.0993989461888753,0.0896532825467933
14M2102785,14M2102785_24_13,0,/trinity/home/m.romanov/benchmarking/datasets/MIST_HER2/testB/14M2102785_24_13.jpg,/trinity/home/m.romanov/benchmarking/datasets/MIST_HER2/testA/14M2102785_24_13.jpg,0,2,0.6220414638519287,0.6306048035621643,0.6089470237493515,0.2041839550598337,0.1768859970674486,0.1790163125873221,0.6184384822845459,0.6359732747077942,0.6014803647994995,0.2031828614296395,0.1757910139951839,0.1754229707922353
15M2102762,15M2102762_23_10,0,/trinity/home/m.romanov/benchmarking/datasets/MIST_HER2/testB/15M2102762_23_10.jpg,/trinity/home/m.romanov/benchmarking/datasets/MIST_HER2/testA/15M2102762_23_10.jpg,0,2,0.5409452319145203,0.5754170417785645,0.5384226143360138,0.2783647069538381,0.2314727278687743,0.2391379420049877,0.5442575216293335,0.5950248837471008,0.5376195311546326,0.2757630734942378,0.2286619340533581,0.2364776976877813
16M2102718,16M2102718_13_26,0,/trinity/home/m.romanov/benchmarking/datasets/MIST_HER2/testB/16M2102718_13_26.jpg,/trinity/home/m.romanov/benchmarking/datasets/MIST_HER2/testA/16M2102718_13_26.jpg,0,2,0.5758808255195618,0.5708019733428955,0.5668750256299973,0.0460462017033641,0.0358423708962162,0.044957116318302,0.5753870606422424,0.5917403697967529,0.560949832201004,0.0466836534591806,0.0365494465703454,0.0446356149017015
16M2102718,16M2102718_18_30,0,/trinity/home/m.romanov/benchmarking/datasets/MIST_HER2/testB/16M2102718_18_30.jpg,/trinity/home/m.romanov/benchmarking/datasets/MIST_HER2/testA/16M2102718_18_30.jpg,0,2,0.6146284341812134,0.6330676674842834,0.6105837970972061,0.2311051959235989,0.2075085085711561,0.1145477418323999,0.6134592294692993,0.654461145401001,0.6019852608442307,0.2320758910689966,0.2062827527835395,0.115155726402459
16M2102718,16M2102718_23_10,0,/trinity/home/m.romanov/benchmarking/datasets/MIST_HER2/testB/16M2102718_23_10.jpg,/trinity/home/m.romanov/benchmarking/datasets/MIST_HER2/testA/16M2102718_23_10.jpg,0,2,0.6379854083061218,0.6132176518440247,0.640178307890892,0.3300140572130478,0.2842679350547171,0.0362277948820882,0.6345734596252441,0.6612040996551514,0.6372929066419601,0.3348990043125316,0.2809622583029349,0.0368729691270051
19M2102438,19M2102438_14_22,0,/trinity/home/m.romanov/benchmarking/datasets/MIST_HER2/testB/19M2102438_14_22.jpg,/trinity/home/m.romanov/benchmarking/datasets/MIST_HER2/testA/19M2102438_14_22.jpg,0,2,0.6753273606300354,0.6789366006851196,0.6685548722743988,0.0114715760458032,0.0076686589538182,0.0398204831115857,0.6667858362197876,0.7097224593162537,0.6573415100574493,0.0116196764578994,0.0109075002086164,0.0392228044815628
19M2102438,19M2102438_15_18,0,/trinity/home/m.romanov/benchmarking/datasets/MIST_HER2/testB/19M2102438_15_18.jpg,/trinity/home/m.romanov/benchmarking/datasets/MIST_HER2/testA/19M2102438_15_18.jpg,0,2,0.7031671404838562,0.7115480899810791,0.6976077109575272,0.0204256397331322,0.0195828211054287,0.0111569839492673,0.7041980028152466,0.7276095151901245,0.6873709559440613,0.0212871778684487,0.0190514079375581,0.0113162951601482
19M2102438,19M2102438_31_16,0,/trinity/home/m.romanov/benchmarking/datasets/MIST_HER2/testB/19M2102438_31_16.jpg,/trinity/home/m.romanov/benchmarking/datasets/MIST_HER2/testA/19M2102438_31_16.jpg,0,2,0.7050058841705322,0.6921819448471069,0.6991701424121857,0.0826425352169426,0.0635516430036001,0.0636473887588991,0.7005781531333923,0.7260177135467529,0.6939273327589035,0.0822952176269249,0.0728141838328207,0.0641481303637548
22M2102266,22M2102266_10_18,0,/trinity/home/m.romanov/benchmarking/datasets/MIST_HER2/testB/22M2102266_10_18.jpg,/trinity/home/m.romanov/benchmarking/datasets/MIST_HER2/testA/22M2102266_10_18.jpg,0,2,0.5989550948143005,0.6347366571426392,0.5990700125694275,0.3306335902541742,0.2752858343466132,0.2182620540312428,0.5990405678749084,0.6512701511383057,0.5990081876516342,0.3300395382958919,0.2721272619984264,0.2190069092523317
22M2102266,22M2102266_12_16,0,/trinity/home/m.romanov/benchmarking/datasets/MIST_HER2/testB/22M2102266_12_16.jpg,/trinity/home/m.romanov/benchmarking/datasets/MIST_HER2/testA/22M2102266_12_16.jpg,0,2,0.6109710931777954,0.5859736204147339,0.5963737070560455,0.1020008044273545,0.0875303909472379,0.0721947670346713,0.6014013290405273,0.6244096159934998,0.590753585100174,0.1048471531401754,0.0794782353432038,0.0721637246482676
22M2102266,22M2102266_16_23,0,/trinity/home/m.romanov/benchmarking/datasets/MIST_HER2/testB/22M2102266_16_23.jpg,/trinity/home/m.romanov/benchmarking/datasets/MIST_HER2/testA/22M2102266_16_23.jpg,0,2,0.5720059871673584,0.5682960152626038,0.5699987411499023,0.1122161034840716,0.0743285083327372,0.0545581672396623,0.5708566904067993,0.5939286947250366,0.5659827291965485,0.1131627406129478,0.0758647450110864,0.0557007882527212
22M2102266,22M2102266_19_18,0,/trinity/home/m.romanov/benchmarking/datasets/MIST_HER2/testB/22M2102266_19_18.jpg,/trinity/home/m.romanov/benchmarking/datasets/MIST_HER2/testA/22M2102266_19_18.jpg,0,2,0.5972360968589783,0.5978726744651794,0.587810143828392,0.0447855698333066,0.0251988263834251,0.046244484064753,0.5939058661460876,0.6195515990257263,0.5852618515491486,0.0436995504362122,0.0307952124013542,0.0460071193805373
22M2102266,22M2102266_21_19,0,/trinity/home/m.romanov/benchmarking/datasets/MIST_HER2/testB/22M2102266_21_19.jpg,/trinity/home/m.romanov/benchmarking/datasets/MIST_HER2/testA/22M2102266_21_19.jpg,0,2,0.5948824882507324,0.6071069240570068,0.5958056002855301,0.0874387381124043,0.048888525051856,0.0762269319054226,0.5855731964111328,0.6185758113861084,0.5878184139728546,0.0877672801676947,0.0599947696874329,0.0769241054770947
23M2102136,23M2102136_12_21,0,/trinity/home/m.romanov/benchmarking/datasets/MIST_HER2/testB/23M2102136_12_21.jpg,/trinity/home/m.romanov/benchmarking/datasets/MIST_HER2/testA/23M2102136_12_21.jpg,0,2,0.5790943503379822,0.5670725107192993,0.5652394741773605,0.1802666954438989,0.1413773901485349,0.1569103941506685,0.5632379055023193,0.5865399837493896,0.5508376508951187,0.17872942618628,0.1394093621104832,0.155158467699154
23M2102136,23M2102136_37_15,0,/trinity/home/m.romanov/benchmarking/datasets/MIST_HER2/testB/23M2102136_37_15.jpg,/trinity/home/m.romanov/benchmarking/datasets/MIST_HER2/testA/23M2102136_37_15.jpg,0,2,0.5762908458709717,0.5655675530433655,0.5839903652667999,0.1247284253012668,0.1057802255441909,0.0783017565458819,0.5726408958435059,0.5894045829772949,0.5775264352560043,0.1238125964406831,0.1054338477219083,0.0790661307233253
27M2102007,27M2102007_10_16,0,/trinity/home/m.romanov/benchmarking/datasets/MIST_HER2/testB/27M2102007_10_16.jpg,/trinity/home/m.romanov/benchmarking/datasets/MIST_HER2/testA/27M2102007_10_16.jpg,0,2,0.6023679971694946,0.6317119002342224,0.5874674767255783,0.0406516068698668,0.0298389760359297,0.0302283928142747,0.5927090644836426,0.6295595169067383,0.5743744224309921,0.041619124330518,0.0301484473720287,0.0303822984300344
27M2102007,27M2102007_12_30,0,/trinity/home/m.romanov/benchmarking/datasets/MIST_HER2/testB/27M2102007_12_30.jpg,/trinity/home/m.romanov/benchmarking/datasets/MIST_HER2/testA/27M2102007_12_30.jpg,0,2,0.6328025460243225,0.6326843500137329,0.6186884939670563,0.0200509821333203,0.0155089123930095,0.0197293969070901,0.6240965723991394,0.68459153175354,0.6155716627836227,0.0205595290398513,0.0162153082010108,0.0203201467406788
27M2102007,27M2102007_9_32,0,/trinity/home/m.romanov/benchmarking/datasets/MIST_HER2/testB/27M2102007_9_32.jpg,/trinity/home/m.romanov/benchmarking/datasets/MIST_HER2/testA/27M2102007_9_32.jpg,0,2,0.6107275485992432,0.6195427775382996,0.5950922816991806,0.0094712821714317,0.0057456431757087,0.0097637152939209,0.5851722955703735,0.6333299279212952,0.5775717794895172,0.0096120884372985,0.0057779638251615,0.0099537305831181
28M2101987,28M2101987_12_31,0,/trinity/home/m.romanov/benchmarking/datasets/MIST_HER2/testB/28M2101987_12_31.jpg,/trinity/home/m.romanov/benchmarking/datasets/MIST_HER2/testA/28M2101987_12_31.jpg,0,2,0.6328263282775879,0.6168081760406494,0.6258962005376816,0.1123838688473466,0.0945593200891686,0.0802076746453916,0.6230243444442749,0.6603492498397827,0.6181225776672363,0.114871850716975,0.0981420245928998,0.0817441309763508
28M2101987,28M2101987_18_11,0,/trinity/home/m.romanov/benchmarking/datasets/MIST_HER2/testB/28M2101987_18_11.jpg,/trinity/home/m.romanov/benchmarking/datasets/MIST_HER2/testA/28M2101987_18_11.jpg,0,2,0.6303205490112305,0.6041461825370789,0.6215634495019913,0.110079455082722,0.0897635183463271,0.0866345746171386,0.6229446530342102,0.6516841650009155,0.6145059913396835,0.113231979122559,0.0881332179982357,0.0873709404705918
28M2101987,28M2101987_23_25,0,/trinity/home/m.romanov/benchmarking/datasets/MIST_HER2/testB/28M2101987_23_25.jpg,/trinity/home/m.romanov/benchmarking/datasets/MIST_HER2/testA/28M2101987_23_25.jpg,0,2,0.6108739972114563,0.6260500550270081,0.6061905324459076,0.3377840291367688,0.2854587177836588,0.1167580568827725,0.6169993281364441,0.6562187075614929,0.6045099347829819,0.3404918486761042,0.2877145769258279,0.1180839116562237
28M2101987,28M2101987_6_18,0,/trinity/home/m.romanov/benchmarking/datasets/MIST_HER2/testB/28M2101987_6_18.jpg,/trinity/home/m.romanov/benchmarking/datasets/MIST_HER2/testA/28M2101987_6_18.jpg,0,2,0.5999148488044739,0.5884300470352173,0.596763402223587,0.1190171758591684,0.0975155493765348,0.0885727397871843,0.6017863750457764,0.6147288084030151,0.5960291624069214,0.1194342460508195,0.0980454649762773,0.0888936896195735
30M2101953,30M2101953_12_18,0,/trinity/home/m.romanov/benchmarking/datasets/MIST_HER2/testB/30M2101953_12_18.jpg,/trinity/home/m.romanov/benchmarking/datasets/MIST_HER2/testA/30M2101953_12_18.jpg,0,2,0.5349941849708557,0.5634028315544128,0.5424012690782547,0.0150556859263121,0.0121369701142026,0.0080850046032251,0.5365855693817139,0.5777318477630615,0.5414445698261261,0.0148959169291665,0.0118895454098419,0.0077380553402925
30M2101953,30M2101953_16_19,0,/trinity/home/m.romanov/benchmarking/datasets/MIST_HER2/testB/30M2101953_16_19.jpg,/trinity/home/m.romanov/benchmarking/datasets/MIST_HER2/testA/30M2101953_16_19.jpg,0,2,0.5567484498023987,0.5937268137931824,0.544458419084549,0.0662356385040798,0.0504013296318813,0.0600401811053298,0.5565939545631409,0.595341682434082,0.5421801209449768,0.0661962843872428,0.0515454865829816,0.0603283245994432
30M2101953,30M2101953_8_8,0,/trinity/home/m.romanov/benchmarking/datasets/MIST_HER2/testB/30M2101953_8_8.jpg,/trinity/home/m.romanov/benchmarking/datasets/MIST_HER2/testA/30M2101953_8_8.jpg,0,2,0.5981664657592773,0.6086393594741821,0.6069310158491135,-0.0305009809620846,-0.027606534090909,-0.0442134506471225,0.5971792340278625,0.6201616525650024,0.6033019125461578,-0.0312453247428407,-0.0288665905216603,-0.0445767909718149
31M2101871,31M2101871_10_21,0,/trinity/home/m.romanov/benchmarking/datasets/MIST_HER2/testB/31M2101871_10_21.jpg,/trinity/home/m.romanov/benchmarking/datasets/MIST_HER2/testA/31M2101871_10_21.jpg,0,2,0.545665979385376,0.5405933856964111,0.5243116766214371,0.2438495222550287,0.1899437629640226,0.1670812344727531,0.5362783670425415,0.5687382221221924,0.5202607065439224,0.2443154833430608,0.1904322234937892,0.1666424668116273
31M2101871,31M2101871_12_15,0,/trinity/home/m.romanov/benchmarking/datasets/MIST_HER2/testB/31M2101871_12_15.jpg,/trinity/home/m.romanov/benchmarking/datasets/MIST_HER2/testA/31M2101871_12_15.jpg,0,2,0.60750812292099,0.6010373830795288,0.5952180325984955,0.0028953117869767,0.0112375482053024,0.0067603122544996,0.5839581489562988,0.6246472001075745,0.5821667015552521,0.0026898817324597,0.0099206819746441,0.0074228717631948
31M2101871,31M2101871_29_14,0,/trinity/home/m.romanov/benchmarking/datasets/MIST_HER2/testB/31M2101871_29_14.jpg,/trinity/home/m.romanov/benchmarking/datasets/MIST_HER2/testA/31M2101871_29_14.jpg,0,2,0.574029266834259,0.5994150638580322,0.5595901310443878,0.2479257057455282,0.1931574994635576,0.1195684149944328,0.5740656852722168,0.6207008361816406,0.5578168630599976,0.246756064438112,0.189714985218034,0.1199846522217076
31M2101871,31M2101871_32_7,0,/trinity/home/m.romanov/benchmarking/datasets/MIST_HER2/testB/31M2101871_32_7.jpg,/trinity/home/m.romanov/benchmarking/datasets/MIST_HER2/testA/31M2101871_32_7.jpg,0,2,0.4870719015598297,0.5353459119796753,0.4862670004367828,0.0809274497244824,0.0587633700796318,0.069254946590443,0.4834753274917602,0.5490617752075195,0.4782018065452575,0.0802649266693179,0.0591494222814295,0.0689439425035882
31M2101871,31M2101871_37_19,0,/trinity/home/m.romanov/benchmarking/datasets/MIST_HER2/testB/31M2101871_37_19.jpg,/trinity/home/m.romanov/benchmarking/datasets/MIST_HER2/testA/31M2101871_37_19.jpg,0,2,0.5158824920654297,0.5692318677902222,0.5272963345050812,0.256004892844745,0.2154840795841976,0.1615436810363737,0.5270563364028931,0.5970645546913147,0.518822930753231,0.2526529830569574,0.2124729692678158,0.1615660524444684
31M2101871,31M2101871_38_13,0,/trinity/home/m.romanov/benchmarking/datasets/MIST_HER2/testB/31M2101871_38_13.jpg,/trinity/home/m.romanov/benchmarking/datasets/MIST_HER2/testA/31M2101871_38_13.jpg,0,2,0.5511397123336792,0.5775759816169739,0.5658885687589645,0.2800123346322427,0.2046809807357604,0.2604605093458528,0.5495008826255798,0.6134270429611206,0.5539589375257492,0.2820479006210351,0.210694513983263,0.2617636553344586
31M2101871,31M2101871_6_23,0,/trinity/home/m.romanov/benchmarking/datasets/MIST_HER2/testB/31M2101871_6_23.jpg,/trinity/home/m.romanov/benchmarking/datasets/MIST_HER2/testA/31M2101871_6_23.jpg,0,2,0.5295364260673523,0.5234848260879517,0.5191620215773582,0.096065708887897,0.0462632098919962,0.0623183089989932,0.5155592560768127,0.5440478324890137,0.506383128464222,0.0990886668368981,0.048028499988079,0.062966076784024
33M2101839,33M2101839_12_6,0,/trinity/home/m.romanov/benchmarking/datasets/MIST_HER2/testB/33M2101839_12_6.jpg,/trinity/home/m.romanov/benchmarking/datasets/MIST_HER2/testA/33M2101839_12_6.jpg,0,2,0.6911648511886597,0.6960152387619019,0.6735078245401382,0.0317426640707552,0.0273156799108313,0.0470849503784692,0.689289927482605,0.7177903652191162,0.6643943935632706,0.0319974190196285,0.0272947400340938,0.0467311053233496
33M2101839,33M2101839_13_14,0,/trinity/home/m.romanov/benchmarking/datasets/MIST_HER2/testB/33M2101839_13_14.jpg,/trinity/home/m.romanov/benchmarking/datasets/MIST_HER2/testA/33M2101839_13_14.jpg,0,2,0.5984550714492798,0.6088836193084717,0.5869898051023483,0.1639886495634062,0.1350201463891471,0.1108092893840719,0.5891479849815369,0.6257282495498657,0.5754314959049225,0.1644717768546175,0.1336542897503755,0.1122480827128395
33M2101839,33M2101839_15_9,0,/trinity/home/m.romanov/benchmarking/datasets/MIST_HER2/testB/33M2101839_15_9.jpg,/trinity/home/m.romanov/benchmarking/datasets/MIST_HER2/testA/33M2101839_15_9.jpg,0,2,0.6282612085342407,0.6534186601638794,0.6194768697023392,0.048929535239354,0.0356616308144386,0.0198163219453941,0.6256204843521118,0.6718615293502808,0.6126081794500351,0.0489031377316006,0.0359882049746084,0.0190487106741179
35M2101733,35M2101733_9_3,0,/trinity/home/m.romanov/benchmarking/datasets/MIST_HER2/testB/35M2101733_9_3.jpg,/trinity/home/m.romanov/benchmarking/datasets/MIST_HER2/testA/35M2101733_9_3.jpg,0,2,0.5440752506256104,0.5638427734375,0.5427716821432114,0.494411775014019,0.406312078296736,0.2552490043450959,0.5397731065750122,0.5636447072029114,0.5418730899691582,0.4957604544561556,0.411399339579906,0.2558974010152912
35M2101733,35M2101733_9_6,0,/trinity/home/m.romanov/benchmarking/datasets/MIST_HER2/testB/35M2101733_9_6.jpg,/trinity/home/m.romanov/benchmarking/datasets/MIST_HER2/testA/35M2101733_9_6.jpg,0,2,0.5919830799102783,0.5911499261856079,0.5856265723705292,0.0966894664243371,0.0725066533748182,0.0229065947249978,0.5968141555786133,0.5952944159507751,0.584033653140068,0.097519531324506,0.0729469533056767,0.0240895740534936
44M2101492,44M2101492_12_17,0,/trinity/home/m.romanov/benchmarking/datasets/MIST_HER2/testB/44M2101492_12_17.jpg,/trinity/home/m.romanov/benchmarking/datasets/MIST_HER2/testA/44M2101492_12_17.jpg,0,2,0.4939269721508026,0.5592674016952515,0.4841819778084755,0.2609959366166557,0.222604531745464,0.1712860784969386,0.490436315536499,0.5433962941169739,0.4807619228959083,0.2612445783408292,0.2164151646281858,0.1719334232222345
44M2101492,44M2101492_13_13,0,/trinity/home/m.romanov/benchmarking/datasets/MIST_HER2/testB/44M2101492_13_13.jpg,/trinity/home/m.romanov/benchmarking/datasets/MIST_HER2/testA/44M2101492_13_13.jpg,0,2,0.5176644325256348,0.5421876907348633,0.5023276880383492,0.0307960176286177,0.0282264360262737,0.0174682863991748,0.5086063146591187,0.5299636125564575,0.4925168678164482,0.0314303941455617,0.0279345331759769,0.0178118266202205
44M2101492,44M2101492_18_29,0,/trinity/home/m.romanov/benchmarking/datasets/MIST_HER2/testB/44M2101492_18_29.jpg,/trinity/home/m.romanov/benchmarking/datasets/MIST_HER2/testA/44M2101492_18_29.jpg,0,2,0.5292209386825562,0.5660560727119446,0.5179088711738586,0.0313308279319398,0.0237558189089955,0.0194006569372613,0.523654580116272,0.5490347146987915,0.5111283957958221,0.0320579738444284,0.0242356479329089,0.0201714975315291
44M2101492,44M2101492_20_31,0,/trinity/home/m.romanov/benchmarking/datasets/MIST_HER2/testB/44M2101492_20_31.jpg,/trinity/home/m.romanov/benchmarking/datasets/MIST_HER2/testA/44M2101492_20_31.jpg,0,2,0.5311933159828186,0.5513166189193726,0.5288783311843872,0.0824080272980777,0.0791262621295567,0.0810458235021422,0.5285564064979553,0.5470849871635437,0.5276977121829987,0.0859454050961688,0.0776642407553107,0.0828739312072181
44M2101492,44M2101492_21_26,0,/trinity/home/m.romanov/benchmarking/datasets/MIST_HER2/testB/44M2101492_21_26.jpg,/trinity/home/m.romanov/benchmarking/datasets/MIST_HER2/testA/44M2101492_21_26.jpg,0,2,0.5219936966896057,0.5679761171340942,0.5077162906527519,-0.0031822822379209,-0.0019514932048777,-0.0004899972380276,0.5125307440757751,0.5441918969154358,0.4972355365753174,-0.003358729423355,-0.0021049214112009,-0.0001877903256162
44M2101492,44M2101492_23_27,0,/trinity/home/m.romanov/benchmarking/datasets/MIST_HER2/testB/44M2101492_23_27.jpg,/trinity/home/m.romanov/benchmarking/datasets/MIST_HER2/testA/44M2101492_23_27.jpg,0,2,0.5182663202285767,0.5418404340744019,0.5038981884717941,0.0150367222637072,0.0115178858808382,0.0086386072541971,0.5079188346862793,0.5280296802520752,0.4975978285074234,0.015727689881453,0.0116667272026917,0.0097416904013189
44M2101492,44M2101492_28_27,0,/trinity/home/m.romanov/benchmarking/datasets/MIST_HER2/testB/44M2101492_28_27.jpg,/trinity/home/m.romanov/benchmarking/datasets/MIST_HER2/testA/44M2101492_28_27.jpg,0,2,0.525617241859436,0.5726521015167236,0.5113791823387146,0.039064519115044,0.0282933274026655,0.0378297328039466,0.5244489908218384,0.5576663017272949,0.5097682178020477,0.0391438830023117,0.0296552948346565,0.0377422427934649
45M2101377,45M2101377_15_18,0,/trinity/home/m.romanov/benchmarking/datasets/MIST_HER2/testB/45M2101377_15_18.jpg,/trinity/home/m.romanov/benchmarking/datasets/MIST_HER2/testA/45M2101377_15_18.jpg,0,2,0.5345980525016785,0.5566896200180054,0.5384331792593002,0.1295894708470186,0.1064911159192237,0.102952628187705,0.5356946587562561,0.5494588613510132,0.5349025279283524,0.130976282506113,0.1086994552130272,0.1039243482020878
45M2101377,45M2101377_26_11,0,/trinity/home/m.romanov/benchmarking/datasets/MIST_HER2/testB/45M2101377_26_11.jpg,/trinity/home/m.romanov/benchmarking/datasets/MIST_HER2/testA/45M2101377_26_11.jpg,0,2,0.5534635186195374,0.5725377202033997,0.5456154495477676,0.1650912204884357,0.1340108152731087,0.0992506128941119,0.545915961265564,0.5631381273269653,0.5424911677837372,0.1659853084719027,0.1349270438452185,0.0990543541559376
46M2101353,46M2101353_30_20,0,/trinity/home/m.romanov/benchmarking/datasets/MIST_HER2/testB/46M2101353_30_20.jpg,/trinity/home/m.romanov/benchmarking/datasets/MIST_HER2/testA/46M2101353_30_20.jpg,0,2,0.6029654145240784,0.5976390838623047,0.6021989583969116,-0.0003775497166846,-0.0009352383391783,0.0006420342429438,0.5928881168365479,0.6288208961486816,0.597915455698967,-0.000204279226463,-0.0013943273134447,0.0006897005253037
46M2101353,46M2101353_30_22,0,/trinity/home/m.romanov/benchmarking/datasets/MIST_HER2/testB/46M2101353_30_22.jpg,/trinity/home/m.romanov/benchmarking/datasets/MIST_HER2/testA/46M2101353_30_22.jpg,0,2,0.6072438955307007,0.6080793142318726,0.5952636450529099,0.0197428398455232,0.0129928358873947,0.0066086391694323,0.5954257249832153,0.634091854095459,0.5881997495889664,0.0203043624448297,0.014154440252247,0.0068287694664289
47M2101316,47M2101316_15_29,0,/trinity/home/m.romanov/benchmarking/datasets/MIST_HER2/testB/47M2101316_15_29.jpg,/trinity/home/m.romanov/benchmarking/datasets/MIST_HER2/testA/47M2101316_15_29.jpg,0,2,0.5805325508117676,0.5668147802352905,0.5646010935306549,0.2013270786364694,0.1672458008487709,0.102156278890067,0.5642235279083252,0.5771812200546265,0.5515550076961517,0.2035038038637308,0.1687867910020742,0.1035729129226927
47M2101316,47M2101316_7_22,0,/trinity/home/m.romanov/benchmarking/datasets/MIST_HER2/testB/47M2101316_7_22.jpg,/trinity/home/m.romanov/benchmarking/datasets/MIST_HER2/testA/47M2101316_7_22.jpg,0,2,0.5609403848648071,0.5777467489242554,0.5529276877641678,0.0719418513344815,0.0499319947607467,0.0636892306938354,0.5571260452270508,0.5727691054344177,0.5411850810050964,0.0724149054022995,0.0503847110960112,0.0639852245421324
48M2101314,48M2101314_23_34,0,/trinity/home/m.romanov/benchmarking/datasets/MIST_HER2/testB/48M2101314_23_34.jpg,/trinity/home/m.romanov/benchmarking/datasets/MIST_HER2/testA/48M2101314_23_34.jpg,0,2,0.6106293201446533,0.6091945171356201,0.5948041379451752,0.1449457422809306,0.1185362202870562,0.1235717875884546,0.604045033454895,0.6561428308486938,0.5875305086374283,0.1462195132999927,0.1200129938249529,0.1243822005372248
48M2101314,48M2101314_33_37,0,/trinity/home/m.romanov/benchmarking/datasets/MIST_HER2/testB/48M2101314_33_37.jpg,/trinity/home/m.romanov/benchmarking/datasets/MIST_HER2/testA/48M2101314_33_37.jpg,0,2,0.6045256853103638,0.6059404611587524,0.5830066055059433,0.1735010954183403,0.1313939453544095,0.1224632164811145,0.5953041315078735,0.6336262226104736,0.5736441910266876,0.1659079711502881,0.1316574726414419,0.1234998921139467
4M2103059,4M2103059_19_16,0,/trinity/home/m.romanov/benchmarking/datasets/MIST_HER2/testB/4M2103059_19_16.jpg,/trinity/home/m.romanov/benchmarking/datasets/MIST_HER2/testA/4M2103059_19_16.jpg,0,2,0.554973840713501,0.5723475217819214,0.5476682782173157,-0.0059930277498826,-0.0023284078429356,-0.0134033629211579,0.5404567718505859,0.5814110040664673,0.5338889807462692,-0.0060226672038853,-0.0024814331354457,-0.0132056724855098
4M2103059,4M2103059_23_12,0,/trinity/home/m.romanov/benchmarking/datasets/MIST_HER2/testB/4M2103059_23_12.jpg,/trinity/home/m.romanov/benchmarking/datasets/MIST_HER2/testA/4M2103059_23_12.jpg,0,2,0.5818950533866882,0.5793954133987427,0.5697746127843857,0.0288690424036213,0.0212462635302672,0.0173813195671325,0.5728060603141785,0.5970645546913147,0.5638447254896164,0.0291439288980632,0.0214019230711918,0.017267733616333
4M2103059,4M2103059_24_21,0,/trinity/home/m.romanov/benchmarking/datasets/MIST_HER2/testB/4M2103059_24_21.jpg,/trinity/home/m.romanov/benchmarking/datasets/MIST_HER2/testA/4M2103059_24_21.jpg,0,2,0.640211820602417,0.6367607116699219,0.6287828832864761,0.0503862522375668,0.0418552559425887,0.0148309371341709,0.6278009414672852,0.6785589456558228,0.6259097754955292,0.0514913824467943,0.042835827790096,0.0160375593783081
4M2103059,4M2103059_26_9,0,/trinity/home/m.romanov/benchmarking/datasets/MIST_HER2/testB/4M2103059_26_9.jpg,/trinity/home/m.romanov/benchmarking/datasets/MIST_HER2/testA/4M2103059_26_9.jpg,0,2,0.5809550285339355,0.5835553407669067,0.5620870143175125,-0.0073448629906017,-0.0028842836185418,-0.0090441148996153,0.5711780786514282,0.6010113954544067,0.5519974678754807,-0.007472654439502,-0.0033823947548607,-0.0092774115047511
50M2101298,50M2101298_15_12,0,/trinity/home/m.romanov/benchmarking/datasets/MIST_HER2/testB/50M2101298_15_12.jpg,/trinity/home/m.romanov/benchmarking/datasets/MIST_HER2/testA/50M2101298_15_12.jpg,0,2,0.549168586730957,0.5510743856430054,0.5307750999927521,0.0135755907796508,0.0150361213805044,0.0041225513386364,0.5459655523300171,0.5543813705444336,0.5252753496170044,0.0141940639716442,0.0170647217652528,0.0046920703024415
50M2101298,50M2101298_8_13,0,/trinity/home/m.romanov/benchmarking/datasets/MIST_HER2/testB/50M2101298_8_13.jpg,/trinity/home/m.romanov/benchmarking/datasets/MIST_HER2/testA/50M2101298_8_13.jpg,0,2,0.5094295740127563,0.5293673276901245,0.4962648525834083,0.0436199816571966,0.0233247148660086,0.0318894991442132,0.5118674635887146,0.5219789743423462,0.4971346110105514,0.0449530520734389,0.0268244645262618,0.0312457163164542
50M2101298,50M2101298_9_12,0,/trinity/home/m.romanov/benchmarking/datasets/MIST_HER2/testB/50M2101298_9_12.jpg,/trinity/home/m.romanov/benchmarking/datasets/MIST_HER2/testA/50M2101298_9_12.jpg,0,2,0.5164949297904968,0.532559871673584,0.504301942884922,0.0396473169284035,0.0152924132155544,0.0316412662253769,0.5097686648368835,0.5215956568717957,0.494064599275589,0.036902870195132,0.0187646478554228,0.0313988653374926
51M2101285,51M2101285_14_10,0,/trinity/home/m.romanov/benchmarking/datasets/MIST_HER2/testB/51M2101285_14_10.jpg,/trinity/home/m.romanov/benchmarking/datasets/MIST_HER2/testA/51M2101285_14_10.jpg,0,2,0.6563491225242615,0.6625663042068481,0.6526544839143753,0.2771020969470861,0.2014968379705791,0.1365342633587968,0.6516314744949341,0.6875597238540649,0.647427961230278,0.2815248976703555,0.2267602162458574,0.1397286852028019
51M2101285,51M2101285_29_18,0,/trinity/home/m.romanov/benchmarking/datasets/MIST_HER2/testB/51M2101285_29_18.jpg,/trinity/home/m.romanov/benchmarking/datasets/MIST_HER2/testA/51M2101285_29_18.jpg,0,2,0.5820174217224121,0.5794703364372253,0.5692635178565979,0.0147612741796104,0.0045632353730062,-0.0133571469630076,0.5724666118621826,0.5950684547424316,0.5633819550275803,0.0132052629150048,0.0088977423601673,-0.0123434592832223
52M2101275,52M2101275_13_9,0,/trinity/home/m.romanov/benchmarking/datasets/MIST_HER2/testB/52M2101275_13_9.jpg,/trinity/home/m.romanov/benchmarking/datasets/MIST_HER2/testA/52M2101275_13_9.jpg,0,2,0.6225870251655579,0.6322107315063477,0.6215386688709259,0.0373108916221299,0.0292168016713158,0.0221612491550912,0.6258262395858765,0.669417679309845,0.6144638061523438,0.0385243797636213,0.0300307113225091,0.0222708074235439
53M2101258,53M2101258_30_20,0,/trinity/home/m.romanov/benchmarking/datasets/MIST_HER2/testB/53M2101258_30_20.jpg,/trinity/home/m.romanov/benchmarking/datasets/MIST_HER2/testA/53M2101258_30_20.jpg,0,2,0.5089600086212158,0.5573039054870605,0.5063104927539825,-0.0009062618129405,-0.0010680603736022,-0.0006840116873825,0.5033010244369507,0.5469344854354858,0.5006297007203102,-0.0009669432980937,-0.0016450642697008,-0.0005541607545407
53M2101258,53M2101258_32_19,0,/trinity/home/m.romanov/benchmarking/datasets/MIST_HER2/testB/53M2101258_32_19.jpg,/trinity/home/m.romanov/benchmarking/datasets/MIST_HER2/testA/53M2101258_32_19.jpg,0,2,0.5966483354568481,0.6298691034317017,0.5506179928779602,0.0635561834332787,0.0635169605178456,0.0466375312388984,0.5884290933609009,0.630685567855835,0.5478445589542389,0.0647509481943061,0.061509757289655,0.0475006853241737
56M2101083,56M2101083_36_26,0,/trinity/home/m.romanov/benchmarking/datasets/MIST_HER2/testB/56M2101083_36_26.jpg,/trinity/home/m.romanov/benchmarking/datasets/MIST_HER2/testA/56M2101083_36_26.jpg,0,2,0.6848045587539673,0.7085492014884949,0.6711086481809616,-0.0515412195705206,-0.0407114417185227,-0.0579893110290839,0.6837072968482971,0.7278414964675903,0.6717986166477203,-0.052868184212672,-0.0419503328922585,-0.0585925476442096
57M2101034,57M2101034_11_29,0,/trinity/home/m.romanov/benchmarking/datasets/MIST_HER2/testB/57M2101034_11_29.jpg,/trinity/home/m.romanov/benchmarking/datasets/MIST_HER2/testA/57M2101034_11_29.jpg,0,2,0.6108400225639343,0.6420650482177734,0.599390372633934,0.1925954268042633,0.1380110358105047,0.0945023794909804,0.6022545695304871,0.6446850299835205,0.5864898860454559,0.1939246303544248,0.1517750429153851,0.0948565556945358
57M2101034,57M2101034_3_22,0,/trinity/home/m.romanov/benchmarking/datasets/MIST_HER2/testB/57M2101034_3_22.jpg,/trinity/home/m.romanov/benchmarking/datasets/MIST_HER2/testA/57M2101034_3_22.jpg,0,2,0.5983918309211731,0.6124482750892639,0.583543136715889,0.3138862901164631,0.2333313961805307,0.1933906623279783,0.5900529623031616,0.6226168870925903,0.5748122930526733,0.3197699764536912,0.2407421530410319,0.1982836012528491
57M2101034,57M2101034_6_21,0,/trinity/home/m.romanov/benchmarking/datasets/MIST_HER2/testB/57M2101034_6_21.jpg,/trinity/home/m.romanov/benchmarking/datasets/MIST_HER2/testA/57M2101034_6_21.jpg,0,2,0.6047090888023376,0.6362760066986084,0.5905585587024689,0.3150150275803664,0.1972461584769806,0.1659541805212327,0.6024988889694214,0.6522296667098999,0.5886251032352448,0.3190472673788733,0.2131985969053239,0.166083150176641
58M2100997,58M2100997_11_15,0,/trinity/home/m.romanov/benchmarking/datasets/MIST_HER2/testB/58M2100997_11_15.jpg,/trinity/home/m.romanov/benchmarking/datasets/MIST_HER2/testA/58M2100997_11_15.jpg,0,2,0.6667319536209106,0.6575927734375,0.6541081368923187,0.1415530776618105,0.1309920457525689,0.1828333805707351,0.6617708206176758,0.675971508026123,0.6500079333782196,0.1415098045246297,0.1296841993896478,0.1820248349522201
60M2100980,60M2100980_18_21,0,/trinity/home/m.romanov/benchmarking/datasets/MIST_HER2/testB/60M2100980_18_21.jpg,/trinity/home/m.romanov/benchmarking/datasets/MIST_HER2/testA/60M2100980_18_21.jpg,0,2,0.6567583680152893,0.6362217664718628,0.6553898453712463,0.1450303961006015,0.1260608146770617,0.0777829237239643,0.6532219648361206,0.6626518368721008,0.651144877076149,0.1448739184099899,0.1280210643015521,0.0780357602405322
60M2100980,60M2100980_24_13,0,/trinity/home/m.romanov/benchmarking/datasets/MIST_HER2/testB/60M2100980_24_13.jpg,/trinity/home/m.romanov/benchmarking/datasets/MIST_HER2/testA/60M2100980_24_13.jpg,0,2,0.6995521783828735,0.7212610840797424,0.6886025816202164,0.2121579991645781,0.1922325835061869,0.1843351611376554,0.6977407932281494,0.725453794002533,0.6883506327867508,0.2113963234045921,0.192144294041914,0.1845055734173533
62M2100915,62M2100915_27_18,0,/trinity/home/m.romanov/benchmarking/datasets/MIST_HER2/testB/62M2100915_27_18.jpg,/trinity/home/m.romanov/benchmarking/datasets/MIST_HER2/testA/62M2100915_27_18.jpg,0,2,0.6632192730903625,0.6970974802970886,0.6544104814529419,0.0138627987187575,0.015548676179577,0.0042913102627055,0.6574221849441528,0.7084735035896301,0.6434392631053925,0.0138836622866622,0.0143118013211382,0.0048180022865063
62M2100915,62M2100915_32_19,0,/trinity/home/m.romanov/benchmarking/datasets/MIST_HER2/testB/62M2100915_32_19.jpg,/trinity/home/m.romanov/benchmarking/datasets/MIST_HER2/testA/62M2100915_32_19.jpg,0,2,0.6965728998184204,0.7372250556945801,0.6867902427911758,0.0081426010952276,0.004886728715161,0.0162907092897044,0.6856014728546143,0.7341123223304749,0.6808599382638931,0.0073202811031335,0.0044039776638831,0.0152311679417784
65M2100668,65M2100668_15_11,0,/trinity/home/m.romanov/benchmarking/datasets/MIST_HER2/testB/65M2100668_15_11.jpg,/trinity/home/m.romanov/benchmarking/datasets/MIST_HER2/testA/65M2100668_15_11.jpg,0,2,0.5774851441383362,0.5887902975082397,0.5802150219678879,-0.0675272313799147,-0.0597499210237703,-0.0615906762905794,0.5811320543289185,0.6144247651100159,0.579398587346077,-0.0677542067330617,-0.0597186099289511,-0.061102788064703
65M2100668,65M2100668_21_23,0,/trinity/home/m.romanov/benchmarking/datasets/MIST_HER2/testB/65M2100668_21_23.jpg,/trinity/home/m.romanov/benchmarking/datasets/MIST_HER2/testA/65M2100668_21_23.jpg,0,2,0.6434118151664734,0.6187982559204102,0.6305519193410873,0.1421440003643049,0.1243974709725103,0.1133997719193465,0.6330791711807251,0.6631476879119873,0.6261534839868546,0.1414882573633474,0.1239259158262403,0.1129522729758549
65M2100668,65M2100668_26_9,0,/trinity/home/m.romanov/benchmarking/datasets/MIST_HER2/testB/65M2100668_26_9.jpg,/trinity/home/m.romanov/benchmarking/datasets/MIST_HER2/testA/65M2100668_26_9.jpg,0,2,0.6598736643791199,0.6450039148330688,0.6480375975370407,0.235862633300336,0.1907689304532341,0.1032870039383625,0.6613157391548157,0.685947597026825,0.644575908780098,0.2372330983232434,0.1927255143885749,0.1035224286480536
67M2100642,67M2100642_14_4,0,/trinity/home/m.romanov/benchmarking/datasets/MIST_HER2/testB/67M2100642_14_4.jpg,/trinity/home/m.romanov/benchmarking/datasets/MIST_HER2/testA/67M2100642_14_4.jpg,0,2,0.6714122891426086,0.6420371532440186,0.6665830612182617,-0.0033569422085166,0.0059875195205397,-0.0071998992591625,0.6662653684616089,0.6858130693435669,0.6582168489694595,-0.0040043391303839,0.0053318342750876,-0.0076902797422775
67M2100642,67M2100642_23_9,0,/trinity/home/m.romanov/benchmarking/datasets/MIST_HER2/testB/67M2100642_23_9.jpg,/trinity/home/m.romanov/benchmarking/datasets/MIST_HER2/testA/67M2100642_23_9.jpg,0,2,0.6667547225952148,0.6603120565414429,0.6626882255077362,0.0255777228310263,0.0211397238514174,0.0170864825555404,0.6622700691223145,0.6861300468444824,0.6545888483524323,0.025531761886642,0.0214162896669289,0.0166284790644431
68M2100640,68M2100640_16_16,0,/trinity/home/m.romanov/benchmarking/datasets/MIST_HER2/testB/68M2100640_16_16.jpg,/trinity/home/m.romanov/benchmarking/datasets/MIST_HER2/testA/68M2100640_16_16.jpg,0,2,0.6439434885978699,0.6701311469078064,0.6328690350055695,0.4042267424173065,0.3230402272131226,0.1820700923319838,0.6335458159446716,0.6979120969772339,0.6241799294948578,0.4069062198399347,0.3397565743985886,0.1838262342466245
69M2100632,69M2100632_18_3,0,/trinity/home/m.romanov/benchmarking/datasets/MIST_HER2/testB/69M2100632_18_3.jpg,/trinity/home/m.romanov/benchmarking/datasets/MIST_HER2/testA/69M2100632_18_3.jpg,0,2,0.6072566509246826,0.6184567809104919,0.6038075089454651,0.05690698427242,0.0402044292253773,0.0547799798801451,0.6006036996841431,0.6258096694946289,0.5902746021747589,0.0571092273289292,0.0434871581670362,0.0558281668356484
69M2100632,69M2100632_19_11,0,/trinity/home/m.romanov/benchmarking/datasets/MIST_HER2/testB/69M2100632_19_11.jpg,/trinity/home/m.romanov/benchmarking/datasets/MIST_HER2/testA/69M2100632_19_11.jpg,0,2,0.5768251419067383,0.5775717496871948,0.5820887535810471,0.0357593171951949,0.028443555465155,0.0612776418895318,0.5739887952804565,0.5808332562446594,0.5764383673667908,0.0401463549951743,0.0360731938285291,0.0633474568694209
6M2103024,6M2103024_17_17,0,/trinity/home/m.romanov/benchmarking/datasets/MIST_HER2/testB/6M2103024_17_17.jpg,/trinity/home/m.romanov/benchmarking/datasets/MIST_HER2/testA/6M2103024_17_17.jpg,0,2,0.5824722647666931,0.5840959548950195,0.5872269421815872,0.2019326194338586,0.1528062340557423,0.0727670146988414,0.5765166282653809,0.6095530986785889,0.5852758139371872,0.2035457507925063,0.1551351089573945,0.0720329098982697
6M2103024,6M2103024_21_18,0,/trinity/home/m.romanov/benchmarking/datasets/MIST_HER2/testB/6M2103024_21_18.jpg,/trinity/home/m.romanov/benchmarking/datasets/MIST_HER2/testA/6M2103024_21_18.jpg,0,2,0.5754669308662415,0.5932690501213074,0.582925871014595,0.0106898339330775,0.0077117424428688,0.0076430309316318,0.5725114345550537,0.5912492871284485,0.5713151395320892,0.0104871326641136,0.0069144154715923,0.0068697233717401
6M2103024,6M2103024_5_8,0,/trinity/home/m.romanov/benchmarking/datasets/MIST_HER2/testB/6M2103024_5_8.jpg,/trinity/home/m.romanov/benchmarking/datasets/MIST_HER2/testA/6M2103024_5_8.jpg,0,2,0.5279761552810669,0.5324984192848206,0.5157455578446388,0.250809791793029,0.2225237673747705,0.1708611393244068,0.5263974070549011,0.5485947132110596,0.5086880698800087,0.2501531249165531,0.2164988943327849,0.1704454529828407
70M2100623,70M2100623_28_24,0,/trinity/home/m.romanov/benchmarking/datasets/MIST_HER2/testB/70M2100623_28_24.jpg,/trinity/home/m.romanov/benchmarking/datasets/MIST_HER2/testA/70M2100623_28_24.jpg,0,2,0.6244789361953735,0.6276314854621887,0.6112082004547119,-0.0096724029799575,-0.0066496881742781,-0.0093848457432469,0.6232634782791138,0.6748639941215515,0.6081929802894592,-0.009704733035142,-0.0059249764933957,-0.0104588783423069
74M2100526,74M2100526_15_6,0,/trinity/home/m.romanov/benchmarking/datasets/MIST_HER2/testB/74M2100526_15_6.jpg,/trinity/home/m.romanov/benchmarking/datasets/MIST_HER2/testA/74M2100526_15_6.jpg,0,2,0.5700795650482178,0.6170713305473328,0.5460400432348251,0.069117489368875,0.0479477430679732,0.0553627815691877,0.5599141120910645,0.6196612119674683,0.5323499888181686,0.0682190129766959,0.048197091886608,0.054407752972678
74M2100526,74M2100526_29_16,0,/trinity/home/m.romanov/benchmarking/datasets/MIST_HER2/testB/74M2100526_29_16.jpg,/trinity/home/m.romanov/benchmarking/datasets/MIST_HER2/testA/74M2100526_29_16.jpg,0,2,0.5835987329483032,0.6672595739364624,0.5768159627914429,0.0783730382248429,0.056689785840307,0.0678904981519298,0.5834308862686157,0.6479417085647583,0.5711830407381058,0.0789292708917461,0.0556684071239539,0.0680483336596737
75M2100521,75M2100521_10_13,0,/trinity/home/m.romanov/benchmarking/datasets/MIST_HER2/testB/75M2100521_10_13.jpg,/trinity/home/m.romanov/benchmarking/datasets/MIST_HER2/testA/75M2100521_10_13.jpg,0,2,0.6410283446311951,0.6515817642211914,0.6316401362419128,0.2620044808558687,0.2115365794053835,0.2534405369029908,0.6371751427650452,0.6635476350784302,0.6280501335859299,0.2644728676237778,0.2178391060486851,0.2549330041020542
75M2100521,75M2100521_13_11,0,/trinity/home/m.romanov/benchmarking/datasets/MIST_HER2/testB/75M2100521_13_11.jpg,/trinity/home/m.romanov/benchmarking/datasets/MIST_HER2/testA/75M2100521_13_11.jpg,0,2,0.6373569965362549,0.646559476852417,0.6288921684026718,0.184626598125832,0.1474548345373483,0.1778863542620355,0.6283324360847473,0.6715753078460693,0.6147248893976212,0.1857195875676634,0.1508608707054812,0.1783137968678473
75M2100521,75M2100521_15_20,0,/trinity/home/m.romanov/benchmarking/datasets/MIST_HER2/testB/75M2100521_15_20.jpg,/trinity/home/m.romanov/benchmarking/datasets/MIST_HER2/testA/75M2100521_15_20.jpg,0,2,0.6561185121536255,0.6659244298934937,0.6478763520717621,0.3331925466253151,0.2707224387859714,0.2886834384775311,0.6514873504638672,0.6888703107833862,0.6436633914709091,0.3355104608934818,0.2844346196027942,0.2886332804036011
75M2100521,75M2100521_26_14,0,/trinity/home/m.romanov/benchmarking/datasets/MIST_HER2/testB/75M2100521_26_14.jpg,/trinity/home/m.romanov/benchmarking/datasets/MIST_HER2/testA/75M2100521_26_14.jpg,0,2,0.5959914326667786,0.6295756101608276,0.5873572677373886,0.3147359873713965,0.2739432980473499,0.3002671632703422,0.5940204858779907,0.638483464717865,0.5838284939527512,0.3176437216519228,0.2771603128054741,0.3046412684419585
75M2100521,75M2100521_7_17,0,/trinity/home/m.romanov/benchmarking/datasets/MIST_HER2/testB/75M2100521_7_17.jpg,/trinity/home/m.romanov/benchmarking/datasets/MIST_HER2/testA/75M2100521_7_17.jpg,0,2,0.6087285280227661,0.638565182685852,0.6029364168643951,0.3699749814509637,0.2939894916911046,0.3457910096644445,0.6050844192504883,0.6519311666488647,0.5985855162143707,0.3707987505865119,0.3009724507069117,0.3477900048638132
76M2100485,76M2100485_20_14,0,/trinity/home/m.romanov/benchmarking/datasets/MIST_HER2/testB/76M2100485_20_14.jpg,/trinity/home/m.romanov/benchmarking/datasets/MIST_HER2/testA/76M2100485_20_14.jpg,0,2,0.5849928855895996,0.5950741767883301,0.5911050140857697,-0.0050974878289831,-0.0023676919979197,0.0175537630923599,0.575862467288971,0.589712917804718,0.5838704407215118,-0.0045306757629364,-0.002602619505564,0.0191059694925361
76M2100485,76M2100485_25_23,0,/trinity/home/m.romanov/benchmarking/datasets/MIST_HER2/testB/76M2100485_25_23.jpg,/trinity/home/m.romanov/benchmarking/datasets/MIST_HER2/testA/76M2100485_25_23.jpg,0,2,0.5840384364128113,0.5974063873291016,0.5754285007715225,0.0700189236528345,0.0554073906849772,0.0393499808479903,0.5761479139328003,0.5986518859863281,0.5643294155597687,0.0712725482251099,0.0521487010645399,0.0402567934406024
77M2100464,77M2100464_18_20,0,/trinity/home/m.romanov/benchmarking/datasets/MIST_HER2/testB/77M2100464_18_20.jpg,/trinity/home/m.romanov/benchmarking/datasets/MIST_HER2/testA/77M2100464_18_20.jpg,0,2,0.5698832273483276,0.5668572783470154,0.5709251314401627,0.0153240708330591,0.0119848896493455,0.0204479519922709,0.573314368724823,0.5731456875801086,0.567982479929924,0.01530381914642,0.012637174632835,0.0211174255124289
77M2100464,77M2100464_33_24,0,/trinity/home/m.romanov/benchmarking/datasets/MIST_HER2/testB/77M2100464_33_24.jpg,/trinity/home/m.romanov/benchmarking/datasets/MIST_HER2/testA/77M2100464_33_24.jpg,0,2,0.5913602113723755,0.5636765956878662,0.5769321322441101,-0.0297304855436727,-0.0230264883293994,-0.0291444665081233,0.5828776955604553,0.5844216346740723,0.5706492811441422,-0.029254471721422,-0.0236761739891042,-0.0292760724287206
79M2100417,79M2100417_12_22,0,/trinity/home/m.romanov/benchmarking/datasets/MIST_HER2/testB/79M2100417_12_22.jpg,/trinity/home/m.romanov/benchmarking/datasets/MIST_HER2/testA/79M2100417_12_22.jpg,0,2,0.615363597869873,0.6282541155815125,0.598478153347969,0.0372907787030838,0.0196181480670195,0.0424632355269518,0.611991286277771,0.6540075540542603,0.5956631898880005,0.0400701576167397,0.0217268897670648,0.0440058227315541
79M2100417,79M2100417_19_15,0,/trinity/home/m.romanov/benchmarking/datasets/MIST_HER2/testB/79M2100417_19_15.jpg,/trinity/home/m.romanov/benchmarking/datasets/MIST_HER2/testA/79M2100417_19_15.jpg,0,2,0.6215252876281738,0.6150820255279541,0.615826204419136,0.0590415539538534,0.0431145244736904,0.0513769032053482,0.6168420314788818,0.64323890209198,0.6129853129386902,0.0601187928082191,0.0464590597656343,0.052154731939666
79M2100417,79M2100417_20_20,0,/trinity/home/m.romanov/benchmarking/datasets/MIST_HER2/testB/79M2100417_20_20.jpg,/trinity/home/m.romanov/benchmarking/datasets/MIST_HER2/testA/79M2100417_20_20.jpg,0,2,0.5908865928649902,0.5877993106842041,0.587394505739212,-0.0360246780860064,-0.0258515686467348,-0.0356608289452469,0.593443751335144,0.6114082336425781,0.5801630765199661,-0.0369662748778815,-0.0311877112241613,-0.0365193042273451
80M2100377,80M2100377_17_5,0,/trinity/home/m.romanov/benchmarking/datasets/MIST_HER2/testB/80M2100377_17_5.jpg,/trinity/home/m.romanov/benchmarking/datasets/MIST_HER2/testA/80M2100377_17_5.jpg,0,2,0.6230579614639282,0.6525932550430298,0.6071266680955887,-0.0015129248583132,-0.0039020529908149,-0.0054668957084596,0.6130795478820801,0.6655797958374023,0.5963880270719528,-0.0014342942739551,-0.0038720548292474,-0.0053319915750529
80M2100377,80M2100377_24_31,0,/trinity/home/m.romanov/benchmarking/datasets/MIST_HER2/testB/80M2100377_24_31.jpg,/trinity/home/m.romanov/benchmarking/datasets/MIST_HER2/testA/80M2100377_24_31.jpg,0,2,0.5781571269035339,0.5844752788543701,0.5682660043239594,0.0655513000657084,0.0543395128507736,0.0642686569855325,0.569744348526001,0.6095001697540283,0.5562356412410736,0.0644923748083107,0.053148603461841,0.0637234053986836
80M2100377,80M2100377_29_28,0,/trinity/home/m.romanov/benchmarking/datasets/MIST_HER2/testB/80M2100377_29_28.jpg,/trinity/home/m.romanov/benchmarking/datasets/MIST_HER2/testA/80M2100377_29_28.jpg,0,2,0.5763914585113525,0.5898022651672363,0.5646863281726837,0.0877457032039764,0.0693540563979686,0.0605733780509102,0.5681759119033813,0.6102334260940552,0.5552050322294235,0.0870862050960735,0.0674287202274515,0.0600983301652981
81M2100356,81M2100356_29_24,0,/trinity/home/m.romanov/benchmarking/datasets/MIST_HER2/testB/81M2100356_29_24.jpg,/trinity/home/m.romanov/benchmarking/datasets/MIST_HER2/testA/81M2100356_29_24.jpg,0,2,0.6278711557388306,0.6572575569152832,0.6080186814069748,0.1564607479267041,0.134850332594235,0.1678715808391389,0.6266844272613525,0.6738938093185425,0.6023090332746506,0.1519324018760752,0.1281376063943924,0.1661019450186446
81M2100356,81M2100356_38_24,0,/trinity/home/m.romanov/benchmarking/datasets/MIST_HER2/testB/81M2100356_38_24.jpg,/trinity/home/m.romanov/benchmarking/datasets/MIST_HER2/testA/81M2100356_38_24.jpg,0,2,0.6114211082458496,0.6168597340583801,0.588729202747345,0.1521996552215775,0.1246887815010848,0.0960300407430041,0.6110292077064514,0.6347111463546753,0.5854150056838989,0.1529187880040664,0.1210477239944686,0.0985596301508884
83M2100256,83M2100256_28_18,0,/trinity/home/m.romanov/benchmarking/datasets/MIST_HER2/testB/83M2100256_28_18.jpg,/trinity/home/m.romanov/benchmarking/datasets/MIST_HER2/testA/83M2100256_28_18.jpg,0,2,0.5429608821868896,0.5438752770423889,0.5444735735654831,0.0923389217073314,0.0755076457931001,0.0649169409639768,0.5401584506034851,0.5598526000976562,0.5399471670389175,0.0924872707835036,0.0755221073838304,0.0650812883785262
83M2100256,83M2100256_30_22,0,/trinity/home/m.romanov/benchmarking/datasets/MIST_HER2/testB/83M2100256_30_22.jpg,/trinity/home/m.romanov/benchmarking/datasets/MIST_HER2/testA/83M2100256_30_22.jpg,0,2,0.5137202739715576,0.526303768157959,0.5153196305036545,0.0552175586774203,0.0415063933493073,0.0434669281003531,0.5138269662857056,0.5461760759353638,0.5117859393358231,0.0551956911399503,0.0427616795412822,0.0429029063519254
88M2100218,88M2100218_14_26,0,/trinity/home/m.romanov/benchmarking/datasets/MIST_HER2/testB/88M2100218_14_26.jpg,/trinity/home/m.romanov/benchmarking/datasets/MIST_HER2/testA/88M2100218_14_26.jpg,0,2,0.6267299652099609,0.6403985023498535,0.6097782552242279,0.1630772165621435,0.1124479799966621,0.1559974121503538,0.6234918236732483,0.6642190217971802,0.606329008936882,0.1655782667999908,0.1129107807023818,0.1578206287074654
88M2100218,88M2100218_24_8,0,/trinity/home/m.romanov/benchmarking/datasets/MIST_HER2/testB/88M2100218_24_8.jpg,/trinity/home/m.romanov/benchmarking/datasets/MIST_HER2/testA/88M2100218_24_8.jpg,0,2,0.6311715245246887,0.6552560329437256,0.6107300817966461,0.1051227064641245,0.0740122234341844,0.0672058966955276,0.6264929175376892,0.6890853643417358,0.6057929396629333,0.1055510941308751,0.0790376969935388,0.067022129046323
88M2100218,88M2100218_25_23,0,/trinity/home/m.romanov/benchmarking/datasets/MIST_HER2/testB/88M2100218_25_23.jpg,/trinity/home/m.romanov/benchmarking/datasets/MIST_HER2/testA/88M2100218_25_23.jpg,0,2,0.6257445216178894,0.6555325984954834,0.6153270155191422,0.1122883520397264,0.0699374374150633,0.1117916773956664,0.6225268840789795,0.6698461771011353,0.6097701191902161,0.1129176677304944,0.0773371301528264,0.1141798745124265
91M2100173,91M2100173_21_20,0,/trinity/home/m.romanov/benchmarking/datasets/MIST_HER2/testB/91M2100173_21_20.jpg,/trinity/home/m.romanov/benchmarking/datasets/MIST_HER2/testA/91M2100173_21_20.jpg,0,2,0.6710580587387085,0.6582479476928711,0.6581170558929443,-0.0008003025111175,-0.0005893254801344,-0.0139123857398777,0.6602475643157959,0.7016429901123047,0.6542336642742157,-0.0015704504284681,-0.0015972332428831,-0.0145680044611777
91M2100173,91M2100173_5_12,0,/trinity/home/m.romanov/benchmarking/datasets/MIST_HER2/testB/91M2100173_5_12.jpg,/trinity/home/m.romanov/benchmarking/datasets/MIST_HER2/testA/91M2100173_5_12.jpg,0,2,0.5863244533538818,0.5713974833488464,0.571085125207901,0.0108940560576073,0.0082571976402498,0.0113959376104565,0.5832870006561279,0.5966333746910095,0.5692082941532135,0.0109936390350996,0.0083123887999785,0.0118904050904298
91M2100173,91M2100173_6_9,0,/trinity/home/m.romanov/benchmarking/datasets/MIST_HER2/testB/91M2100173_6_9.jpg,/trinity/home/m.romanov/benchmarking/datasets/MIST_HER2/testA/91M2100173_6_9.jpg,0,2,0.587762713432312,0.5555136203765869,0.5718139410018921,-0.0111210695951255,-0.0091175859201773,-0.0112204505930305,0.5806220173835754,0.6006745100021362,0.5627665221691132,-0.0100761254055515,-0.0061938817077641,-0.0105263433313082
92M2100150,92M2100150_1_28,0,/trinity/home/m.romanov/benchmarking/datasets/MIST_HER2/testB/92M2100150_1_28.jpg,/trinity/home/m.romanov/benchmarking/datasets/MIST_HER2/testA/92M2100150_1_28.jpg,0,2,0.651804506778717,0.678469181060791,0.6336279660463333,0.3018366585699408,0.2458667119662399,0.1167064570994983,0.6407430171966553,0.6830633282661438,0.6204829812049866,0.3050446523939223,0.2492027424123215,0.1178299901323004
94M2100142,94M2100142_20_20,0,/trinity/home/m.romanov/benchmarking/datasets/MIST_HER2/testB/94M2100142_20_20.jpg,/trinity/home/m.romanov/benchmarking/datasets/MIST_HER2/testA/94M2100142_20_20.jpg,0,2,0.6399319767951965,0.6324697732925415,0.6239136755466461,0.075464685543768,0.0605519320864029,0.0262685380957351,0.632063090801239,0.6498463153839111,0.6164624243974686,0.0776931850531007,0.0613779936461388,0.0262685633582454
94M2100142,94M2100142_8_10,0,/trinity/home/m.romanov/benchmarking/datasets/MIST_HER2/testB/94M2100142_8_10.jpg,/trinity/home/m.romanov/benchmarking/datasets/MIST_HER2/testA/94M2100142_8_10.jpg,0,2,0.6794431805610657,0.6585559248924255,0.6694260090589523,0.1811386551185803,0.1557452971890422,0.0229979607263473,0.6729589104652405,0.7091887593269348,0.6627432554960251,0.181923695988449,0.1552038480795365,0.0225117777781254
97M2100034,97M2100034_18_10,0,/trinity/home/m.romanov/benchmarking/datasets/MIST_HER2/testB/97M2100034_18_10.jpg,/trinity/home/m.romanov/benchmarking/datasets/MIST_HER2/testA/97M2100034_18_10.jpg,0,2,0.5091809034347534,0.5745542049407959,0.5028666481375694,0.0129891011895225,0.0105879892055885,0.0053346677713066,0.5035423636436462,0.561181902885437,0.4995113089680671,0.0123986311115259,0.0102829900847578,0.0045656096683338
97M2100034,97M2100034_23_11,0,/trinity/home/m.romanov/benchmarking/datasets/MIST_HER2/testB/97M2100034_23_11.jpg,/trinity/home/m.romanov/benchmarking/datasets/MIST_HER2/testA/97M2100034_23_11.jpg,0,2,0.4936687052249908,0.5163610577583313,0.4817104190587997,0.0135221531491161,0.0112708476757146,0.0062519473088017,0.4946376085281372,0.5093205571174622,0.4805754944682121,0.0135530564126736,0.0129594395593424,0.0061814979674878
97M2100034,97M2100034_26_16,0,/trinity/home/m.romanov/benchmarking/datasets/MIST_HER2/testB/97M2100034_26_16.jpg,/trinity/home/m.romanov/benchmarking/datasets/MIST_HER2/testA/97M2100034_26_16.jpg,0,2,0.4945997297763824,0.5095654129981995,0.4826431348919868,0.0255348948677344,0.0235857964976277,0.0108583352090456,0.4956545829772949,0.5121519565582275,0.4816992580890655,0.0260268548559374,0.0233501958759506,0.0110549879026802
98M2004096,98M2004096_11_12,0,/trinity/home/m.romanov/benchmarking/datasets/MIST_HER2/testB/98M2004096_11_12.jpg,/trinity/home/m.romanov/benchmarking/datasets/MIST_HER2/testA/98M2004096_11_12.jpg,0,2,0.6362167596817017,0.6720893979072571,0.6267464458942413,0.1326411508937869,0.1001686291514674,0.1287293779683566,0.6275416016578674,0.6842364072799683,0.6186866760253906,0.133870784505022,0.1010015750542402,0.129946437703851
98M2004096,98M2004096_20_11,0,/trinity/home/m.romanov/benchmarking/datasets/MIST_HER2/testB/98M2004096_20_11.jpg,/trinity/home/m.romanov/benchmarking/datasets/MIST_HER2/testA/98M2004096_20_11.jpg,0,2,0.5760806798934937,0.5851364135742188,0.5645293742418289,0.0520521525345899,0.0407127679231337,0.043200644477605,0.5653350949287415,0.6049473285675049,0.5553394854068756,0.0523271582387761,0.0410115811935245,0.0434238866036367
98M2004096,98M2004096_25_16,0,/trinity/home/m.romanov/benchmarking/datasets/MIST_HER2/testB/98M2004096_25_16.jpg,/trinity/home/m.romanov/benchmarking/datasets/MIST_HER2/testA/98M2004096_25_16.jpg,0,2,0.6014679074287415,0.6260971426963806,0.5951212048530579,0.3164112419080425,0.281713217938631,0.1608780676743581,0.5985797643661499,0.6435033082962036,0.5882700383663177,0.3220140700877002,0.2846259804973416,0.1631494081019445
98M2004096,98M2004096_34_7,0,/trinity/home/m.romanov/benchmarking/datasets/MIST_HER2/testB/98M2004096_34_7.jpg,/trinity/home/m.romanov/benchmarking/datasets/MIST_HER2/testA/98M2004096_34_7.jpg,0,2,0.6470018029212952,0.6415442228317261,0.6382590085268021,0.0737666172423066,0.0740960872493622,0.1106250127593139,0.6359914541244507,0.6628297567367554,0.6281754523515701,0.0748987372827044,0.0752737122404215,0.1123498657161368
98M2004096,98M2004096_8_11,0,/trinity/home/m.romanov/benchmarking/datasets/MIST_HER2/testB/98M2004096_8_11.jpg,/trinity/home/m.romanov/benchmarking/datasets/MIST_HER2/testA/98M2004096_8_11.jpg,0,2,0.6439048647880554,0.6612085103988647,0.6343113034963608,0.0206959161632439,0.0145299684989151,0.0134508790254611,0.63585364818573,0.6829471588134766,0.6253516376018524,0.0204194426890809,0.0135814313845576,0.0135363866855944
99M2004082,99M2004082_11_20,0,/trinity/home/m.romanov/benchmarking/datasets/MIST_HER2/testB/99M2004082_11_20.jpg,/trinity/home/m.romanov/benchmarking/datasets/MIST_HER2/testA/99M2004082_11_20.jpg,0,2,0.7327224016189575,0.7374322414398193,0.7183146327733994,-0.0482438780431863,-0.0476283810766993,-0.0403654243304508,0.7336518168449402,0.7557356953620911,0.7156247645616531,-0.0477595474786185,-0.0458912020480175,-0.0410229695218919
99M2004082,99M2004082_21_12,0,/trinity/home/m.romanov/benchmarking/datasets/MIST_HER2/testB/99M2004082_21_12.jpg,/trinity/home/m.romanov/benchmarking/datasets/MIST_HER2/testA/99M2004082_21_12.jpg,0,2,0.6032906770706177,0.614437460899353,0.5932417660951614,0.0230747354348342,0.0134008468337982,0.0258249934918185,0.6009689569473267,0.629433274269104,0.5877044349908829,0.023957887786914,0.0191566269997377,0.0269431433979993
99M2004082,99M2004082_24_14,0,/trinity/home/m.romanov/benchmarking/datasets/MIST_HER2/testB/99M2004082_24_14.jpg,/trinity/home/m.romanov/benchmarking/datasets/MIST_HER2/testA/99M2004082_24_14.jpg,0,2,0.6827535629272461,0.674555778503418,0.6902290284633636,-0.0589325701704317,-0.0601169667763393,-0.0088373057454985,0.674848198890686,0.7041164040565491,0.6834387183189392,-0.0599432564597376,-0.0603540593782037,-0.0108235136907997
99M2004082,99M2004082_27_17,0,/trinity/home/m.romanov/benchmarking/datasets/MIST_HER2/testB/99M2004082_27_17.jpg,/trinity/home/m.romanov/benchmarking/datasets/MIST_HER2/testA/99M2004082_27_17.jpg,0,2,0.6032230854034424,0.5943647027015686,0.5945161730051041,0.0271271589331729,0.0231979151765491,-0.0070547792925535,0.5942843556404114,0.6079128980636597,0.5866803973913193,0.0282453277081831,0.0225622608361347,-0.006254067147743
